sale_id,sale_date,product_name,city_name,price,total_amount,Product_Total_Sales
50,2023-01-06,"Caramel Syrup (250ml)",Bangalore,300,4800,4800
60,2023-01-07,"Caramel Syrup (250ml)",Kanpur,300,4200,9000
92,2023-01-11,"Caramel Syrup (250ml)",Bangalore,300,4500,13500
174,2023-01-19,"Caramel Syrup (250ml)",Chennai,300,2100,15600
207,2023-01-23,"Caramel Syrup (250ml)",Pune,300,3300,18900
249,2023-01-26,"Caramel Syrup (250ml)",Jaipur,300,2100,21000
273,2023-01-28,"Caramel Syrup (250ml)",Pune,300,2100,28500
274,2023-01-28,"Caramel Syrup (250ml)",Pune,300,5400,28500
279,2023-01-29,"Caramel Syrup (250ml)",Kolkata,300,5700,34200
326,2023-02-01,"Caramel Syrup (250ml)",Surat,300,4800,39000
355,2023-02-03,"Caramel Syrup (250ml)",Pune,300,3600,42600
391,2023-02-08,"Caramel Syrup (250ml)",Mumbai,300,3300,47400
390,2023-02-08,"Caramel Syrup (250ml)",Pune,300,1500,47400
428,2023-02-11,"Caramel Syrup (250ml)",Chennai,300,3000,50400
447,2023-02-13,"Caramel Syrup (250ml)",Chennai,300,4200,54600
489,2023-02-16,"Caramel Syrup (250ml)",Chennai,300,3900,58500
504,2023-02-18,"Caramel Syrup (250ml)",Delhi,300,2100,60600
511,2023-02-19,"Caramel Syrup (250ml)",Chennai,300,4200,64800
544,2023-02-22,"Caramel Syrup (250ml)",Indore,300,4200,69000
574,2023-02-24,"Caramel Syrup (250ml)",Chennai,300,4800,73800
611,2023-02-27,"Caramel Syrup (250ml)",Chennai,300,3600,85200
610,2023-02-27,"Caramel Syrup (250ml)",Jaipur,300,5100,85200
609,2023-02-27,"Caramel Syrup (250ml)",Bangalore,300,2700,85200
650,2023-03-02,"Caramel Syrup (250ml)",Delhi,300,3900,89100
678,2023-03-04,"Caramel Syrup (250ml)",Chennai,300,4200,93300
717,2023-03-07,"Caramel Syrup (250ml)",Delhi,300,5700,99000
751,2023-03-10,"Caramel Syrup (250ml)",Pune,300,5700,104700
779,2023-03-12,"Caramel Syrup (250ml)",Pune,300,5400,110100
788,2023-03-13,"Caramel Syrup (250ml)",Bangalore,300,3300,113400
836,2023-03-17,"Caramel Syrup (250ml)",Chennai,300,3600,120900
835,2023-03-17,"Caramel Syrup (250ml)",Pune,300,3900,120900
880,2023-03-22,"Caramel Syrup (250ml)",Pune,300,4800,125700
939,2023-03-29,"Caramel Syrup (250ml)",Pune,300,4200,129900
954,2023-03-30,"Caramel Syrup (250ml)",Delhi,300,3000,132900
1015,2023-04-03,"Caramel Syrup (250ml)",Nagpur,300,1800,138000
1016,2023-04-03,"Caramel Syrup (250ml)",Delhi,300,3300,138000
1030,2023-04-05,"Caramel Syrup (250ml)",Chennai,300,5100,143100
1080,2023-04-09,"Caramel Syrup (250ml)",Chennai,300,2400,145500
1115,2023-04-12,"Caramel Syrup (250ml)",Pune,300,4200,149700
1120,2023-04-13,"Caramel Syrup (250ml)",Nagpur,300,4800,154500
1134,2023-04-14,"Caramel Syrup (250ml)",Chennai,300,5700,160200
1147,2023-04-15,"Caramel Syrup (250ml)",Jaipur,300,5400,165600
1195,2023-04-21,"Caramel Syrup (250ml)",Jaipur,300,4500,175200
1196,2023-04-21,"Caramel Syrup (250ml)",Chennai,300,5100,175200
1235,2023-04-24,"Caramel Syrup (250ml)",Delhi,300,5100,184800
1236,2023-04-24,"Caramel Syrup (250ml)",Chennai,300,4500,184800
1269,2023-04-27,"Caramel Syrup (250ml)",Jaipur,300,2400,187200
1317,2023-05-01,"Caramel Syrup (250ml)",Chennai,300,2400,189600
1337,2023-05-02,"Caramel Syrup (250ml)",Delhi,300,1500,195600
1338,2023-05-02,"Caramel Syrup (250ml)",Jaipur,300,4500,195600
1360,2023-05-04,"Caramel Syrup (250ml)",Kanpur,300,5100,205200
1359,2023-05-04,"Caramel Syrup (250ml)",Jaipur,300,4500,205200
1381,2023-05-06,"Caramel Syrup (250ml)",Bangalore,300,2700,207900
1394,2023-05-07,"Caramel Syrup (250ml)",Pune,300,5400,213300
1417,2023-05-09,"Caramel Syrup (250ml)",Chennai,300,2100,215400
1433,2023-05-10,"Caramel Syrup (250ml)",Pune,300,5700,221100
1461,2023-05-13,"Caramel Syrup (250ml)",Chennai,300,5700,226800
1472,2023-05-14,"Caramel Syrup (250ml)",Bangalore,300,5100,231900
1485,2023-05-15,"Caramel Syrup (250ml)",Chennai,300,3900,235800
1520,2023-05-18,"Caramel Syrup (250ml)",Pune,300,3900,243900
1519,2023-05-18,"Caramel Syrup (250ml)",Bangalore,300,4200,243900
1530,2023-05-19,"Caramel Syrup (250ml)",Hyderabad,300,5400,249300
1572,2023-05-23,"Caramel Syrup (250ml)",Delhi,300,4800,254100
1600,2023-05-26,"Caramel Syrup (250ml)",Chennai,300,5100,259200
1620,2023-05-28,"Caramel Syrup (250ml)",Bangalore,300,3900,263100
1659,2023-06-01,"Caramel Syrup (250ml)",Jaipur,300,5700,268800
1673,2023-06-02,"Caramel Syrup (250ml)",Jaipur,300,3600,276300
1672,2023-06-02,"Caramel Syrup (250ml)",Chennai,300,3900,276300
1701,2023-06-04,"Caramel Syrup (250ml)",Surat,300,2400,283500
1700,2023-06-04,"Caramel Syrup (250ml)",Delhi,300,4800,283500
1716,2023-06-05,"Caramel Syrup (250ml)",Surat,300,5700,289200
1727,2023-06-06,"Caramel Syrup (250ml)",Chennai,300,3000,294600
1726,2023-06-06,"Caramel Syrup (250ml)",Bangalore,300,2400,294600
1745,2023-06-07,"Caramel Syrup (250ml)",Jaipur,300,2400,297000
1765,2023-06-09,"Caramel Syrup (250ml)",Jaipur,300,5100,302100
1771,2023-06-10,"Caramel Syrup (250ml)",Jaipur,300,3600,315900
1772,2023-06-10,"Caramel Syrup (250ml)",Chennai,300,5400,315900
1770,2023-06-10,"Caramel Syrup (250ml)",Pune,300,4800,315900
1808,2023-06-14,"Caramel Syrup (250ml)",Hyderabad,300,4800,320700
1835,2023-06-16,"Caramel Syrup (250ml)",Chennai,300,3600,324300
1842,2023-06-17,"Caramel Syrup (250ml)",Pune,300,1500,325800
1855,2023-06-19,"Caramel Syrup (250ml)",Chennai,300,3600,329400
1859,2023-06-20,"Caramel Syrup (250ml)",Chennai,300,6000,338700
1860,2023-06-20,"Caramel Syrup (250ml)",Chennai,300,3300,338700
1920,2023-06-28,"Caramel Syrup (250ml)",Surat,300,1500,340200
2034,2023-07-08,"Caramel Syrup (250ml)",Ahmedabad,300,1500,341700
2045,2023-07-09,"Caramel Syrup (250ml)",Jaipur,300,3300,345000
2051,2023-07-10,"Caramel Syrup (250ml)",Delhi,300,2700,347700
2111,2023-07-16,"Caramel Syrup (250ml)",Jaipur,300,2100,349800
2138,2023-07-18,"Caramel Syrup (250ml)",Jaipur,300,1800,351600
2159,2023-07-20,"Caramel Syrup (250ml)",Chennai,300,5700,357300
2175,2023-07-21,"Caramel Syrup (250ml)",Pune,300,3600,362400
2174,2023-07-21,"Caramel Syrup (250ml)",Delhi,300,1500,362400
2237,2023-07-26,"Caramel Syrup (250ml)",Delhi,300,1800,368700
2236,2023-07-26,"Caramel Syrup (250ml)",Pune,300,4500,368700
2280,2023-07-30,"Caramel Syrup (250ml)",Pune,300,1800,370500
13,2023-01-02,"Coffee Art Print",Chennai,400,6400,6400
36,2023-01-04,"Coffee Art Print",Chennai,400,3600,10000
68,2023-01-08,"Coffee Art Print",Delhi,400,2000,12000
75,2023-01-09,"Coffee Art Print",Jaipur,400,6400,18400
85,2023-01-10,"Coffee Art Print",Mumbai,400,2400,20800
96,2023-01-11,"Coffee Art Print",Pune,400,3200,30400
95,2023-01-11,"Coffee Art Print",Chennai,400,6400,30400
111,2023-01-13,"Coffee Art Print",Pune,400,3600,36400
110,2023-01-13,"Coffee Art Print",Pune,400,2400,36400
120,2023-01-14,"Coffee Art Print",Chennai,400,2800,39200
143,2023-01-16,"Coffee Art Print",Pune,400,5600,44800
192,2023-01-21,"Coffee Art Print",Pune,400,6400,51200
271,2023-01-27,"Coffee Art Print",Delhi,400,4000,62800
270,2023-01-27,"Coffee Art Print",Pune,400,7600,62800
315,2023-01-31,"Coffee Art Print",Pune,400,2000,64800
358,2023-02-03,"Coffee Art Print",Delhi,400,2000,70400
357,2023-02-03,"Coffee Art Print",Pune,400,3600,70400
432,2023-02-11,"Coffee Art Print",Pune,400,3200,73600
506,2023-02-18,"Coffee Art Print",Pune,400,6400,80000
512,2023-02-19,"Coffee Art Print",Lucknow,400,3600,83600
524,2023-02-20,"Coffee Art Print",Delhi,400,5600,96000
525,2023-02-20,"Coffee Art Print",Bangalore,400,6800,96000
551,2023-02-22,"Coffee Art Print",Bangalore,400,2000,98000
565,2023-02-23,"Coffee Art Print",Ahmedabad,400,4800,110400
566,2023-02-23,"Coffee Art Print",Pune,400,7600,110400
587,2023-02-25,"Coffee Art Print",Chennai,400,3600,114000
655,2023-03-02,"Coffee Art Print",Bangalore,400,3600,120000
656,2023-03-02,"Coffee Art Print",Hyderabad,400,2400,120000
671,2023-03-03,"Coffee Art Print",Pune,400,5200,140000
670,2023-03-03,"Coffee Art Print",Pune,400,6800,140000
669,2023-03-03,"Coffee Art Print",Lucknow,400,8000,140000
745,2023-03-09,"Coffee Art Print",Chennai,400,6000,149600
746,2023-03-09,"Coffee Art Print",Surat,400,3600,149600
756,2023-03-10,"Coffee Art Print",Bangalore,400,3600,160800
755,2023-03-10,"Coffee Art Print",Kolkata,400,7600,160800
795,2023-03-13,"Coffee Art Print",Jaipur,400,7600,176400
794,2023-03-13,"Coffee Art Print",Pune,400,8000,176400
873,2023-03-21,"Coffee Art Print",Kanpur,400,6000,182400
944,2023-03-29,"Coffee Art Print",Pune,400,5200,187600
977,2023-03-31,"Coffee Art Print",Nagpur,400,7600,197200
976,2023-03-31,"Coffee Art Print",Ahmedabad,400,2000,197200
1046,2023-04-06,"Coffee Art Print",Pune,400,7600,216400
1045,2023-04-06,"Coffee Art Print",Delhi,400,5200,216400
1047,2023-04-06,"Coffee Art Print",Pune,400,6400,216400
1069,2023-04-08,"Coffee Art Print",Pune,400,6000,222400
1100,2023-04-10,"Coffee Art Print",Pune,400,7200,229600
1156,2023-04-16,"Coffee Art Print",Bangalore,400,4800,234400
1214,2023-04-22,"Coffee Art Print",Bangalore,400,4400,238800
1229,2023-04-23,"Coffee Art Print",Kolkata,400,4800,251600
1228,2023-04-23,"Coffee Art Print",Pune,400,8000,251600
1250,2023-04-25,"Coffee Art Print",Mumbai,400,7600,259200
1261,2023-04-26,"Coffee Art Print",Kanpur,400,2800,262000
1291,2023-04-28,"Coffee Art Print",Chennai,400,4400,272400
1290,2023-04-28,"Coffee Art Print",Pune,400,6000,272400
1352,2023-05-03,"Coffee Art Print",Jaipur,400,4400,294400
1351,2023-05-03,"Coffee Art Print",Jaipur,400,5200,294400
1349,2023-05-03,"Coffee Art Print",Pune,400,4800,294400
1350,2023-05-03,"Coffee Art Print",Chennai,400,7600,294400
1406,2023-05-08,"Coffee Art Print",Jaipur,400,3200,297600
1465,2023-05-13,"Coffee Art Print",Pune,400,4400,302000
1478,2023-05-14,"Coffee Art Print",Chennai,400,6400,308400
1488,2023-05-15,"Coffee Art Print",Bangalore,400,5200,313600
1497,2023-05-16,"Coffee Art Print",Chennai,400,3600,320000
1498,2023-05-16,"Coffee Art Print",Jaipur,400,2800,320000
1588,2023-05-24,"Coffee Art Print",Jaipur,400,6000,326000
1634,2023-05-29,"Coffee Art Print",Pune,400,2400,328400
1643,2023-05-30,"Coffee Art Print",Jaipur,400,8000,336400
1663,2023-06-01,"Coffee Art Print",Mumbai,400,2000,338400
1680,2023-06-02,"Coffee Art Print",Bangalore,400,6000,344400
1718,2023-06-05,"Coffee Art Print",Bangalore,400,7600,352000
1736,2023-06-06,"Coffee Art Print",Jaipur,400,7200,359200
1776,2023-06-10,"Coffee Art Print",Jaipur,400,6400,365600
1857,2023-06-19,"Coffee Art Print",Delhi,400,4000,369600
1863,2023-06-20,"Coffee Art Print",Delhi,400,4800,374400
1871,2023-06-21,"Coffee Art Print",Bangalore,400,4800,379200
1881,2023-06-22,"Coffee Art Print",Delhi,400,7200,386400
1891,2023-06-23,"Coffee Art Print",Bangalore,400,2000,388400
1923,2023-06-28,"Coffee Art Print",Pune,400,5600,394000
1984,2023-07-03,"Coffee Art Print",Indore,400,7200,403600
1985,2023-07-03,"Coffee Art Print",Pune,400,2400,403600
2015,2023-07-06,"Coffee Art Print",Bangalore,400,2400,406000
2023,2023-07-07,"Coffee Art Print",Delhi,400,3600,409600
2037,2023-07-08,"Coffee Art Print",Pune,400,7200,416800
2087,2023-07-13,"Coffee Art Print",Pune,400,3200,422800
2088,2023-07-13,"Coffee Art Print",Chennai,400,2800,422800
2129,2023-07-17,"Coffee Art Print",Bangalore,400,2000,424800
2150,2023-07-19,"Coffee Art Print",Pune,400,4000,428800
2207,2023-07-23,"Coffee Art Print",Bangalore,400,7600,436400
2218,2023-07-24,"Coffee Art Print",Bangalore,400,6000,442400
2230,2023-07-25,"Coffee Art Print",Bangalore,400,5600,448000
2304,2023-08-01,"Coffee Art Print",Chennai,400,7600,455600
2791,2023-09-07,"Coffee Art Print",Bangalore,400,2000,467200
2792,2023-09-07,"Coffee Art Print",Bangalore,400,2000,467200
2793,2023-09-07,"Coffee Art Print",Bangalore,400,7600,467200
2834,2023-09-08,"Coffee Art Print",Bangalore,400,6800,509600
2835,2023-09-08,"Coffee Art Print",Bangalore,400,3200,509600
2831,2023-09-08,"Coffee Art Print",Chennai,400,5600,509600
2833,2023-09-08,"Coffee Art Print",Kolkata,400,7200,509600
2836,2023-09-08,"Coffee Art Print",Jaipur,400,3600,509600
2838,2023-09-08,"Coffee Art Print",Delhi,400,8000,509600
2837,2023-09-08,"Coffee Art Print",Jaipur,400,2400,509600
2832,2023-09-08,"Coffee Art Print",Lucknow,400,5600,509600
2858,2023-09-09,"Coffee Art Print",Pune,400,6800,584000
2865,2023-09-09,"Coffee Art Print",Jaipur,400,7600,584000
2863,2023-09-09,"Coffee Art Print",Delhi,400,6000,584000
2867,2023-09-09,"Coffee Art Print",Mumbai,400,5200,584000
2860,2023-09-09,"Coffee Art Print",Hyderabad,400,3200,584000
2857,2023-09-09,"Coffee Art Print",Pune,400,2800,584000
2870,2023-09-09,"Coffee Art Print",Chennai,400,8000,584000
2866,2023-09-09,"Coffee Art Print",Bangalore,400,6800,584000
2868,2023-09-09,"Coffee Art Print",Bangalore,400,2800,584000
2859,2023-09-09,"Coffee Art Print",Bangalore,400,2400,584000
2864,2023-09-09,"Coffee Art Print",Jaipur,400,8000,584000
2869,2023-09-09,"Coffee Art Print",Surat,400,4800,584000
2861,2023-09-09,"Coffee Art Print",Mumbai,400,2800,584000
2862,2023-09-09,"Coffee Art Print",Delhi,400,7200,584000
2910,2023-09-10,"Coffee Art Print",Chennai,400,6000,656800
2903,2023-09-10,"Coffee Art Print",Chennai,400,6000,656800
2907,2023-09-10,"Coffee Art Print",Chennai,400,4400,656800
2905,2023-09-10,"Coffee Art Print",Chennai,400,3600,656800
2911,2023-09-10,"Coffee Art Print",Surat,400,7600,656800
2901,2023-09-10,"Coffee Art Print",Mumbai,400,5600,656800
2899,2023-09-10,"Coffee Art Print",Delhi,400,3600,656800
2902,2023-09-10,"Coffee Art Print",Jaipur,400,2400,656800
2913,2023-09-10,"Coffee Art Print",Pune,400,7200,656800
2904,2023-09-10,"Coffee Art Print",Ahmedabad,400,2400,656800
2908,2023-09-10,"Coffee Art Print",Pune,400,2400,656800
2906,2023-09-10,"Coffee Art Print",Jaipur,400,5600,656800
2909,2023-09-10,"Coffee Art Print",Pune,400,6000,656800
2912,2023-09-10,"Coffee Art Print",Chennai,400,6000,656800
2900,2023-09-10,"Coffee Art Print",Bangalore,400,4000,656800
2942,2023-09-11,"Coffee Art Print",Bangalore,400,6400,693200
2943,2023-09-11,"Coffee Art Print",Pune,400,5600,693200
2945,2023-09-11,"Coffee Art Print",Chennai,400,4000,693200
2940,2023-09-11,"Coffee Art Print",Chennai,400,5600,693200
2944,2023-09-11,"Coffee Art Print",Jaipur,400,6800,693200
2941,2023-09-11,"Coffee Art Print",Delhi,400,8000,693200
2970,2023-09-12,"Coffee Art Print",Jaipur,400,4000,734400
2965,2023-09-12,"Coffee Art Print",Chennai,400,2000,734400
2967,2023-09-12,"Coffee Art Print",Bangalore,400,6000,734400
2964,2023-09-12,"Coffee Art Print",Pune,400,4800,734400
2966,2023-09-12,"Coffee Art Print",Pune,400,2400,734400
2969,2023-09-12,"Coffee Art Print",Delhi,400,7600,734400
2968,2023-09-12,"Coffee Art Print",Pune,400,8000,734400
2963,2023-09-12,"Coffee Art Print",Surat,400,6400,734400
2992,2023-09-13,"Coffee Art Print",Pune,400,3200,779600
2987,2023-09-13,"Coffee Art Print",Jaipur,400,5600,779600
2989,2023-09-13,"Coffee Art Print",Ahmedabad,400,6800,779600
2986,2023-09-13,"Coffee Art Print",Jaipur,400,5600,779600
2985,2023-09-13,"Coffee Art Print",Delhi,400,4800,779600
2991,2023-09-13,"Coffee Art Print",Bangalore,400,7200,779600
2990,2023-09-13,"Coffee Art Print",Pune,400,4000,779600
2988,2023-09-13,"Coffee Art Print",Delhi,400,8000,779600
3014,2023-09-14,"Coffee Art Print",Delhi,400,2000,820800
3015,2023-09-14,"Coffee Art Print",Bangalore,400,5600,820800
3012,2023-09-14,"Coffee Art Print",Bangalore,400,7200,820800
3010,2023-09-14,"Coffee Art Print",Bangalore,400,5200,820800
3011,2023-09-14,"Coffee Art Print",Jaipur,400,7200,820800
3016,2023-09-14,"Coffee Art Print",Jaipur,400,7200,820800
3013,2023-09-14,"Coffee Art Print",Pune,400,3200,820800
3009,2023-09-14,"Coffee Art Print",Delhi,400,3600,820800
3039,2023-09-15,"Coffee Art Print",Chennai,400,6800,859600
3043,2023-09-15,"Coffee Art Print",Chennai,400,8000,859600
3041,2023-09-15,"Coffee Art Print",Indore,400,4800,859600
3042,2023-09-15,"Coffee Art Print",Kanpur,400,8000,859600
3040,2023-09-15,"Coffee Art Print",Chennai,400,7600,859600
3038,2023-09-15,"Coffee Art Print",Bangalore,400,3600,859600
3074,2023-09-16,"Coffee Art Print",Indore,400,6400,910400
3076,2023-09-16,"Coffee Art Print",Delhi,400,5600,910400
3077,2023-09-16,"Coffee Art Print",Mumbai,400,5200,910400
3073,2023-09-16,"Coffee Art Print",Pune,400,3200,910400
3072,2023-09-16,"Coffee Art Print",Pune,400,2800,910400
3071,2023-09-16,"Coffee Art Print",Jaipur,400,2000,910400
3070,2023-09-16,"Coffee Art Print",Kanpur,400,3200,910400
3075,2023-09-16,"Coffee Art Print",Chennai,400,8000,910400
3078,2023-09-16,"Coffee Art Print",Chennai,400,6400,910400
3079,2023-09-16,"Coffee Art Print",Chennai,400,8000,910400
3095,2023-09-17,"Coffee Art Print",Chennai,400,2800,928400
3096,2023-09-17,"Coffee Art Print",Chennai,400,2800,928400
3100,2023-09-17,"Coffee Art Print",Indore,400,2400,928400
3097,2023-09-17,"Coffee Art Print",Mumbai,400,3600,928400
3098,2023-09-17,"Coffee Art Print",Chennai,400,4000,928400
3099,2023-09-17,"Coffee Art Print",Pune,400,2400,928400
3135,2023-09-18,"Coffee Art Print",Jaipur,400,2400,988000
3136,2023-09-18,"Coffee Art Print",Pune,400,5600,988000
3134,2023-09-18,"Coffee Art Print",Pune,400,3200,988000
3133,2023-09-18,"Coffee Art Print",Chennai,400,6400,988000
3131,2023-09-18,"Coffee Art Print",Pune,400,8000,988000
3128,2023-09-18,"Coffee Art Print",Pune,400,6800,988000
3132,2023-09-18,"Coffee Art Print",Bangalore,400,7600,988000
3127,2023-09-18,"Coffee Art Print",Jaipur,400,3200,988000
3126,2023-09-18,"Coffee Art Print",Mumbai,400,8000,988000
3130,2023-09-18,"Coffee Art Print",Lucknow,400,2000,988000
3129,2023-09-18,"Coffee Art Print",Nagpur,400,6400,988000
3170,2023-09-19,"Coffee Art Print",Delhi,400,3200,1037600
3169,2023-09-19,"Coffee Art Print",Chennai,400,5200,1037600
3167,2023-09-19,"Coffee Art Print",Pune,400,4400,1037600
3171,2023-09-19,"Coffee Art Print",Surat,400,6400,1037600
3173,2023-09-19,"Coffee Art Print",Pune,400,2000,1037600
3176,2023-09-19,"Coffee Art Print",Mumbai,400,2800,1037600
3174,2023-09-19,"Coffee Art Print",Bangalore,400,7600,1037600
3175,2023-09-19,"Coffee Art Print",Bangalore,400,2800,1037600
3168,2023-09-19,"Coffee Art Print",Bangalore,400,6400,1037600
3177,2023-09-19,"Coffee Art Print",Bangalore,400,2000,1037600
3172,2023-09-19,"Coffee Art Print",Bangalore,400,6800,1037600
3209,2023-09-20,"Coffee Art Print",Bangalore,400,6000,1063200
3207,2023-09-20,"Coffee Art Print",Bangalore,400,6800,1063200
3206,2023-09-20,"Coffee Art Print",Chennai,400,3200,1063200
3205,2023-09-20,"Coffee Art Print",Hyderabad,400,4400,1063200
3208,2023-09-20,"Coffee Art Print",Delhi,400,5200,1063200
3241,2023-09-21,"Coffee Art Print",Pune,400,6400,1123200
3236,2023-09-21,"Coffee Art Print",Surat,400,4000,1123200
3235,2023-09-21,"Coffee Art Print",Chennai,400,8000,1123200
3243,2023-09-21,"Coffee Art Print",Chennai,400,6400,1123200
3238,2023-09-21,"Coffee Art Print",Chennai,400,8000,1123200
3240,2023-09-21,"Coffee Art Print",Bangalore,400,3200,1123200
3234,2023-09-21,"Coffee Art Print",Bangalore,400,4800,1123200
3237,2023-09-21,"Coffee Art Print",Bangalore,400,7600,1123200
3242,2023-09-21,"Coffee Art Print",Jaipur,400,3600,1123200
3239,2023-09-21,"Coffee Art Print",Pune,400,8000,1123200
3270,2023-09-22,"Coffee Art Print",Chennai,400,4400,1165600
3271,2023-09-22,"Coffee Art Print",Chennai,400,5600,1165600
3265,2023-09-22,"Coffee Art Print",Pune,400,2000,1165600
3264,2023-09-22,"Coffee Art Print",Jaipur,400,5600,1165600
3267,2023-09-22,"Coffee Art Print",Surat,400,4000,1165600
3266,2023-09-22,"Coffee Art Print",Pune,400,2400,1165600
3269,2023-09-22,"Coffee Art Print",Kanpur,400,5600,1165600
3268,2023-09-22,"Coffee Art Print",Delhi,400,2800,1165600
3263,2023-09-22,"Coffee Art Print",Jaipur,400,2400,1165600
3272,2023-09-22,"Coffee Art Print",Bangalore,400,7600,1165600
3306,2023-09-23,"Coffee Art Print",Bangalore,400,7600,1196800
3302,2023-09-23,"Coffee Art Print",Bangalore,400,3600,1196800
3305,2023-09-23,"Coffee Art Print",Bangalore,400,5200,1196800
3304,2023-09-23,"Coffee Art Print",Bangalore,400,4800,1196800
3303,2023-09-23,"Coffee Art Print",Chennai,400,4000,1196800
3301,2023-09-23,"Coffee Art Print",Delhi,400,6000,1196800
3336,2023-09-24,"Coffee Art Print",Chennai,400,3600,1225600
3335,2023-09-24,"Coffee Art Print",Pune,400,3600,1225600
3332,2023-09-24,"Coffee Art Print",Chennai,400,6000,1225600
3331,2023-09-24,"Coffee Art Print",Chennai,400,2800,1225600
3333,2023-09-24,"Coffee Art Print",Chennai,400,6800,1225600
3334,2023-09-24,"Coffee Art Print",Jaipur,400,6000,1225600
3359,2023-09-25,"Coffee Art Print",Bangalore,400,5600,1260800
3365,2023-09-25,"Coffee Art Print",Chennai,400,6000,1260800
3363,2023-09-25,"Coffee Art Print",Ahmedabad,400,3600,1260800
3358,2023-09-25,"Coffee Art Print",Jaipur,400,2800,1260800
3360,2023-09-25,"Coffee Art Print",Chennai,400,2000,1260800
3361,2023-09-25,"Coffee Art Print",Chennai,400,5600,1260800
3364,2023-09-25,"Coffee Art Print",Chennai,400,3600,1260800
3362,2023-09-25,"Coffee Art Print",Pune,400,6000,1260800
3392,2023-09-26,"Coffee Art Print",Delhi,400,7600,1294400
3391,2023-09-26,"Coffee Art Print",Jaipur,400,6800,1294400
3395,2023-09-26,"Coffee Art Print",Pune,400,6400,1294400
3393,2023-09-26,"Coffee Art Print",Jaipur,400,5600,1294400
3394,2023-09-26,"Coffee Art Print",Jaipur,400,7200,1294400
3414,2023-09-27,"Coffee Art Print",Jaipur,400,5600,1330000
3418,2023-09-27,"Coffee Art Print",Mumbai,400,3600,1330000
3417,2023-09-27,"Coffee Art Print",Jaipur,400,8000,1330000
3416,2023-09-27,"Coffee Art Print",Pune,400,6000,1330000
3421,2023-09-27,"Coffee Art Print",Bangalore,400,2400,1330000
3419,2023-09-27,"Coffee Art Print",Chennai,400,5600,1330000
3415,2023-09-27,"Coffee Art Print",Nagpur,400,2400,1330000
3420,2023-09-27,"Coffee Art Print",Delhi,400,2000,1330000
3451,2023-09-28,"Coffee Art Print",Kanpur,400,2800,1354800
3452,2023-09-28,"Coffee Art Print",Pune,400,6000,1354800
3454,2023-09-28,"Coffee Art Print",Delhi,400,3200,1354800
3449,2023-09-28,"Coffee Art Print",Delhi,400,3600,1354800
3448,2023-09-28,"Coffee Art Print",Mumbai,400,2800,1354800
3450,2023-09-28,"Coffee Art Print",Nagpur,400,2000,1354800
3453,2023-09-28,"Coffee Art Print",Bangalore,400,4400,1354800
3483,2023-09-29,"Coffee Art Print",Bangalore,400,6400,1403200
3482,2023-09-29,"Coffee Art Print",Bangalore,400,2800,1403200
3487,2023-09-29,"Coffee Art Print",Jaipur,400,4000,1403200
3484,2023-09-29,"Coffee Art Print",Hyderabad,400,3200,1403200
3485,2023-09-29,"Coffee Art Print",Delhi,400,4000,1403200
3490,2023-09-29,"Coffee Art Print",Mumbai,400,6400,1403200
3481,2023-09-29,"Coffee Art Print",Pune,400,2000,1403200
3486,2023-09-29,"Coffee Art Print",Indore,400,2400,1403200
3491,2023-09-29,"Coffee Art Print",Pune,400,6000,1403200
3489,2023-09-29,"Coffee Art Print",Chennai,400,6000,1403200
3488,2023-09-29,"Coffee Art Print",Chennai,400,5200,1403200
3511,2023-09-30,"Coffee Art Print",Chennai,400,8000,1440000
3515,2023-09-30,"Coffee Art Print",Chennai,400,7200,1440000
3514,2023-09-30,"Coffee Art Print",Chennai,400,8000,1440000
3513,2023-09-30,"Coffee Art Print",Pune,400,6800,1440000
3512,2023-09-30,"Coffee Art Print",Jaipur,400,6800,1440000
3545,2023-10-01,"Coffee Art Print",Nagpur,400,7600,1486000
3549,2023-10-01,"Coffee Art Print",Bangalore,400,3600,1486000
3550,2023-10-01,"Coffee Art Print",Bangalore,400,5600,1486000
3548,2023-10-01,"Coffee Art Print",Pune,400,3200,1486000
3543,2023-10-01,"Coffee Art Print",Pune,400,8000,1486000
3542,2023-10-01,"Coffee Art Print",Jaipur,400,3200,1486000
3546,2023-10-01,"Coffee Art Print",Jaipur,400,6400,1486000
3547,2023-10-01,"Coffee Art Print",Jaipur,400,4800,1486000
3544,2023-10-01,"Coffee Art Print",Mumbai,400,3600,1486000
3603,2023-10-02,"Coffee Art Print",Chennai,400,6800,1492800
45,2023-01-05,"Coffee Bean Storage Canister",Chennai,800,5600,5600
84,2023-01-10,"Coffee Bean Storage Canister",Chennai,800,4800,10400
94,2023-01-11,"Coffee Bean Storage Canister",Chennai,800,7200,17600
129,2023-01-15,"Coffee Bean Storage Canister",Pune,800,14400,45600
128,2023-01-15,"Coffee Bean Storage Canister",Kolkata,800,13600,45600
176,2023-01-19,"Coffee Bean Storage Canister",Bangalore,800,4800,50400
200,2023-01-22,"Coffee Bean Storage Canister",Jaipur,800,6400,64800
201,2023-01-22,"Coffee Bean Storage Canister",Pune,800,8000,64800
211,2023-01-23,"Coffee Bean Storage Canister",Pune,800,5600,70400
233,2023-01-24,"Coffee Bean Storage Canister",Mumbai,800,14400,92800
232,2023-01-24,"Coffee Bean Storage Canister",Nagpur,800,8000,92800
254,2023-01-26,"Coffee Bean Storage Canister",Kolkata,800,15200,108000
269,2023-01-27,"Coffee Bean Storage Canister",Chennai,800,4000,119200
268,2023-01-27,"Coffee Bean Storage Canister",Bangalore,800,7200,119200
329,2023-02-01,"Coffee Bean Storage Canister",Pune,800,15200,134400
364,2023-02-04,"Coffee Bean Storage Canister",Jaipur,800,11200,145600
371,2023-02-05,"Coffee Bean Storage Canister",Jaipur,800,9600,155200
395,2023-02-08,"Coffee Bean Storage Canister",Jaipur,800,7200,162400
407,2023-02-09,"Coffee Bean Storage Canister",Delhi,800,6400,168800
422,2023-02-10,"Coffee Bean Storage Canister",Chennai,800,4000,172800
431,2023-02-11,"Coffee Bean Storage Canister",Bangalore,800,4800,177600
449,2023-02-13,"Coffee Bean Storage Canister",Indore,800,11200,188800
499,2023-02-17,"Coffee Bean Storage Canister",Pune,800,12800,212000
498,2023-02-17,"Coffee Bean Storage Canister",Pune,800,10400,212000
602,2023-02-26,"Coffee Bean Storage Canister",Kanpur,800,5600,224000
601,2023-02-26,"Coffee Bean Storage Canister",Bangalore,800,6400,224000
636,2023-03-01,"Coffee Bean Storage Canister",Bangalore,800,16000,240000
668,2023-03-03,"Coffee Bean Storage Canister",Bangalore,800,12800,252800
685,2023-03-04,"Coffee Bean Storage Canister",Jaipur,800,4800,273600
683,2023-03-04,"Coffee Bean Storage Canister",Pune,800,7200,273600
684,2023-03-04,"Coffee Bean Storage Canister",Chennai,800,8800,273600
754,2023-03-10,"Coffee Bean Storage Canister",Pune,800,13600,287200
770,2023-03-11,"Coffee Bean Storage Canister",Pune,800,5600,305600
769,2023-03-11,"Coffee Bean Storage Canister",Delhi,800,12800,305600
793,2023-03-13,"Coffee Bean Storage Canister",Pune,800,12000,317600
805,2023-03-14,"Coffee Bean Storage Canister",Mumbai,800,10400,328000
943,2023-03-29,"Coffee Bean Storage Canister",Kanpur,800,5600,333600
1002,2023-04-02,"Coffee Bean Storage Canister",Delhi,800,7200,340800
1017,2023-04-03,"Coffee Bean Storage Canister",Chennai,800,10400,351200
1149,2023-04-15,"Coffee Bean Storage Canister",Chennai,800,11200,362400
1163,2023-04-17,"Coffee Bean Storage Canister",Chennai,800,6400,368800
1181,2023-04-19,"Coffee Bean Storage Canister",Pune,800,13600,382400
1212,2023-04-22,"Coffee Bean Storage Canister",Bangalore,800,5600,388000
1227,2023-04-23,"Coffee Bean Storage Canister",Chennai,800,11200,399200
1249,2023-04-25,"Coffee Bean Storage Canister",Kolkata,800,10400,409600
1323,2023-05-01,"Coffee Bean Storage Canister",Jaipur,800,4800,414400
1348,2023-05-03,"Coffee Bean Storage Canister",Bangalore,800,8800,423200
1366,2023-05-04,"Coffee Bean Storage Canister",Bangalore,800,8800,444800
1367,2023-05-04,"Coffee Bean Storage Canister",Chennai,800,12800,444800
1386,2023-05-06,"Coffee Bean Storage Canister",Surat,800,4800,449600
1443,2023-05-11,"Coffee Bean Storage Canister",Chennai,800,8800,458400
1508,2023-05-17,"Coffee Bean Storage Canister",Chennai,800,9600,483200
1509,2023-05-17,"Coffee Bean Storage Canister",Bangalore,800,15200,483200
1549,2023-05-21,"Coffee Bean Storage Canister",Kanpur,800,7200,490400
1559,2023-05-22,"Coffee Bean Storage Canister",Bangalore,800,15200,505600
1576,2023-05-23,"Coffee Bean Storage Canister",Jaipur,800,16000,521600
1586,2023-05-24,"Coffee Bean Storage Canister",Chennai,800,4800,536800
1585,2023-05-24,"Coffee Bean Storage Canister",Mumbai,800,10400,536800
1593,2023-05-25,"Coffee Bean Storage Canister",Pune,800,6400,543200
1604,2023-05-26,"Coffee Bean Storage Canister",Delhi,800,8800,552000
1633,2023-05-29,"Coffee Bean Storage Canister",Chennai,800,4000,556000
1639,2023-05-30,"Coffee Bean Storage Canister",Jaipur,800,15200,571200
1689,2023-06-03,"Coffee Bean Storage Canister",Chennai,800,11200,582400
1707,2023-06-04,"Coffee Bean Storage Canister",Bangalore,800,15200,597600
1775,2023-06-10,"Coffee Bean Storage Canister",Surat,800,4000,601600
1802,2023-06-13,"Coffee Bean Storage Canister",Chennai,800,15200,616800
1826,2023-06-15,"Coffee Bean Storage Canister",Delhi,800,8000,624800
1838,2023-06-16,"Coffee Bean Storage Canister",Jaipur,800,10400,635200
1862,2023-06-20,"Coffee Bean Storage Canister",Bangalore,800,8000,643200
1880,2023-06-22,"Coffee Bean Storage Canister",Jaipur,800,8000,651200
1916,2023-06-27,"Coffee Bean Storage Canister",Kanpur,800,12800,664000
1940,2023-06-30,"Coffee Bean Storage Canister",Bangalore,800,5600,669600
1958,2023-07-01,"Coffee Bean Storage Canister",Indore,800,5600,675200
1971,2023-07-02,"Coffee Bean Storage Canister",Surat,800,15200,690400
1994,2023-07-04,"Coffee Bean Storage Canister",Bangalore,800,12800,703200
2048,2023-07-09,"Coffee Bean Storage Canister",Chennai,800,4800,708000
2066,2023-07-11,"Coffee Bean Storage Canister",Pune,800,4800,712800
2086,2023-07-13,"Coffee Bean Storage Canister",Pune,800,14400,727200
2105,2023-07-15,"Coffee Bean Storage Canister",Chennai,800,8800,736000
2116,2023-07-16,"Coffee Bean Storage Canister",Nagpur,800,11200,747200
2193,2023-07-22,"Coffee Bean Storage Canister",Bangalore,800,13600,776800
2192,2023-07-22,"Coffee Bean Storage Canister",Bangalore,800,12000,776800
2194,2023-07-22,"Coffee Bean Storage Canister",Delhi,800,4000,776800
2206,2023-07-23,"Coffee Bean Storage Canister",Chennai,800,4800,781600
2216,2023-07-24,"Coffee Bean Storage Canister",Chennai,800,7200,788800
2242,2023-07-26,"Coffee Bean Storage Canister",Chennai,800,6400,815200
2243,2023-07-26,"Coffee Bean Storage Canister",Jaipur,800,8000,815200
2244,2023-07-26,"Coffee Bean Storage Canister",Nagpur,800,12000,815200
2282,2023-07-30,"Coffee Bean Storage Canister",Chennai,800,14400,829600
10,2023-01-02,"Coffee Beans (500g)",Ahmedabad,600,8400,8400
17,2023-01-03,"Coffee Beans (500g)",Mumbai,600,10200,18600
78,2023-01-10,"Coffee Beans (500g)",Chennai,600,9000,27600
90,2023-01-11,"Coffee Beans (500g)",Jaipur,600,6000,33600
237,2023-01-25,"Coffee Beans (500g)",Chennai,600,4200,37800
336,2023-02-02,"Coffee Beans (500g)",Pune,600,7800,45600
348,2023-02-03,"Coffee Beans (500g)",Bangalore,600,7800,64200
347,2023-02-03,"Coffee Beans (500g)",Pune,600,10800,64200
383,2023-02-07,"Coffee Beans (500g)",Bangalore,600,12000,76200
485,2023-02-16,"Coffee Beans (500g)",Chennai,600,6600,82800
614,2023-02-28,"Coffee Beans (500g)",Hyderabad,600,10200,93000
626,2023-03-01,"Coffee Beans (500g)",Chennai,600,9000,107400
625,2023-03-01,"Coffee Beans (500g)",Chennai,600,5400,107400
643,2023-03-02,"Coffee Beans (500g)",Pune,600,5400,112800
661,2023-03-03,"Coffee Beans (500g)",Pune,600,12000,135600
662,2023-03-03,"Coffee Beans (500g)",Chennai,600,10800,135600
676,2023-03-04,"Coffee Beans (500g)",Indore,600,4800,140400
690,2023-03-05,"Coffee Beans (500g)",Pune,600,9000,156000
691,2023-03-05,"Coffee Beans (500g)",Jaipur,600,6600,156000
727,2023-03-08,"Coffee Beans (500g)",Jaipur,600,10800,166800
763,2023-03-11,"Coffee Beans (500g)",Jaipur,600,5400,175800
764,2023-03-11,"Coffee Beans (500g)",Nagpur,600,3600,175800
775,2023-03-12,"Coffee Beans (500g)",Surat,600,3000,178800
809,2023-03-15,"Coffee Beans (500g)",Delhi,600,7800,186600
821,2023-03-16,"Coffee Beans (500g)",Bangalore,600,4800,191400
844,2023-03-18,"Coffee Beans (500g)",Pune,600,8400,199800
887,2023-03-23,"Coffee Beans (500g)",Jaipur,600,10200,210000
935,2023-03-29,"Coffee Beans (500g)",Jaipur,600,8400,218400
981,2023-04-01,"Coffee Beans (500g)",Jaipur,600,6600,225000
992,2023-04-02,"Coffee Beans (500g)",Chennai,600,7200,232200
1013,2023-04-03,"Coffee Beans (500g)",Chennai,600,6600,249000
1012,2023-04-03,"Coffee Beans (500g)",Bangalore,600,10200,249000
1093,2023-04-10,"Coffee Beans (500g)",Pune,600,5400,254400
1102,2023-04-11,"Coffee Beans (500g)",Chennai,600,11400,265800
1192,2023-04-21,"Coffee Beans (500g)",Indore,600,12000,277800
1220,2023-04-23,"Coffee Beans (500g)",Chennai,600,7800,285600
1254,2023-04-26,"Coffee Beans (500g)",Bangalore,600,5400,291000
1265,2023-04-27,"Coffee Beans (500g)",Ahmedabad,600,12000,303000
1300,2023-04-30,"Coffee Beans (500g)",Bangalore,600,7200,310200
1314,2023-05-01,"Coffee Beans (500g)",Chennai,600,4800,315000
1344,2023-05-03,"Coffee Beans (500g)",Pune,600,7200,328200
1343,2023-05-03,"Coffee Beans (500g)",Kolkata,600,6000,328200
1380,2023-05-06,"Coffee Beans (500g)",Jaipur,600,6600,334800
1389,2023-05-07,"Coffee Beans (500g)",Chennai,600,4800,339600
1412,2023-05-09,"Coffee Beans (500g)",Kolkata,600,6000,345600
1458,2023-05-13,"Coffee Beans (500g)",Mumbai,600,6000,351600
1470,2023-05-14,"Coffee Beans (500g)",Chennai,600,7200,358800
1481,2023-05-15,"Coffee Beans (500g)",Jaipur,600,3000,361800
1527,2023-05-19,"Coffee Beans (500g)",Delhi,600,8400,370200
1537,2023-05-20,"Coffee Beans (500g)",Mumbai,600,12000,382200
1629,2023-05-29,"Coffee Beans (500g)",Chennai,600,3000,385200
1667,2023-06-02,"Coffee Beans (500g)",Bangalore,600,9000,394200
1695,2023-06-04,"Coffee Beans (500g)",Bangalore,600,6600,400800
1781,2023-06-11,"Coffee Beans (500g)",Surat,600,6600,407400
1806,2023-06-14,"Coffee Beans (500g)",Pune,600,10800,418200
1831,2023-06-16,"Coffee Beans (500g)",Surat,600,7200,425400
1840,2023-06-17,"Coffee Beans (500g)",Jaipur,600,10200,435600
1846,2023-06-18,"Coffee Beans (500g)",Jaipur,600,4800,440400
1868,2023-06-21,"Coffee Beans (500g)",Pune,600,6600,447000
2029,2023-07-08,"Coffee Beans (500g)",Chennai,600,12000,459000
2082,2023-07-13,"Coffee Beans (500g)",Bangalore,600,10200,469200
2134,2023-07-18,"Coffee Beans (500g)",Pune,600,3600,472800
2187,2023-07-22,"Coffee Beans (500g)",Chennai,600,10200,483000
2277,2023-07-30,"Coffee Beans (500g)",Jaipur,600,10800,493800
3581,2023-10-02,"Coffee Beans (500g)",Bangalore,600,6000,531600
3582,2023-10-02,"Coffee Beans (500g)",Jaipur,600,11400,531600
3583,2023-10-02,"Coffee Beans (500g)",Chennai,600,11400,531600
3584,2023-10-02,"Coffee Beans (500g)",Chennai,600,9000,531600
3616,2023-10-03,"Coffee Beans (500g)",Chennai,600,6000,537600
3641,2023-10-04,"Coffee Beans (500g)",Mumbai,600,9600,558600
3642,2023-10-04,"Coffee Beans (500g)",Jaipur,600,11400,558600
3670,2023-10-05,"Coffee Beans (500g)",Chennai,600,12000,570600
3705,2023-10-06,"Coffee Beans (500g)",Bangalore,600,3600,581400
3704,2023-10-06,"Coffee Beans (500g)",Kanpur,600,7200,581400
3740,2023-10-07,"Coffee Beans (500g)",Chennai,600,8400,609000
3738,2023-10-07,"Coffee Beans (500g)",Bangalore,600,11400,609000
3739,2023-10-07,"Coffee Beans (500g)",Pune,600,7800,609000
3790,2023-10-09,"Coffee Beans (500g)",Surat,600,9000,628800
3789,2023-10-09,"Coffee Beans (500g)",Surat,600,10800,628800
3817,2023-10-10,"Coffee Beans (500g)",Chennai,600,4200,633000
3846,2023-10-11,"Coffee Beans (500g)",Pune,600,6600,657000
3845,2023-10-11,"Coffee Beans (500g)",Bangalore,600,12000,657000
3847,2023-10-11,"Coffee Beans (500g)",Bangalore,600,5400,657000
3875,2023-10-12,"Coffee Beans (500g)",Delhi,600,4800,697200
3872,2023-10-12,"Coffee Beans (500g)",Jaipur,600,11400,697200
3870,2023-10-12,"Coffee Beans (500g)",Surat,600,6600,697200
3874,2023-10-12,"Coffee Beans (500g)",Pune,600,7200,697200
3873,2023-10-12,"Coffee Beans (500g)",Chennai,600,3000,697200
3871,2023-10-12,"Coffee Beans (500g)",Chennai,600,7200,697200
3905,2023-10-13,"Coffee Beans (500g)",Jaipur,600,9600,714600
3904,2023-10-13,"Coffee Beans (500g)",Pune,600,7800,714600
3938,2023-10-14,"Coffee Beans (500g)",Surat,600,7200,753600
3937,2023-10-14,"Coffee Beans (500g)",Delhi,600,12000,753600
3936,2023-10-14,"Coffee Beans (500g)",Bangalore,600,9000,753600
3935,2023-10-14,"Coffee Beans (500g)",Pune,600,10800,753600
3966,2023-10-15,"Coffee Beans (500g)",Surat,600,4800,758400
3990,2023-10-16,"Coffee Beans (500g)",Mumbai,600,6600,786600
3989,2023-10-16,"Coffee Beans (500g)",Chennai,600,10800,786600
3991,2023-10-16,"Coffee Beans (500g)",Chennai,600,10800,786600
4035,2023-10-18,"Coffee Beans (500g)",Jaipur,600,10200,807000
4036,2023-10-18,"Coffee Beans (500g)",Delhi,600,10200,807000
4068,2023-10-19,"Coffee Beans (500g)",Delhi,600,3000,867000
4065,2023-10-19,"Coffee Beans (500g)",Pune,600,11400,867000
4067,2023-10-19,"Coffee Beans (500g)",Hyderabad,600,6600,867000
4062,2023-10-19,"Coffee Beans (500g)",Jaipur,600,7200,867000
4064,2023-10-19,"Coffee Beans (500g)",Jaipur,600,12000,867000
4066,2023-10-19,"Coffee Beans (500g)",Bangalore,600,5400,867000
4063,2023-10-19,"Coffee Beans (500g)",Chennai,600,8400,867000
4061,2023-10-19,"Coffee Beans (500g)",Chennai,600,6000,867000
4091,2023-10-20,"Coffee Beans (500g)",Pune,600,4200,901800
4090,2023-10-20,"Coffee Beans (500g)",Bangalore,600,4200,901800
4089,2023-10-20,"Coffee Beans (500g)",Bangalore,600,3600,901800
4088,2023-10-20,"Coffee Beans (500g)",Pune,600,12000,901800
4087,2023-10-20,"Coffee Beans (500g)",Mumbai,600,10800,901800
4110,2023-10-21,"Coffee Beans (500g)",Jaipur,600,6600,908400
4136,2023-10-22,"Coffee Beans (500g)",Pune,600,10800,919200
4167,2023-10-23,"Coffee Beans (500g)",Pune,600,6000,925200
4199,2023-10-24,"Coffee Beans (500g)",Chennai,600,9000,964200
4200,2023-10-24,"Coffee Beans (500g)",Nagpur,600,3000,964200
4197,2023-10-24,"Coffee Beans (500g)",Kolkata,600,10200,964200
4198,2023-10-24,"Coffee Beans (500g)",Nagpur,600,11400,964200
4196,2023-10-24,"Coffee Beans (500g)",Jaipur,600,5400,964200
4227,2023-10-25,"Coffee Beans (500g)",Bangalore,600,4800,969000
4250,2023-10-26,"Coffee Beans (500g)",Chennai,600,3000,981600
4249,2023-10-26,"Coffee Beans (500g)",Pune,600,9600,981600
4270,2023-10-27,"Coffee Beans (500g)",Chennai,600,5400,1000200
4271,2023-10-27,"Coffee Beans (500g)",Bangalore,600,10200,1000200
4272,2023-10-27,"Coffee Beans (500g)",Kanpur,600,3000,1000200
4309,2023-10-28,"Coffee Beans (500g)",Pune,600,12000,1026600
4307,2023-10-28,"Coffee Beans (500g)",Chennai,600,8400,1026600
4308,2023-10-28,"Coffee Beans (500g)",Jaipur,600,6000,1026600
4340,2023-10-29,"Coffee Beans (500g)",Pune,600,9600,1045200
4339,2023-10-29,"Coffee Beans (500g)",Mumbai,600,9000,1045200
4375,2023-10-31,"Coffee Beans (500g)",Chennai,600,6600,1069800
4374,2023-10-31,"Coffee Beans (500g)",Pune,600,8400,1069800
4376,2023-10-31,"Coffee Beans (500g)",Pune,600,9600,1069800
4394,2023-11-01,"Coffee Beans (500g)",Ahmedabad,600,9000,1090200
4395,2023-11-01,"Coffee Beans (500g)",Jaipur,600,11400,1090200
4437,2023-11-02,"Coffee Beans (500g)",Pune,600,3600,1117200
4435,2023-11-02,"Coffee Beans (500g)",Chennai,600,12000,1117200
4436,2023-11-02,"Coffee Beans (500g)",Chennai,600,11400,1117200
4471,2023-11-03,"Coffee Beans (500g)",Chennai,600,4800,1132800
4470,2023-11-03,"Coffee Beans (500g)",Pune,600,10800,1132800
4503,2023-11-04,"Coffee Beans (500g)",Pune,600,4800,1137600
4540,2023-11-05,"Coffee Beans (500g)",Ahmedabad,600,11400,1156200
4541,2023-11-05,"Coffee Beans (500g)",Bangalore,600,3000,1156200
4539,2023-11-05,"Coffee Beans (500g)",Bangalore,600,4200,1156200
4574,2023-11-06,"Coffee Beans (500g)",Bangalore,600,5400,1175400
4573,2023-11-06,"Coffee Beans (500g)",Delhi,600,7800,1175400
4572,2023-11-06,"Coffee Beans (500g)",Chennai,600,6000,1175400
4597,2023-11-07,"Coffee Beans (500g)",Pune,600,6600,1182000
4626,2023-11-08,"Coffee Beans (500g)",Pune,600,7800,1215600
4624,2023-11-08,"Coffee Beans (500g)",Pune,600,12000,1215600
4625,2023-11-08,"Coffee Beans (500g)",Delhi,600,4200,1215600
4627,2023-11-08,"Coffee Beans (500g)",Kanpur,600,9600,1215600
4654,2023-11-09,"Coffee Beans (500g)",Jaipur,600,10200,1233600
4655,2023-11-09,"Coffee Beans (500g)",Lucknow,600,7800,1233600
4682,2023-11-10,"Coffee Beans (500g)",Chennai,600,6600,1264200
4681,2023-11-10,"Coffee Beans (500g)",Chennai,600,6000,1264200
4679,2023-11-10,"Coffee Beans (500g)",Bangalore,600,6600,1264200
4680,2023-11-10,"Coffee Beans (500g)",Lucknow,600,11400,1264200
4715,2023-11-11,"Coffee Beans (500g)",Kolkata,600,6000,1270200
4744,2023-11-12,"Coffee Beans (500g)",Lucknow,600,4200,1290600
4746,2023-11-12,"Coffee Beans (500g)",Mumbai,600,5400,1290600
4745,2023-11-12,"Coffee Beans (500g)",Chennai,600,10800,1290600
4775,2023-11-13,"Coffee Beans (500g)",Lucknow,600,12000,1314000
4776,2023-11-13,"Coffee Beans (500g)",Kolkata,600,4800,1314000
4777,2023-11-13,"Coffee Beans (500g)",Jaipur,600,6600,1314000
4804,2023-11-14,"Coffee Beans (500g)",Pune,600,8400,1375800
4805,2023-11-14,"Coffee Beans (500g)",Chennai,600,10800,1375800
4808,2023-11-14,"Coffee Beans (500g)",Chennai,600,7200,1375800
4809,2023-11-14,"Coffee Beans (500g)",Pune,600,7800,1375800
4807,2023-11-14,"Coffee Beans (500g)",Delhi,600,9000,1375800
4806,2023-11-14,"Coffee Beans (500g)",Pune,600,8400,1375800
4810,2023-11-14,"Coffee Beans (500g)",Ahmedabad,600,10200,1375800
4845,2023-11-15,"Coffee Beans (500g)",Chennai,600,10800,1386600
4874,2023-11-16,"Coffee Beans (500g)",Kanpur,600,10200,1409400
4872,2023-11-16,"Coffee Beans (500g)",Jaipur,600,4800,1409400
4873,2023-11-16,"Coffee Beans (500g)",Hyderabad,600,7800,1409400
4891,2023-11-17,"Coffee Beans (500g)",Mumbai,600,10800,1420200
4922,2023-11-18,"Coffee Beans (500g)",Surat,600,7800,1445400
4923,2023-11-18,"Coffee Beans (500g)",Nagpur,600,3600,1445400
4921,2023-11-18,"Coffee Beans (500g)",Delhi,600,3000,1445400
4920,2023-11-18,"Coffee Beans (500g)",Pune,600,10800,1445400
4962,2023-11-19,"Coffee Beans (500g)",Jaipur,600,4200,1458600
4961,2023-11-19,"Coffee Beans (500g)",Pune,600,9000,1458600
4991,2023-11-20,"Coffee Beans (500g)",Pune,600,5400,1471800
4992,2023-11-20,"Coffee Beans (500g)",Ahmedabad,600,7800,1471800
5015,2023-11-21,"Coffee Beans (500g)",Bangalore,600,11400,1483200
5071,2023-11-23,"Coffee Beans (500g)",Bangalore,600,7200,1498800
5070,2023-11-23,"Coffee Beans (500g)",Bangalore,600,8400,1498800
5096,2023-11-24,"Coffee Beans (500g)",Bangalore,600,9000,1541400
5098,2023-11-24,"Coffee Beans (500g)",Pune,600,12000,1541400
5099,2023-11-24,"Coffee Beans (500g)",Chennai,600,12000,1541400
5097,2023-11-24,"Coffee Beans (500g)",Jaipur,600,3000,1541400
5095,2023-11-24,"Coffee Beans (500g)",Pune,600,6600,1541400
5119,2023-11-25,"Coffee Beans (500g)",Bangalore,600,8400,1549800
5145,2023-11-26,"Coffee Beans (500g)",Pune,600,6600,1581600
5144,2023-11-26,"Coffee Beans (500g)",Jaipur,600,6600,1581600
5146,2023-11-26,"Coffee Beans (500g)",Jaipur,600,4200,1581600
5147,2023-11-26,"Coffee Beans (500g)",Pune,600,7800,1581600
5143,2023-11-26,"Coffee Beans (500g)",Pune,600,6600,1581600
5171,2023-11-27,"Coffee Beans (500g)",Delhi,600,4800,1594800
5172,2023-11-27,"Coffee Beans (500g)",Pune,600,8400,1594800
5205,2023-11-28,"Coffee Beans (500g)",Jaipur,600,7800,1609200
5206,2023-11-28,"Coffee Beans (500g)",Pune,600,6600,1609200
5227,2023-11-29,"Coffee Beans (500g)",Delhi,600,7200,1637400
5224,2023-11-29,"Coffee Beans (500g)",Ahmedabad,600,4200,1637400
5225,2023-11-29,"Coffee Beans (500g)",Bangalore,600,10800,1637400
5226,2023-11-29,"Coffee Beans (500g)",Chennai,600,6000,1637400
5264,2023-11-30,"Coffee Beans (500g)",Pune,600,10800,1657800
5265,2023-11-30,"Coffee Beans (500g)",Ahmedabad,600,9600,1657800
5293,2023-12-01,"Coffee Beans (500g)",Pune,600,4200,1688400
5292,2023-12-01,"Coffee Beans (500g)",Mumbai,600,10200,1688400
5294,2023-12-01,"Coffee Beans (500g)",Delhi,600,12000,1688400
5295,2023-12-01,"Coffee Beans (500g)",Jaipur,600,4200,1688400
5352,2023-12-02,"Coffee Beans (500g)",Pune,600,3000,1709400
5353,2023-12-02,"Coffee Beans (500g)",Bangalore,600,10200,1709400
5351,2023-12-02,"Coffee Beans (500g)",Pune,600,7800,1709400
5391,2023-12-03,"Coffee Beans (500g)",Jaipur,600,7800,1729800
5390,2023-12-03,"Coffee Beans (500g)",Ahmedabad,600,4800,1729800
5389,2023-12-03,"Coffee Beans (500g)",Bangalore,600,7800,1729800
5408,2023-12-04,"Coffee Beans (500g)",Bangalore,600,4200,1752600
5411,2023-12-04,"Coffee Beans (500g)",Bangalore,600,10200,1752600
5409,2023-12-04,"Coffee Beans (500g)",Kanpur,600,4200,1752600
5410,2023-12-04,"Coffee Beans (500g)",Surat,600,4200,1752600
5442,2023-12-05,"Coffee Beans (500g)",Jaipur,600,7200,1764600
5443,2023-12-05,"Coffee Beans (500g)",Pune,600,4800,1764600
5458,2023-12-06,"Coffee Beans (500g)",Kolkata,600,6000,1791000
5460,2023-12-06,"Coffee Beans (500g)",Chennai,600,10800,1791000
5459,2023-12-06,"Coffee Beans (500g)",Pune,600,9600,1791000
5482,2023-12-07,"Coffee Beans (500g)",Jaipur,600,9600,1839600
5483,2023-12-07,"Coffee Beans (500g)",Jaipur,600,11400,1839600
5480,2023-12-07,"Coffee Beans (500g)",Lucknow,600,9000,1839600
5484,2023-12-07,"Coffee Beans (500g)",Bangalore,600,8400,1839600
5481,2023-12-07,"Coffee Beans (500g)",Bangalore,600,10200,1839600
5519,2023-12-08,"Coffee Beans (500g)",Delhi,600,12000,1875000
5521,2023-12-08,"Coffee Beans (500g)",Chennai,600,8400,1875000
5522,2023-12-08,"Coffee Beans (500g)",Jaipur,600,3000,1875000
5520,2023-12-08,"Coffee Beans (500g)",Jaipur,600,12000,1875000
5556,2023-12-09,"Coffee Beans (500g)",Jaipur,600,7800,1899000
5554,2023-12-09,"Coffee Beans (500g)",Lucknow,600,5400,1899000
5553,2023-12-09,"Coffee Beans (500g)",Chennai,600,6000,1899000
5555,2023-12-09,"Coffee Beans (500g)",Kanpur,600,4800,1899000
5584,2023-12-10,"Coffee Beans (500g)",Pune,600,5400,1936800
5586,2023-12-10,"Coffee Beans (500g)",Hyderabad,600,9000,1936800
5588,2023-12-10,"Coffee Beans (500g)",Pune,600,7800,1936800
5587,2023-12-10,"Coffee Beans (500g)",Chennai,600,4800,1936800
5585,2023-12-10,"Coffee Beans (500g)",Delhi,600,10800,1936800
5614,2023-12-11,"Coffee Beans (500g)",Delhi,600,12000,1956000
5615,2023-12-11,"Coffee Beans (500g)",Delhi,600,7200,1956000
5637,2023-12-12,"Coffee Beans (500g)",Delhi,600,7200,1974000
5636,2023-12-12,"Coffee Beans (500g)",Delhi,600,10800,1974000
5707,2023-12-15,"Coffee Beans (500g)",Bangalore,600,6000,1989600
5706,2023-12-15,"Coffee Beans (500g)",Lucknow,600,9600,1989600
5732,2023-12-16,"Coffee Beans (500g)",Pune,600,7800,2008800
5733,2023-12-16,"Coffee Beans (500g)",Indore,600,4200,2008800
5731,2023-12-16,"Coffee Beans (500g)",Jaipur,600,7200,2008800
5761,2023-12-17,"Coffee Beans (500g)",Bangalore,600,4800,2025600
5762,2023-12-17,"Coffee Beans (500g)",Jaipur,600,6000,2025600
5760,2023-12-17,"Coffee Beans (500g)",Pune,600,6000,2025600
5793,2023-12-18,"Coffee Beans (500g)",Delhi,600,7200,2044200
5790,2023-12-18,"Coffee Beans (500g)",Surat,600,4200,2044200
5792,2023-12-18,"Coffee Beans (500g)",Lucknow,600,4200,2044200
5791,2023-12-18,"Coffee Beans (500g)",Bangalore,600,3000,2044200
6515,2024-01-11,"Coffee Beans (500g)",Kolkata,600,6000,2064600
6514,2024-01-11,"Coffee Beans (500g)",Pune,600,5400,2064600
6513,2024-01-11,"Coffee Beans (500g)",Surat,600,9000,2064600
6553,2024-01-12,"Coffee Beans (500g)",Lucknow,600,11400,2148600
6546,2024-01-12,"Coffee Beans (500g)",Mumbai,600,11400,2148600
6550,2024-01-12,"Coffee Beans (500g)",Bangalore,600,12000,2148600
6552,2024-01-12,"Coffee Beans (500g)",Ahmedabad,600,7800,2148600
6555,2024-01-12,"Coffee Beans (500g)",Delhi,600,6600,2148600
6554,2024-01-12,"Coffee Beans (500g)",Pune,600,7800,2148600
6549,2024-01-12,"Coffee Beans (500g)",Pune,600,5400,2148600
6545,2024-01-12,"Coffee Beans (500g)",Kanpur,600,3600,2148600
6551,2024-01-12,"Coffee Beans (500g)",Pune,600,9600,2148600
6548,2024-01-12,"Coffee Beans (500g)",Pune,600,3000,2148600
6547,2024-01-12,"Coffee Beans (500g)",Delhi,600,5400,2148600
6585,2024-01-13,"Coffee Beans (500g)",Mumbai,600,3600,2201400
6586,2024-01-13,"Coffee Beans (500g)",Kolkata,600,9000,2201400
6584,2024-01-13,"Coffee Beans (500g)",Jaipur,600,7200,2201400
6587,2024-01-13,"Coffee Beans (500g)",Pune,600,6000,2201400
6583,2024-01-13,"Coffee Beans (500g)",Delhi,600,7200,2201400
6582,2024-01-13,"Coffee Beans (500g)",Delhi,600,8400,2201400
6588,2024-01-13,"Coffee Beans (500g)",Jaipur,600,3000,2201400
6581,2024-01-13,"Coffee Beans (500g)",Jaipur,600,8400,2201400
6606,2024-01-14,"Coffee Beans (500g)",Jaipur,600,3600,2235000
6608,2024-01-14,"Coffee Beans (500g)",Pune,600,9600,2235000
6609,2024-01-14,"Coffee Beans (500g)",Pune,600,4800,2235000
6605,2024-01-14,"Coffee Beans (500g)",Delhi,600,7200,2235000
6607,2024-01-14,"Coffee Beans (500g)",Kanpur,600,8400,2235000
6633,2024-01-15,"Coffee Beans (500g)",Delhi,600,9000,2299800
6629,2024-01-15,"Coffee Beans (500g)",Jaipur,600,6600,2299800
6632,2024-01-15,"Coffee Beans (500g)",Bangalore,600,8400,2299800
6630,2024-01-15,"Coffee Beans (500g)",Bangalore,600,4800,2299800
6631,2024-01-15,"Coffee Beans (500g)",Chennai,600,9000,2299800
6634,2024-01-15,"Coffee Beans (500g)",Chennai,600,4200,2299800
6628,2024-01-15,"Coffee Beans (500g)",Nagpur,600,10800,2299800
6635,2024-01-15,"Coffee Beans (500g)",Jaipur,600,12000,2299800
6659,2024-01-16,"Coffee Beans (500g)",Jaipur,600,4800,2363400
6661,2024-01-16,"Coffee Beans (500g)",Delhi,600,6600,2363400
6662,2024-01-16,"Coffee Beans (500g)",Surat,600,5400,2363400
6664,2024-01-16,"Coffee Beans (500g)",Lucknow,600,9000,2363400
6663,2024-01-16,"Coffee Beans (500g)",Pune,600,6600,2363400
6657,2024-01-16,"Coffee Beans (500g)",Jaipur,600,3000,2363400
6658,2024-01-16,"Coffee Beans (500g)",Surat,600,7800,2363400
6666,2024-01-16,"Coffee Beans (500g)",Chennai,600,5400,2363400
6665,2024-01-16,"Coffee Beans (500g)",Chennai,600,4800,2363400
6660,2024-01-16,"Coffee Beans (500g)",Delhi,600,10200,2363400
6686,2024-01-17,"Coffee Beans (500g)",Chennai,600,10200,2385600
6685,2024-01-17,"Coffee Beans (500g)",Pune,600,7800,2385600
6687,2024-01-17,"Coffee Beans (500g)",Bangalore,600,4200,2385600
6714,2024-01-18,"Coffee Beans (500g)",Bangalore,600,8400,2427600
6712,2024-01-18,"Coffee Beans (500g)",Bangalore,600,7800,2427600
6717,2024-01-18,"Coffee Beans (500g)",Kolkata,600,4800,2427600
6716,2024-01-18,"Coffee Beans (500g)",Kanpur,600,4800,2427600
6715,2024-01-18,"Coffee Beans (500g)",Pune,600,3600,2427600
6713,2024-01-18,"Coffee Beans (500g)",Pune,600,7200,2427600
6711,2024-01-18,"Coffee Beans (500g)",Delhi,600,5400,2427600
6743,2024-01-19,"Coffee Beans (500g)",Delhi,600,7200,2434800
6773,2024-01-20,"Coffee Beans (500g)",Delhi,600,9000,2495400
6770,2024-01-20,"Coffee Beans (500g)",Pune,600,8400,2495400
6775,2024-01-20,"Coffee Beans (500g)",Pune,600,11400,2495400
6777,2024-01-20,"Coffee Beans (500g)",Pune,600,3600,2495400
6774,2024-01-20,"Coffee Beans (500g)",Bangalore,600,10200,2495400
6771,2024-01-20,"Coffee Beans (500g)",Delhi,600,6600,2495400
6772,2024-01-20,"Coffee Beans (500g)",Pune,600,4800,2495400
6776,2024-01-20,"Coffee Beans (500g)",Pune,600,6600,2495400
6802,2024-01-21,"Coffee Beans (500g)",Delhi,600,3600,2510400
6801,2024-01-21,"Coffee Beans (500g)",Indore,600,7800,2510400
6803,2024-01-21,"Coffee Beans (500g)",Kanpur,600,3600,2510400
6857,2024-01-23,"Coffee Beans (500g)",Pune,600,9600,2571000
6856,2024-01-23,"Coffee Beans (500g)",Ahmedabad,600,9600,2571000
6858,2024-01-23,"Coffee Beans (500g)",Jaipur,600,4200,2571000
6852,2024-01-23,"Coffee Beans (500g)",Pune,600,3000,2571000
6854,2024-01-23,"Coffee Beans (500g)",Mumbai,600,11400,2571000
6851,2024-01-23,"Coffee Beans (500g)",Chennai,600,6000,2571000
6855,2024-01-23,"Coffee Beans (500g)",Chennai,600,6000,2571000
6853,2024-01-23,"Coffee Beans (500g)",Chennai,600,10800,2571000
6881,2024-01-24,"Coffee Beans (500g)",Pune,600,5400,2610600
6880,2024-01-24,"Coffee Beans (500g)",Delhi,600,7200,2610600
6882,2024-01-24,"Coffee Beans (500g)",Mumbai,600,5400,2610600
6883,2024-01-24,"Coffee Beans (500g)",Nagpur,600,10800,2610600
6878,2024-01-24,"Coffee Beans (500g)",Jaipur,600,6000,2610600
6879,2024-01-24,"Coffee Beans (500g)",Ahmedabad,600,4800,2610600
6906,2024-01-25,"Coffee Beans (500g)",Chennai,600,12000,2631000
6907,2024-01-25,"Coffee Beans (500g)",Delhi,600,3000,2631000
6905,2024-01-25,"Coffee Beans (500g)",Pune,600,5400,2631000
6940,2024-01-26,"Coffee Beans (500g)",Pune,600,9600,2665200
6938,2024-01-26,"Coffee Beans (500g)",Pune,600,6600,2665200
6939,2024-01-26,"Coffee Beans (500g)",Pune,600,6600,2665200
6942,2024-01-26,"Coffee Beans (500g)",Kolkata,600,4200,2665200
6941,2024-01-26,"Coffee Beans (500g)",Jaipur,600,7200,2665200
6963,2024-01-27,"Coffee Beans (500g)",Pune,600,5400,2679000
6964,2024-01-27,"Coffee Beans (500g)",Bangalore,600,8400,2679000
6987,2024-01-28,"Coffee Beans (500g)",Jaipur,600,10200,2737800
6988,2024-01-28,"Coffee Beans (500g)",Pune,600,7200,2737800
6984,2024-01-28,"Coffee Beans (500g)",Pune,600,7800,2737800
6986,2024-01-28,"Coffee Beans (500g)",Lucknow,600,12000,2737800
6989,2024-01-28,"Coffee Beans (500g)",Hyderabad,600,9000,2737800
6983,2024-01-28,"Coffee Beans (500g)",Mumbai,600,9600,2737800
6985,2024-01-28,"Coffee Beans (500g)",Chennai,600,3000,2737800
7024,2024-01-29,"Coffee Beans (500g)",Chennai,600,6600,2810400
7021,2024-01-29,"Coffee Beans (500g)",Pune,600,12000,2810400
7020,2024-01-29,"Coffee Beans (500g)",Mumbai,600,5400,2810400
7022,2024-01-29,"Coffee Beans (500g)",Pune,600,11400,2810400
7019,2024-01-29,"Coffee Beans (500g)",Mumbai,600,6000,2810400
7023,2024-01-29,"Coffee Beans (500g)",Kolkata,600,11400,2810400
7018,2024-01-29,"Coffee Beans (500g)",Delhi,600,10200,2810400
7025,2024-01-29,"Coffee Beans (500g)",Hyderabad,600,3000,2810400
7026,2024-01-29,"Coffee Beans (500g)",Jaipur,600,6600,2810400
7046,2024-01-30,"Coffee Beans (500g)",Indore,600,9000,2840400
7044,2024-01-30,"Coffee Beans (500g)",Bangalore,600,10800,2840400
7043,2024-01-30,"Coffee Beans (500g)",Pune,600,5400,2840400
7045,2024-01-30,"Coffee Beans (500g)",Delhi,600,4800,2840400
7076,2024-01-31,"Coffee Beans (500g)",Chennai,600,5400,2863200
7075,2024-01-31,"Coffee Beans (500g)",Kolkata,600,4800,2863200
7077,2024-01-31,"Coffee Beans (500g)",Chennai,600,3600,2863200
7074,2024-01-31,"Coffee Beans (500g)",Jaipur,600,9000,2863200
7093,2024-02-01,"Coffee Beans (500g)",Delhi,600,11400,2902200
7098,2024-02-01,"Coffee Beans (500g)",Chennai,600,3600,2902200
7096,2024-02-01,"Coffee Beans (500g)",Chennai,600,3600,2902200
7094,2024-02-01,"Coffee Beans (500g)",Delhi,600,9600,2902200
7097,2024-02-01,"Coffee Beans (500g)",Surat,600,3000,2902200
7095,2024-02-01,"Coffee Beans (500g)",Jaipur,600,4200,2902200
7099,2024-02-01,"Coffee Beans (500g)",Pune,600,3600,2902200
7121,2024-02-02,"Coffee Beans (500g)",Lucknow,600,7800,2968200
7116,2024-02-02,"Coffee Beans (500g)",Delhi,600,7200,2968200
7115,2024-02-02,"Coffee Beans (500g)",Delhi,600,11400,2968200
7119,2024-02-02,"Coffee Beans (500g)",Kolkata,600,8400,2968200
7118,2024-02-02,"Coffee Beans (500g)",Bangalore,600,7800,2968200
7120,2024-02-02,"Coffee Beans (500g)",Bangalore,600,3000,2968200
7117,2024-02-02,"Coffee Beans (500g)",Pune,600,10800,2968200
7114,2024-02-02,"Coffee Beans (500g)",Delhi,600,9600,2968200
7146,2024-02-03,"Coffee Beans (500g)",Delhi,600,9600,3060600
7145,2024-02-03,"Coffee Beans (500g)",Chennai,600,9600,3060600
7139,2024-02-03,"Coffee Beans (500g)",Chennai,600,9000,3060600
7140,2024-02-03,"Coffee Beans (500g)",Chennai,600,6600,3060600
7141,2024-02-03,"Coffee Beans (500g)",Jaipur,600,4200,3060600
7147,2024-02-03,"Coffee Beans (500g)",Kanpur,600,9600,3060600
7142,2024-02-03,"Coffee Beans (500g)",Chennai,600,11400,3060600
7143,2024-02-03,"Coffee Beans (500g)",Bangalore,600,4800,3060600
7137,2024-02-03,"Coffee Beans (500g)",Delhi,600,6600,3060600
7138,2024-02-03,"Coffee Beans (500g)",Delhi,600,10800,3060600
7144,2024-02-03,"Coffee Beans (500g)",Surat,600,4800,3060600
7136,2024-02-03,"Coffee Beans (500g)",Pune,600,5400,3060600
7171,2024-02-04,"Coffee Beans (500g)",Pune,600,4200,3127200
7172,2024-02-04,"Coffee Beans (500g)",Chennai,600,9000,3127200
7165,2024-02-04,"Coffee Beans (500g)",Jaipur,600,7200,3127200
7166,2024-02-04,"Coffee Beans (500g)",Surat,600,3600,3127200
7170,2024-02-04,"Coffee Beans (500g)",Pune,600,6000,3127200
7173,2024-02-04,"Coffee Beans (500g)",Pune,600,9600,3127200
7167,2024-02-04,"Coffee Beans (500g)",Jaipur,600,7200,3127200
7169,2024-02-04,"Coffee Beans (500g)",Chennai,600,11400,3127200
7168,2024-02-04,"Coffee Beans (500g)",Bangalore,600,8400,3127200
7195,2024-02-05,"Coffee Beans (500g)",Chennai,600,10800,3175200
7194,2024-02-05,"Coffee Beans (500g)",Kolkata,600,4200,3175200
7191,2024-02-05,"Coffee Beans (500g)",Chennai,600,11400,3175200
7196,2024-02-05,"Coffee Beans (500g)",Chennai,600,3600,3175200
7193,2024-02-05,"Coffee Beans (500g)",Chennai,600,7200,3175200
7192,2024-02-05,"Coffee Beans (500g)",Pune,600,10800,3175200
7221,2024-02-06,"Coffee Beans (500g)",Jaipur,600,3600,3226800
7226,2024-02-06,"Coffee Beans (500g)",Kanpur,600,3000,3226800
7223,2024-02-06,"Coffee Beans (500g)",Delhi,600,3600,3226800
7227,2024-02-06,"Coffee Beans (500g)",Bangalore,600,12000,3226800
7224,2024-02-06,"Coffee Beans (500g)",Bangalore,600,10800,3226800
7219,2024-02-06,"Coffee Beans (500g)",Chennai,600,3000,3226800
7222,2024-02-06,"Coffee Beans (500g)",Jaipur,600,3600,3226800
7225,2024-02-06,"Coffee Beans (500g)",Jaipur,600,4800,3226800
7220,2024-02-06,"Coffee Beans (500g)",Kanpur,600,7200,3226800
7253,2024-02-07,"Coffee Beans (500g)",Delhi,600,9600,3270600
7254,2024-02-07,"Coffee Beans (500g)",Delhi,600,7800,3270600
7255,2024-02-07,"Coffee Beans (500g)",Mumbai,600,8400,3270600
7252,2024-02-07,"Coffee Beans (500g)",Chennai,600,5400,3270600
7251,2024-02-07,"Coffee Beans (500g)",Chennai,600,9600,3270600
7250,2024-02-07,"Coffee Beans (500g)",Chennai,600,3000,3270600
7291,2024-02-08,"Coffee Beans (500g)",Pune,600,11400,3323400
7288,2024-02-08,"Coffee Beans (500g)",Jaipur,600,7800,3323400
7292,2024-02-08,"Coffee Beans (500g)",Jaipur,600,7800,3323400
7290,2024-02-08,"Coffee Beans (500g)",Bangalore,600,8400,3323400
7287,2024-02-08,"Coffee Beans (500g)",Indore,600,6000,3323400
7289,2024-02-08,"Coffee Beans (500g)",Pune,600,11400,3323400
7317,2024-02-09,"Coffee Beans (500g)",Delhi,600,10800,3411500
7314,2024-02-09,"Coffee Beans (500g)",Pune,600,3000,3411500
7319,2024-02-09,"Coffee Beans (500g)",Delhi,600,9000,3411500
7321,2024-02-09,"Coffee Beans (500g)",Jaipur,600,12000,3411500
7312,2024-02-09,"Coffee Beans (500g)",Delhi,600,9600,3411500
7320,2024-02-09,"Coffee Beans (500g)",Delhi,600,10200,3411500
7315,2024-02-09,"Coffee Beans (500g)",Indore,600,500,3411500
7318,2024-02-09,"Coffee Beans (500g)",Kanpur,600,6000,3411500
7311,2024-02-09,"Coffee Beans (500g)",Bangalore,600,11400,3411500
7313,2024-02-09,"Coffee Beans (500g)",Bangalore,600,5400,3411500
7316,2024-02-09,"Coffee Beans (500g)",Bangalore,600,10200,3411500
7353,2024-02-10,"Coffee Beans (500g)",Bangalore,600,8400,3463700
7349,2024-02-10,"Coffee Beans (500g)",Kanpur,600,9000,3463700
7350,2024-02-10,"Coffee Beans (500g)",Pune,600,6600,3463700
7354,2024-02-10,"Coffee Beans (500g)",Nagpur,600,10800,3463700
7352,2024-02-10,"Coffee Beans (500g)",Pune,600,7800,3463700
7351,2024-02-10,"Coffee Beans (500g)",Delhi,600,9600,3463700
7387,2024-02-11,"Coffee Beans (500g)",Pune,600,12000,3540500
7386,2024-02-11,"Coffee Beans (500g)",Jaipur,600,12000,3540500
7390,2024-02-11,"Coffee Beans (500g)",Chennai,600,11400,3540500
7392,2024-02-11,"Coffee Beans (500g)",Chennai,600,5400,3540500
7389,2024-02-11,"Coffee Beans (500g)",Chennai,600,11400,3540500
7391,2024-02-11,"Coffee Beans (500g)",Delhi,600,11400,3540500
7393,2024-02-11,"Coffee Beans (500g)",Kolkata,600,5400,3540500
7388,2024-02-11,"Coffee Beans (500g)",Jaipur,600,7800,3540500
7435,2024-02-12,"Coffee Beans (500g)",Kanpur,600,4200,3617300
7427,2024-02-12,"Coffee Beans (500g)",Pune,600,3600,3617300
7426,2024-02-12,"Coffee Beans (500g)",Kanpur,600,8400,3617300
7428,2024-02-12,"Coffee Beans (500g)",Pune,600,11400,3617300
7433,2024-02-12,"Coffee Beans (500g)",Jaipur,600,4200,3617300
7429,2024-02-12,"Coffee Beans (500g)",Pune,600,5400,3617300
7431,2024-02-12,"Coffee Beans (500g)",Hyderabad,600,11400,3617300
7432,2024-02-12,"Coffee Beans (500g)",Mumbai,600,11400,3617300
7434,2024-02-12,"Coffee Beans (500g)",Pune,600,3600,3617300
7436,2024-02-12,"Coffee Beans (500g)",Delhi,600,8400,3617300
7430,2024-02-12,"Coffee Beans (500g)",Jaipur,600,4800,3617300
7466,2024-02-13,"Coffee Beans (500g)",Pune,600,12000,3721100
7460,2024-02-13,"Coffee Beans (500g)",Mumbai,600,10200,3721100
7459,2024-02-13,"Coffee Beans (500g)",Hyderabad,600,11400,3721100
7456,2024-02-13,"Coffee Beans (500g)",Ahmedabad,600,8400,3721100
7462,2024-02-13,"Coffee Beans (500g)",Pune,600,10200,3721100
7455,2024-02-13,"Coffee Beans (500g)",Bangalore,600,6600,3721100
7463,2024-02-13,"Coffee Beans (500g)",Lucknow,600,3600,3721100
7461,2024-02-13,"Coffee Beans (500g)",Pune,600,5400,3721100
7457,2024-02-13,"Coffee Beans (500g)",Delhi,600,4800,3721100
7458,2024-02-13,"Coffee Beans (500g)",Chennai,600,7800,3721100
7465,2024-02-13,"Coffee Beans (500g)",Chennai,600,12000,3721100
7464,2024-02-13,"Coffee Beans (500g)",Chennai,600,11400,3721100
7488,2024-02-14,"Coffee Beans (500g)",Chennai,600,3600,3766700
7483,2024-02-14,"Coffee Beans (500g)",Bangalore,600,3600,3766700
7486,2024-02-14,"Coffee Beans (500g)",Pune,600,7200,3766700
7484,2024-02-14,"Coffee Beans (500g)",Jaipur,600,9600,3766700
7489,2024-02-14,"Coffee Beans (500g)",Mumbai,600,9600,3766700
7485,2024-02-14,"Coffee Beans (500g)",Surat,600,4200,3766700
7487,2024-02-14,"Coffee Beans (500g)",Jaipur,600,7800,3766700
7514,2024-02-15,"Coffee Beans (500g)",Delhi,600,8400,3822500
7513,2024-02-15,"Coffee Beans (500g)",Nagpur,600,3600,3822500
7517,2024-02-15,"Coffee Beans (500g)",Mumbai,600,8400,3822500
7515,2024-02-15,"Coffee Beans (500g)",Pune,600,6600,3822500
7516,2024-02-15,"Coffee Beans (500g)",Delhi,600,6600,3822500
7512,2024-02-15,"Coffee Beans (500g)",Pune,600,10800,3822500
7511,2024-02-15,"Coffee Beans (500g)",Indore,600,11400,3822500
7534,2024-02-16,"Coffee Beans (500g)",Jaipur,600,11400,3873500
7531,2024-02-16,"Coffee Beans (500g)",Ahmedabad,600,10800,3873500
7532,2024-02-16,"Coffee Beans (500g)",Jaipur,600,6600,3873500
7535,2024-02-16,"Coffee Beans (500g)",Bangalore,600,6600,3873500
7533,2024-02-16,"Coffee Beans (500g)",Delhi,600,5400,3873500
7536,2024-02-16,"Coffee Beans (500g)",Delhi,600,10200,3873500
7565,2024-02-17,"Coffee Beans (500g)",Delhi,600,3600,3908300
7564,2024-02-17,"Coffee Beans (500g)",Jaipur,600,9600,3908300
7567,2024-02-17,"Coffee Beans (500g)",Bangalore,600,3000,3908300
7563,2024-02-17,"Coffee Beans (500g)",Bangalore,600,6000,3908300
7566,2024-02-17,"Coffee Beans (500g)",Surat,600,4200,3908300
7562,2024-02-17,"Coffee Beans (500g)",Chennai,600,8400,3908300
7597,2024-02-18,"Coffee Beans (500g)",Chennai,600,3000,3986300
7595,2024-02-18,"Coffee Beans (500g)",Chennai,600,12000,3986300
7601,2024-02-18,"Coffee Beans (500g)",Chennai,600,3600,3986300
7599,2024-02-18,"Coffee Beans (500g)",Kolkata,600,7200,3986300
7598,2024-02-18,"Coffee Beans (500g)",Kanpur,600,5400,3986300
7591,2024-02-18,"Coffee Beans (500g)",Nagpur,600,4200,3986300
7592,2024-02-18,"Coffee Beans (500g)",Pune,600,5400,3986300
7593,2024-02-18,"Coffee Beans (500g)",Delhi,600,9600,3986300
7596,2024-02-18,"Coffee Beans (500g)",Pune,600,3600,3986300
7594,2024-02-18,"Coffee Beans (500g)",Pune,600,7200,3986300
7600,2024-02-18,"Coffee Beans (500g)",Jaipur,600,12000,3986300
7590,2024-02-18,"Coffee Beans (500g)",Bangalore,600,4800,3986300
7620,2024-02-19,"Coffee Beans (500g)",Jaipur,600,11400,4051100
7621,2024-02-19,"Coffee Beans (500g)",Chennai,600,6000,4051100
7626,2024-02-19,"Coffee Beans (500g)",Chennai,600,10800,4051100
7625,2024-02-19,"Coffee Beans (500g)",Kanpur,600,9000,4051100
7627,2024-02-19,"Coffee Beans (500g)",Pune,600,3600,4051100
7622,2024-02-19,"Coffee Beans (500g)",Pune,600,9600,4051100
7624,2024-02-19,"Coffee Beans (500g)",Surat,600,6600,4051100
7623,2024-02-19,"Coffee Beans (500g)",Pune,600,7800,4051100
7650,2024-02-20,"Coffee Beans (500g)",Pune,600,6600,4100900
7649,2024-02-20,"Coffee Beans (500g)",Kolkata,600,9600,4100900
7648,2024-02-20,"Coffee Beans (500g)",Jaipur,600,11400,4100900
7647,2024-02-20,"Coffee Beans (500g)",Lucknow,600,7200,4100900
7646,2024-02-20,"Coffee Beans (500g)",Mumbai,600,7800,4100900
7651,2024-02-20,"Coffee Beans (500g)",Ahmedabad,600,7200,4100900
7677,2024-02-21,"Coffee Beans (500g)",Delhi,600,10200,4164500
7671,2024-02-21,"Coffee Beans (500g)",Hyderabad,600,3600,4164500
7673,2024-02-21,"Coffee Beans (500g)",Bangalore,600,6600,4164500
7675,2024-02-21,"Coffee Beans (500g)",Bangalore,600,8400,4164500
7676,2024-02-21,"Coffee Beans (500g)",Delhi,600,11400,4164500
7670,2024-02-21,"Coffee Beans (500g)",Pune,600,6000,4164500
7674,2024-02-21,"Coffee Beans (500g)",Hyderabad,600,6000,4164500
7672,2024-02-21,"Coffee Beans (500g)",Delhi,600,3000,4164500
7678,2024-02-21,"Coffee Beans (500g)",Delhi,600,8400,4164500
7701,2024-02-22,"Coffee Beans (500g)",Chennai,600,3000,4167500
7726,2024-02-23,"Coffee Beans (500g)",Chennai,600,10800,4244300
7729,2024-02-23,"Coffee Beans (500g)",Bangalore,600,7200,4244300
7733,2024-02-23,"Coffee Beans (500g)",Delhi,600,7800,4244300
7732,2024-02-23,"Coffee Beans (500g)",Pune,600,10200,4244300
7727,2024-02-23,"Coffee Beans (500g)",Jaipur,600,12000,4244300
7728,2024-02-23,"Coffee Beans (500g)",Lucknow,600,6000,4244300
7731,2024-02-23,"Coffee Beans (500g)",Delhi,600,11400,4244300
7730,2024-02-23,"Coffee Beans (500g)",Delhi,600,11400,4244300
7756,2024-02-24,"Coffee Beans (500g)",Surat,600,6600,4299500
7755,2024-02-24,"Coffee Beans (500g)",Nagpur,600,10200,4299500
7754,2024-02-24,"Coffee Beans (500g)",Bangalore,600,8400,4299500
7751,2024-02-24,"Coffee Beans (500g)",Bangalore,600,7200,4299500
7757,2024-02-24,"Coffee Beans (500g)",Kanpur,600,6600,4299500
7753,2024-02-24,"Coffee Beans (500g)",Nagpur,600,6000,4299500
7752,2024-02-24,"Coffee Beans (500g)",Nagpur,600,10200,4299500
7792,2024-02-25,"Coffee Beans (500g)",Kolkata,600,9600,4376900
7784,2024-02-25,"Coffee Beans (500g)",Ahmedabad,600,11400,4376900
7786,2024-02-25,"Coffee Beans (500g)",Jaipur,600,4800,4376900
7785,2024-02-25,"Coffee Beans (500g)",Chennai,600,12000,4376900
7795,2024-02-25,"Coffee Beans (500g)",Hyderabad,600,4800,4376900
7794,2024-02-25,"Coffee Beans (500g)",Pune,600,7800,4376900
7793,2024-02-25,"Coffee Beans (500g)",Kanpur,600,7800,4376900
7791,2024-02-25,"Coffee Beans (500g)",Jaipur,600,3000,4376900
7788,2024-02-25,"Coffee Beans (500g)",Chennai,600,5400,4376900
7787,2024-02-25,"Coffee Beans (500g)",Chennai,600,3000,4376900
7790,2024-02-25,"Coffee Beans (500g)",Bangalore,600,4800,4376900
7789,2024-02-25,"Coffee Beans (500g)",Bangalore,600,3000,4376900
7819,2024-02-26,"Coffee Beans (500g)",Bangalore,600,10800,4429100
7815,2024-02-26,"Coffee Beans (500g)",Bangalore,600,6600,4429100
7814,2024-02-26,"Coffee Beans (500g)",Jaipur,600,5400,4429100
7817,2024-02-26,"Coffee Beans (500g)",Delhi,600,4200,4429100
7820,2024-02-26,"Coffee Beans (500g)",Nagpur,600,11400,4429100
7818,2024-02-26,"Coffee Beans (500g)",Pune,600,8400,4429100
7816,2024-02-26,"Coffee Beans (500g)",Jaipur,600,5400,4429100
7852,2024-02-27,"Coffee Beans (500g)",Pune,600,12000,4462700
7854,2024-02-27,"Coffee Beans (500g)",Jaipur,600,6600,4462700
7855,2024-02-27,"Coffee Beans (500g)",Pune,600,9600,4462700
7853,2024-02-27,"Coffee Beans (500g)",Delhi,600,5400,4462700
7882,2024-02-28,"Coffee Beans (500g)",Mumbai,600,10800,4536500
7876,2024-02-28,"Coffee Beans (500g)",Pune,600,3600,4536500
7879,2024-02-28,"Coffee Beans (500g)",Pune,600,6600,4536500
7881,2024-02-28,"Coffee Beans (500g)",Jaipur,600,12000,4536500
7878,2024-02-28,"Coffee Beans (500g)",Jaipur,600,11400,4536500
7875,2024-02-28,"Coffee Beans (500g)",Jaipur,600,11400,4536500
7880,2024-02-28,"Coffee Beans (500g)",Surat,600,10200,4536500
7877,2024-02-28,"Coffee Beans (500g)",Bangalore,600,4200,4536500
7874,2024-02-28,"Coffee Beans (500g)",Hyderabad,600,3600,4536500
7909,2024-02-29,"Coffee Beans (500g)",Jaipur,600,3600,4588700
7911,2024-02-29,"Coffee Beans (500g)",Indore,600,4200,4588700
7903,2024-02-29,"Coffee Beans (500g)",Delhi,600,3000,4588700
7904,2024-02-29,"Coffee Beans (500g)",Chennai,600,7800,4588700
7902,2024-02-29,"Coffee Beans (500g)",Chennai,600,10200,4588700
7907,2024-02-29,"Coffee Beans (500g)",Bangalore,600,3000,4588700
7910,2024-02-29,"Coffee Beans (500g)",Kanpur,600,4200,4588700
7908,2024-02-29,"Coffee Beans (500g)",Indore,600,3600,4588700
7906,2024-02-29,"Coffee Beans (500g)",Indore,600,9000,4588700
7905,2024-02-29,"Coffee Beans (500g)",Pune,600,3600,4588700
7960,2024-03-01,"Coffee Beans (500g)",Delhi,600,6600,4705100
7961,2024-03-01,"Coffee Beans (500g)",Lucknow,600,10200,4705100
7952,2024-03-01,"Coffee Beans (500g)",Jaipur,600,4800,4705100
7955,2024-03-01,"Coffee Beans (500g)",Pune,600,5400,4705100
7958,2024-03-01,"Coffee Beans (500g)",Delhi,600,6000,4705100
7950,2024-03-01,"Coffee Beans (500g)",Delhi,600,7800,4705100
7956,2024-03-01,"Coffee Beans (500g)",Ahmedabad,600,9000,4705100
7951,2024-03-01,"Coffee Beans (500g)",Jaipur,600,6000,4705100
7949,2024-03-01,"Coffee Beans (500g)",Delhi,600,10200,4705100
7948,2024-03-01,"Coffee Beans (500g)",Delhi,600,10200,4705100
7962,2024-03-01,"Coffee Beans (500g)",Pune,600,12000,4705100
7957,2024-03-01,"Coffee Beans (500g)",Chennai,600,4200,4705100
7954,2024-03-01,"Coffee Beans (500g)",Bangalore,600,10800,4705100
7953,2024-03-01,"Coffee Beans (500g)",Bangalore,600,9600,4705100
7959,2024-03-01,"Coffee Beans (500g)",Bangalore,600,3600,4705100
8017,2024-03-02,"Coffee Beans (500g)",Bangalore,600,6000,4788500
8012,2024-03-02,"Coffee Beans (500g)",Bangalore,600,9600,4788500
8023,2024-03-02,"Coffee Beans (500g)",Delhi,600,7200,4788500
8013,2024-03-02,"Coffee Beans (500g)",Pune,600,4800,4788500
8016,2024-03-02,"Coffee Beans (500g)",Delhi,600,7200,4788500
8018,2024-03-02,"Coffee Beans (500g)",Pune,600,4800,4788500
8022,2024-03-02,"Coffee Beans (500g)",Pune,600,6600,4788500
8020,2024-03-02,"Coffee Beans (500g)",Indore,600,6600,4788500
8015,2024-03-02,"Coffee Beans (500g)",Chennai,600,5400,4788500
8021,2024-03-02,"Coffee Beans (500g)",Chennai,600,9600,4788500
8014,2024-03-02,"Coffee Beans (500g)",Kanpur,600,6000,4788500
8019,2024-03-02,"Coffee Beans (500g)",Jaipur,600,9600,4788500
8051,2024-03-03,"Coffee Beans (500g)",Jaipur,600,12000,4840700
8049,2024-03-03,"Coffee Beans (500g)",Delhi,600,6600,4840700
8047,2024-03-03,"Coffee Beans (500g)",Delhi,600,6600,4840700
8052,2024-03-03,"Coffee Beans (500g)",Pune,600,9600,4840700
8048,2024-03-03,"Coffee Beans (500g)",Bangalore,600,6600,4840700
8050,2024-03-03,"Coffee Beans (500g)",Mumbai,600,10800,4840700
8075,2024-03-04,"Coffee Beans (500g)",Pune,600,6000,4928900
8083,2024-03-04,"Coffee Beans (500g)",Delhi,600,6600,4928900
8080,2024-03-04,"Coffee Beans (500g)",Delhi,600,12000,4928900
8074,2024-03-04,"Coffee Beans (500g)",Jaipur,600,12000,4928900
8082,2024-03-04,"Coffee Beans (500g)",Delhi,600,4200,4928900
8078,2024-03-04,"Coffee Beans (500g)",Indore,600,9000,4928900
8076,2024-03-04,"Coffee Beans (500g)",Pune,600,4800,4928900
8081,2024-03-04,"Coffee Beans (500g)",Kanpur,600,8400,4928900
8079,2024-03-04,"Coffee Beans (500g)",Chennai,600,10200,4928900
8077,2024-03-04,"Coffee Beans (500g)",Chennai,600,12000,4928900
8084,2024-03-04,"Coffee Beans (500g)",Chennai,600,3000,4928900
8115,2024-03-05,"Coffee Beans (500g)",Pune,600,6000,4976900
8121,2024-03-05,"Coffee Beans (500g)",Delhi,600,4200,4976900
8120,2024-03-05,"Coffee Beans (500g)",Surat,600,3600,4976900
8116,2024-03-05,"Coffee Beans (500g)",Delhi,600,8400,4976900
8118,2024-03-05,"Coffee Beans (500g)",Surat,600,6000,4976900
8117,2024-03-05,"Coffee Beans (500g)",Delhi,600,5400,4976900
8119,2024-03-05,"Coffee Beans (500g)",Delhi,600,11400,4976900
8122,2024-03-05,"Coffee Beans (500g)",Bangalore,600,3000,4976900
8149,2024-03-06,"Coffee Beans (500g)",Pune,600,3600,4990700
8148,2024-03-06,"Coffee Beans (500g)",Chennai,600,6600,4990700
8147,2024-03-06,"Coffee Beans (500g)",Jaipur,600,3600,4990700
8175,2024-03-07,"Coffee Beans (500g)",Jaipur,600,6000,5029700
8173,2024-03-07,"Coffee Beans (500g)",Lucknow,600,7800,5029700
8174,2024-03-07,"Coffee Beans (500g)",Delhi,600,9600,5029700
8172,2024-03-07,"Coffee Beans (500g)",Chennai,600,8400,5029700
8171,2024-03-07,"Coffee Beans (500g)",Mumbai,600,7200,5029700
8207,2024-03-08,"Coffee Beans (500g)",Mumbai,600,8400,5066900
8206,2024-03-08,"Coffee Beans (500g)",Delhi,600,4200,5066900
8208,2024-03-08,"Coffee Beans (500g)",Pune,600,6000,5066900
8210,2024-03-08,"Coffee Beans (500g)",Pune,600,3000,5066900
8205,2024-03-08,"Coffee Beans (500g)",Jaipur,600,3000,5066900
8204,2024-03-08,"Coffee Beans (500g)",Kanpur,600,8400,5066900
8209,2024-03-08,"Coffee Beans (500g)",Kolkata,600,4200,5066900
8236,2024-03-09,"Coffee Beans (500g)",Mumbai,600,9600,5105300
8233,2024-03-09,"Coffee Beans (500g)",Ahmedabad,600,5400,5105300
8235,2024-03-09,"Coffee Beans (500g)",Pune,600,11400,5105300
8234,2024-03-09,"Coffee Beans (500g)",Kanpur,600,12000,5105300
8256,2024-03-10,"Coffee Beans (500g)",Delhi,600,9600,5147300
8259,2024-03-10,"Coffee Beans (500g)",Delhi,600,6000,5147300
8257,2024-03-10,"Coffee Beans (500g)",Chennai,600,11400,5147300
8258,2024-03-10,"Coffee Beans (500g)",Chennai,600,5400,5147300
8260,2024-03-10,"Coffee Beans (500g)",Chennai,600,9600,5147300
8281,2024-03-11,"Coffee Beans (500g)",Ahmedabad,600,10200,5206100
8287,2024-03-11,"Coffee Beans (500g)",Nagpur,600,9000,5206100
8282,2024-03-11,"Coffee Beans (500g)",Mumbai,600,7200,5206100
8284,2024-03-11,"Coffee Beans (500g)",Delhi,600,4800,5206100
8283,2024-03-11,"Coffee Beans (500g)",Pune,600,9000,5206100
8285,2024-03-11,"Coffee Beans (500g)",Delhi,600,11400,5206100
8286,2024-03-11,"Coffee Beans (500g)",Delhi,600,7200,5206100
8314,2024-03-12,"Coffee Beans (500g)",Jaipur,600,11400,5231300
8315,2024-03-12,"Coffee Beans (500g)",Bangalore,600,7200,5231300
8317,2024-03-12,"Coffee Beans (500g)",Nagpur,600,3000,5231300
8316,2024-03-12,"Coffee Beans (500g)",Pune,600,3600,5231300
8339,2024-03-13,"Coffee Beans (500g)",Surat,600,5400,5269100
8341,2024-03-13,"Coffee Beans (500g)",Kanpur,600,5400,5269100
8340,2024-03-13,"Coffee Beans (500g)",Delhi,600,11400,5269100
8337,2024-03-13,"Coffee Beans (500g)",Chennai,600,4800,5269100
8336,2024-03-13,"Coffee Beans (500g)",Jaipur,600,4800,5269100
8338,2024-03-13,"Coffee Beans (500g)",Pune,600,6000,5269100
8368,2024-03-14,"Coffee Beans (500g)",Indore,600,3600,5321300
8367,2024-03-14,"Coffee Beans (500g)",Chennai,600,9000,5321300
8366,2024-03-14,"Coffee Beans (500g)",Chennai,600,9600,5321300
8371,2024-03-14,"Coffee Beans (500g)",Jaipur,600,10800,5321300
8370,2024-03-14,"Coffee Beans (500g)",Kanpur,600,5400,5321300
8369,2024-03-14,"Coffee Beans (500g)",Kanpur,600,5400,5321300
8372,2024-03-14,"Coffee Beans (500g)",Bangalore,600,8400,5321300
8401,2024-03-15,"Coffee Beans (500g)",Bangalore,600,6600,5368700
8399,2024-03-15,"Coffee Beans (500g)",Lucknow,600,4800,5368700
8396,2024-03-15,"Coffee Beans (500g)",Delhi,600,7200,5368700
8398,2024-03-15,"Coffee Beans (500g)",Surat,600,7800,5368700
8397,2024-03-15,"Coffee Beans (500g)",Jaipur,600,9600,5368700
8395,2024-03-15,"Coffee Beans (500g)",Pune,600,4200,5368700
8400,2024-03-15,"Coffee Beans (500g)",Kolkata,600,7200,5368700
8425,2024-03-16,"Coffee Beans (500g)",Hyderabad,600,10800,5480300
8423,2024-03-16,"Coffee Beans (500g)",Kanpur,600,3000,5480300
8430,2024-03-16,"Coffee Beans (500g)",Delhi,600,9000,5480300
8427,2024-03-16,"Coffee Beans (500g)",Delhi,600,3000,5480300
8429,2024-03-16,"Coffee Beans (500g)",Mumbai,600,6600,5480300
8431,2024-03-16,"Coffee Beans (500g)",Chennai,600,9000,5480300
8421,2024-03-16,"Coffee Beans (500g)",Chennai,600,10800,5480300
8428,2024-03-16,"Coffee Beans (500g)",Bangalore,600,6000,5480300
8433,2024-03-16,"Coffee Beans (500g)",Bangalore,600,11400,5480300
8426,2024-03-16,"Coffee Beans (500g)",Jaipur,600,7800,5480300
8422,2024-03-16,"Coffee Beans (500g)",Pune,600,6000,5480300
8432,2024-03-16,"Coffee Beans (500g)",Jaipur,600,12000,5480300
8434,2024-03-16,"Coffee Beans (500g)",Delhi,600,9000,5480300
8424,2024-03-16,"Coffee Beans (500g)",Pune,600,7200,5480300
8464,2024-03-17,"Coffee Beans (500g)",Chennai,600,5400,5525900
8463,2024-03-17,"Coffee Beans (500g)",Chennai,600,11400,5525900
8462,2024-03-17,"Coffee Beans (500g)",Surat,600,6600,5525900
8461,2024-03-17,"Coffee Beans (500g)",Ahmedabad,600,10800,5525900
8460,2024-03-17,"Coffee Beans (500g)",Ahmedabad,600,11400,5525900
8486,2024-03-18,"Coffee Beans (500g)",Jaipur,600,7200,5594300
8484,2024-03-18,"Coffee Beans (500g)",Surat,600,9600,5594300
8487,2024-03-18,"Coffee Beans (500g)",Chennai,600,4200,5594300
8488,2024-03-18,"Coffee Beans (500g)",Kanpur,600,7800,5594300
8489,2024-03-18,"Coffee Beans (500g)",Pune,600,5400,5594300
8491,2024-03-18,"Coffee Beans (500g)",Pune,600,6000,5594300
8485,2024-03-18,"Coffee Beans (500g)",Jaipur,600,9000,5594300
8483,2024-03-18,"Coffee Beans (500g)",Hyderabad,600,7200,5594300
8490,2024-03-18,"Coffee Beans (500g)",Indore,600,12000,5594300
8526,2024-03-19,"Coffee Beans (500g)",Pune,600,5400,5636300
8527,2024-03-19,"Coffee Beans (500g)",Chennai,600,6600,5636300
8529,2024-03-19,"Coffee Beans (500g)",Bangalore,600,10200,5636300
8530,2024-03-19,"Coffee Beans (500g)",Bangalore,600,9600,5636300
8528,2024-03-19,"Coffee Beans (500g)",Bangalore,600,10200,5636300
8545,2024-03-20,"Coffee Beans (500g)",Chennai,600,7200,5679500
8546,2024-03-20,"Coffee Beans (500g)",Pune,600,3600,5679500
8544,2024-03-20,"Coffee Beans (500g)",Jaipur,600,7200,5679500
8548,2024-03-20,"Coffee Beans (500g)",Chennai,600,11400,5679500
8547,2024-03-20,"Coffee Beans (500g)",Delhi,600,6000,5679500
8543,2024-03-20,"Coffee Beans (500g)",Jaipur,600,4800,5679500
8542,2024-03-20,"Coffee Beans (500g)",Kolkata,600,3000,5679500
8572,2024-03-21,"Coffee Beans (500g)",Jaipur,600,10200,5727500
8567,2024-03-21,"Coffee Beans (500g)",Delhi,600,11400,5727500
8573,2024-03-21,"Coffee Beans (500g)",Mumbai,600,7200,5727500
8570,2024-03-21,"Coffee Beans (500g)",Hyderabad,600,7200,5727500
8569,2024-03-21,"Coffee Beans (500g)",Mumbai,600,3000,5727500
8571,2024-03-21,"Coffee Beans (500g)",Pune,600,6000,5727500
8568,2024-03-21,"Coffee Beans (500g)",Pune,600,3000,5727500
8604,2024-03-22,"Coffee Beans (500g)",Mumbai,600,3000,5744900
8602,2024-03-22,"Coffee Beans (500g)",Delhi,600,3600,5744900
8603,2024-03-22,"Coffee Beans (500g)",Jaipur,600,10800,5744900
8634,2024-03-23,"Coffee Beans (500g)",Delhi,600,8400,5799500
8631,2024-03-23,"Coffee Beans (500g)",Jaipur,600,8400,5799500
8633,2024-03-23,"Coffee Beans (500g)",Chennai,600,7800,5799500
8635,2024-03-23,"Coffee Beans (500g)",Chennai,600,10800,5799500
8636,2024-03-23,"Coffee Beans (500g)",Jaipur,600,5400,5799500
8637,2024-03-23,"Coffee Beans (500g)",Pune,600,8400,5799500
8632,2024-03-23,"Coffee Beans (500g)",Pune,600,5400,5799500
8670,2024-03-24,"Coffee Beans (500g)",Pune,600,10800,5884100
8664,2024-03-24,"Coffee Beans (500g)",Hyderabad,600,5400,5884100
8668,2024-03-24,"Coffee Beans (500g)",Mumbai,600,5400,5884100
8666,2024-03-24,"Coffee Beans (500g)",Pune,600,10200,5884100
8663,2024-03-24,"Coffee Beans (500g)",Bangalore,600,10800,5884100
8667,2024-03-24,"Coffee Beans (500g)",Kanpur,600,7800,5884100
8660,2024-03-24,"Coffee Beans (500g)",Kolkata,600,8400,5884100
8665,2024-03-24,"Coffee Beans (500g)",Delhi,600,6600,5884100
8659,2024-03-24,"Coffee Beans (500g)",Ahmedabad,600,3600,5884100
8662,2024-03-24,"Coffee Beans (500g)",Kanpur,600,3600,5884100
8661,2024-03-24,"Coffee Beans (500g)",Pune,600,4800,5884100
8669,2024-03-24,"Coffee Beans (500g)",Chennai,600,7200,5884100
8695,2024-03-25,"Coffee Beans (500g)",Bangalore,600,4200,5924900
8694,2024-03-25,"Coffee Beans (500g)",Pune,600,7800,5924900
8697,2024-03-25,"Coffee Beans (500g)",Hyderabad,600,7800,5924900
8693,2024-03-25,"Coffee Beans (500g)",Pune,600,3600,5924900
8692,2024-03-25,"Coffee Beans (500g)",Mumbai,600,7800,5924900
8696,2024-03-25,"Coffee Beans (500g)",Jaipur,600,9600,5924900
8718,2024-03-26,"Coffee Beans (500g)",Indore,600,9000,5941100
8717,2024-03-26,"Coffee Beans (500g)",Jaipur,600,7200,5941100
8743,2024-03-27,"Coffee Beans (500g)",Surat,600,7800,5960900
8745,2024-03-27,"Coffee Beans (500g)",Ahmedabad,600,4800,5960900
8744,2024-03-27,"Coffee Beans (500g)",Delhi,600,7200,5960900
8777,2024-03-28,"Coffee Beans (500g)",Surat,600,5400,6034100
8770,2024-03-28,"Coffee Beans (500g)",Delhi,600,9000,6034100
8776,2024-03-28,"Coffee Beans (500g)",Bangalore,600,8400,6034100
8778,2024-03-28,"Coffee Beans (500g)",Chennai,600,6000,6034100
8771,2024-03-28,"Coffee Beans (500g)",Delhi,600,6000,6034100
8773,2024-03-28,"Coffee Beans (500g)",Delhi,600,5400,6034100
8774,2024-03-28,"Coffee Beans (500g)",Pune,600,9000,6034100
8772,2024-03-28,"Coffee Beans (500g)",Delhi,600,9000,6034100
8775,2024-03-28,"Coffee Beans (500g)",Jaipur,600,4800,6034100
8769,2024-03-28,"Coffee Beans (500g)",Pune,600,10200,6034100
8804,2024-03-29,"Coffee Beans (500g)",Pune,600,10800,6098900
8806,2024-03-29,"Coffee Beans (500g)",Jaipur,600,5400,6098900
8803,2024-03-29,"Coffee Beans (500g)",Delhi,600,9000,6098900
8808,2024-03-29,"Coffee Beans (500g)",Jaipur,600,11400,6098900
8809,2024-03-29,"Coffee Beans (500g)",Jaipur,600,6600,6098900
8810,2024-03-29,"Coffee Beans (500g)",Chennai,600,11400,6098900
8805,2024-03-29,"Coffee Beans (500g)",Delhi,600,7200,6098900
8807,2024-03-29,"Coffee Beans (500g)",Delhi,600,3000,6098900
8832,2024-03-30,"Coffee Beans (500g)",Mumbai,600,3000,6191300
8830,2024-03-30,"Coffee Beans (500g)",Surat,600,12000,6191300
8824,2024-03-30,"Coffee Beans (500g)",Pune,600,4200,6191300
8831,2024-03-30,"Coffee Beans (500g)",Delhi,600,9600,6191300
8834,2024-03-30,"Coffee Beans (500g)",Jaipur,600,11400,6191300
8828,2024-03-30,"Coffee Beans (500g)",Nagpur,600,10800,6191300
8829,2024-03-30,"Coffee Beans (500g)",Mumbai,600,9000,6191300
8827,2024-03-30,"Coffee Beans (500g)",Delhi,600,9000,6191300
8833,2024-03-30,"Coffee Beans (500g)",Nagpur,600,8400,6191300
8826,2024-03-30,"Coffee Beans (500g)",Nagpur,600,3000,6191300
8825,2024-03-30,"Coffee Beans (500g)",Delhi,600,12000,6191300
8861,2024-03-31,"Coffee Beans (500g)",Kanpur,600,3000,6251300
8862,2024-03-31,"Coffee Beans (500g)",Pune,600,10800,6251300
8863,2024-03-31,"Coffee Beans (500g)",Indore,600,7800,6251300
8860,2024-03-31,"Coffee Beans (500g)",Chennai,600,4800,6251300
8859,2024-03-31,"Coffee Beans (500g)",Chennai,600,11400,6251300
8865,2024-03-31,"Coffee Beans (500g)",Delhi,600,12000,6251300
8864,2024-03-31,"Coffee Beans (500g)",Delhi,600,10200,6251300
8873,2024-04-01,"Coffee Beans (500g)",Delhi,600,11400,6266300
8874,2024-04-01,"Coffee Beans (500g)",Delhi,600,3600,6266300
8883,2024-04-02,"Coffee Beans (500g)",Pune,600,12000,6287900
8884,2024-04-02,"Coffee Beans (500g)",Nagpur,600,9600,6287900
8891,2024-04-03,"Coffee Beans (500g)",Pune,600,3000,6307700
8889,2024-04-03,"Coffee Beans (500g)",Jaipur,600,10800,6307700
8890,2024-04-03,"Coffee Beans (500g)",Pune,600,6000,6307700
8901,2024-04-04,"Coffee Beans (500g)",Surat,600,4800,6323300
8900,2024-04-04,"Coffee Beans (500g)",Pune,600,10800,6323300
8917,2024-04-06,"Coffee Beans (500g)",Kanpur,600,5400,6328700
8924,2024-04-07,"Coffee Beans (500g)",Delhi,600,5400,6344300
8923,2024-04-07,"Coffee Beans (500g)",Chennai,600,10200,6344300
8928,2024-04-08,"Coffee Beans (500g)",Jaipur,600,4800,6349100
8936,2024-04-09,"Coffee Beans (500g)",Hyderabad,600,4200,6358100
8935,2024-04-09,"Coffee Beans (500g)",Delhi,600,4800,6358100
8941,2024-04-10,"Coffee Beans (500g)",Chennai,600,6600,6372500
8942,2024-04-10,"Coffee Beans (500g)",Bangalore,600,4800,6372500
8943,2024-04-10,"Coffee Beans (500g)",Lucknow,600,3000,6372500
8958,2024-04-12,"Coffee Beans (500g)",Hyderabad,600,3000,6397100
8957,2024-04-12,"Coffee Beans (500g)",Bangalore,600,5400,6397100
8955,2024-04-12,"Coffee Beans (500g)",Pune,600,10800,6397100
8956,2024-04-12,"Coffee Beans (500g)",Hyderabad,600,5400,6397100
8985,2024-04-15,"Coffee Beans (500g)",Ahmedabad,600,11400,6413900
8984,2024-04-15,"Coffee Beans (500g)",Surat,600,5400,6413900
8996,2024-04-16,"Coffee Beans (500g)",Pune,600,6000,6440300
8994,2024-04-16,"Coffee Beans (500g)",Indore,600,9000,6440300
8997,2024-04-16,"Coffee Beans (500g)",Bangalore,600,4200,6440300
8995,2024-04-16,"Coffee Beans (500g)",Delhi,600,7200,6440300
9005,2024-04-17,"Coffee Beans (500g)",Delhi,600,7800,6448100
9014,2024-04-18,"Coffee Beans (500g)",Ahmedabad,600,7800,6482300
9015,2024-04-18,"Coffee Beans (500g)",Chennai,600,9000,6482300
9016,2024-04-18,"Coffee Beans (500g)",Pune,600,10800,6482300
9017,2024-04-18,"Coffee Beans (500g)",Nagpur,600,6600,6482300
9027,2024-04-19,"Coffee Beans (500g)",Pune,600,7800,6500900
9026,2024-04-19,"Coffee Beans (500g)",Bangalore,600,10800,6500900
9037,2024-04-20,"Coffee Beans (500g)",Ahmedabad,600,6600,6516500
9038,2024-04-20,"Coffee Beans (500g)",Delhi,600,9000,6516500
9043,2024-04-21,"Coffee Beans (500g)",Chennai,600,6600,6533900
9042,2024-04-21,"Coffee Beans (500g)",Jaipur,600,10800,6533900
9052,2024-04-22,"Coffee Beans (500g)",Surat,600,4800,6569300
9054,2024-04-22,"Coffee Beans (500g)",Delhi,600,4800,6569300
9056,2024-04-22,"Coffee Beans (500g)",Mumbai,600,8400,6569300
9053,2024-04-22,"Coffee Beans (500g)",Surat,600,12000,6569300
9055,2024-04-22,"Coffee Beans (500g)",Nagpur,600,5400,6569300
9071,2024-04-24,"Coffee Beans (500g)",Bangalore,600,10800,6595700
9069,2024-04-24,"Coffee Beans (500g)",Bangalore,600,3000,6595700
9070,2024-04-24,"Coffee Beans (500g)",Pune,600,7800,6595700
9072,2024-04-24,"Coffee Beans (500g)",Lucknow,600,4800,6595700
9081,2024-04-25,"Coffee Beans (500g)",Chennai,600,6600,6602300
9088,2024-04-26,"Coffee Beans (500g)",Pune,600,8400,6637700
9090,2024-04-26,"Coffee Beans (500g)",Jaipur,600,4800,6637700
9089,2024-04-26,"Coffee Beans (500g)",Pune,600,10800,6637700
9091,2024-04-26,"Coffee Beans (500g)",Delhi,600,11400,6637700
9095,2024-04-27,"Coffee Beans (500g)",Kolkata,600,6000,6651500
9094,2024-04-27,"Coffee Beans (500g)",Jaipur,600,7800,6651500
9103,2024-04-28,"Coffee Beans (500g)",Kanpur,600,9600,6677300
9102,2024-04-28,"Coffee Beans (500g)",Jaipur,600,6000,6677300
9104,2024-04-28,"Coffee Beans (500g)",Chennai,600,10200,6677300
9115,2024-04-30,"Coffee Beans (500g)",Chennai,600,10800,6688100
9136,2024-05-01,"Coffee Beans (500g)",Chennai,600,8400,6718100
9137,2024-05-01,"Coffee Beans (500g)",Chennai,600,4200,6718100
9141,2024-05-01,"Coffee Beans (500g)",Surat,600,3600,6718100
9139,2024-05-01,"Coffee Beans (500g)",Delhi,600,3600,6718100
9140,2024-05-01,"Coffee Beans (500g)",Pune,600,4800,6718100
9138,2024-05-01,"Coffee Beans (500g)",Jaipur,600,5400,6718100
9149,2024-05-02,"Coffee Beans (500g)",Kanpur,600,3600,6721700
9159,2024-05-03,"Coffee Beans (500g)",Chennai,600,10200,6731900
9168,2024-05-04,"Coffee Beans (500g)",Delhi,600,6600,6756500
9170,2024-05-04,"Coffee Beans (500g)",Delhi,600,9000,6756500
9167,2024-05-04,"Coffee Beans (500g)",Delhi,600,4800,6756500
9169,2024-05-04,"Coffee Beans (500g)",Delhi,600,4200,6756500
9180,2024-05-05,"Coffee Beans (500g)",Indore,600,7200,6797300
9178,2024-05-05,"Coffee Beans (500g)",Jaipur,600,8400,6797300
9181,2024-05-05,"Coffee Beans (500g)",Ahmedabad,600,7200,6797300
9177,2024-05-05,"Coffee Beans (500g)",Jaipur,600,12000,6797300
9179,2024-05-05,"Coffee Beans (500g)",Kanpur,600,6000,6797300
9189,2024-05-06,"Coffee Beans (500g)",Pune,600,5400,6814100
9188,2024-05-06,"Coffee Beans (500g)",Pune,600,11400,6814100
9196,2024-05-07,"Coffee Beans (500g)",Pune,600,12000,6860900
9199,2024-05-07,"Coffee Beans (500g)",Bangalore,600,4200,6860900
9195,2024-05-07,"Coffee Beans (500g)",Mumbai,600,6600,6860900
9194,2024-05-07,"Coffee Beans (500g)",Delhi,600,9000,6860900
9197,2024-05-07,"Coffee Beans (500g)",Delhi,600,9000,6860900
9198,2024-05-07,"Coffee Beans (500g)",Jaipur,600,6000,6860900
9212,2024-05-08,"Coffee Beans (500g)",Jaipur,600,7200,6868100
9227,2024-05-09,"Coffee Beans (500g)",Pune,600,4200,6898700
9224,2024-05-09,"Coffee Beans (500g)",Kanpur,600,6600,6898700
9223,2024-05-09,"Coffee Beans (500g)",Pune,600,9600,6898700
9226,2024-05-09,"Coffee Beans (500g)",Jaipur,600,7200,6898700
9225,2024-05-09,"Coffee Beans (500g)",Pune,600,3000,6898700
9235,2024-05-10,"Coffee Beans (500g)",Nagpur,600,10200,6931700
9233,2024-05-10,"Coffee Beans (500g)",Jaipur,600,9600,6931700
9236,2024-05-10,"Coffee Beans (500g)",Delhi,600,9600,6931700
9234,2024-05-10,"Coffee Beans (500g)",Pune,600,3600,6931700
9246,2024-05-11,"Coffee Beans (500g)",Pune,600,5400,6964100
9248,2024-05-11,"Coffee Beans (500g)",Chennai,600,12000,6964100
9245,2024-05-11,"Coffee Beans (500g)",Hyderabad,600,4800,6964100
9247,2024-05-11,"Coffee Beans (500g)",Kanpur,600,4800,6964100
9249,2024-05-11,"Coffee Beans (500g)",Chennai,600,5400,6964100
9257,2024-05-12,"Coffee Beans (500g)",Delhi,600,6000,6988700
9254,2024-05-12,"Coffee Beans (500g)",Delhi,600,6000,6988700
9256,2024-05-12,"Coffee Beans (500g)",Nagpur,600,7200,6988700
9255,2024-05-12,"Coffee Beans (500g)",Pune,600,5400,6988700
9262,2024-05-13,"Coffee Beans (500g)",Bangalore,600,4200,6992900
9277,2024-05-14,"Coffee Beans (500g)",Ahmedabad,600,7800,7023500
9275,2024-05-14,"Coffee Beans (500g)",Kanpur,600,12000,7023500
9274,2024-05-14,"Coffee Beans (500g)",Jaipur,600,4200,7023500
9276,2024-05-14,"Coffee Beans (500g)",Pune,600,6600,7023500
9283,2024-05-15,"Coffee Beans (500g)",Surat,600,11400,7039100
9282,2024-05-15,"Coffee Beans (500g)",Kanpur,600,4200,7039100
9297,2024-05-16,"Coffee Beans (500g)",Delhi,600,3000,7071500
9298,2024-05-16,"Coffee Beans (500g)",Bangalore,600,3600,7071500
9299,2024-05-16,"Coffee Beans (500g)",Bangalore,600,6600,7071500
9296,2024-05-16,"Coffee Beans (500g)",Chennai,600,4800,7071500
9295,2024-05-16,"Coffee Beans (500g)",Kanpur,600,10800,7071500
9294,2024-05-16,"Coffee Beans (500g)",Delhi,600,3600,7071500
9307,2024-05-17,"Coffee Beans (500g)",Kanpur,600,10800,7082300
9311,2024-05-18,"Coffee Beans (500g)",Pune,600,6600,7088900
9318,2024-05-19,"Coffee Beans (500g)",Pune,600,6600,7114700
9317,2024-05-19,"Coffee Beans (500g)",Pune,600,9000,7114700
9316,2024-05-19,"Coffee Beans (500g)",Jaipur,600,10200,7114700
9328,2024-05-20,"Coffee Beans (500g)",Jaipur,600,12000,7132100
9327,2024-05-20,"Coffee Beans (500g)",Surat,600,5400,7132100
9333,2024-05-21,"Coffee Beans (500g)",Pune,600,7200,7139300
9337,2024-05-22,"Coffee Beans (500g)",Pune,600,8400,7147700
9352,2024-05-23,"Coffee Beans (500g)",Jaipur,600,6600,7184300
9349,2024-05-23,"Coffee Beans (500g)",Kanpur,600,9000,7184300
9350,2024-05-23,"Coffee Beans (500g)",Delhi,600,4200,7184300
9348,2024-05-23,"Coffee Beans (500g)",Pune,600,9000,7184300
9351,2024-05-23,"Coffee Beans (500g)",Chennai,600,7800,7184300
9359,2024-05-24,"Coffee Beans (500g)",Pune,600,4800,7199300
9360,2024-05-24,"Coffee Beans (500g)",Surat,600,10200,7199300
9373,2024-05-25,"Coffee Beans (500g)",Pune,600,6600,7229900
9372,2024-05-25,"Coffee Beans (500g)",Chennai,600,9000,7229900
9374,2024-05-25,"Coffee Beans (500g)",Indore,600,6000,7229900
9371,2024-05-25,"Coffee Beans (500g)",Bangalore,600,9000,7229900
9384,2024-05-26,"Coffee Beans (500g)",Bangalore,600,9000,7267700
9385,2024-05-26,"Coffee Beans (500g)",Pune,600,5400,7267700
9382,2024-05-26,"Coffee Beans (500g)",Jaipur,600,10200,7267700
9381,2024-05-26,"Coffee Beans (500g)",Chennai,600,6000,7267700
9383,2024-05-26,"Coffee Beans (500g)",Chennai,600,7200,7267700
9405,2024-05-28,"Coffee Beans (500g)",Pune,600,4800,7303100
9403,2024-05-28,"Coffee Beans (500g)",Pune,600,6600,7303100
9401,2024-05-28,"Coffee Beans (500g)",Hyderabad,600,8400,7303100
9402,2024-05-28,"Coffee Beans (500g)",Ahmedabad,600,10800,7303100
9404,2024-05-28,"Coffee Beans (500g)",Surat,600,4800,7303100
9409,2024-05-29,"Coffee Beans (500g)",Kanpur,600,4800,7307900
9420,2024-05-30,"Coffee Beans (500g)",Kanpur,600,7800,7315700
9431,2024-05-31,"Coffee Beans (500g)",Ahmedabad,600,7800,7330700
9430,2024-05-31,"Coffee Beans (500g)",Delhi,600,7200,7330700
9435,2024-06-01,"Coffee Beans (500g)",Delhi,600,10200,7340900
9440,2024-06-02,"Coffee Beans (500g)",Delhi,600,6000,7358900
9441,2024-06-02,"Coffee Beans (500g)",Lucknow,600,12000,7358900
9443,2024-06-03,"Coffee Beans (500g)",Jaipur,600,4200,7363100
9452,2024-06-04,"Coffee Beans (500g)",Delhi,600,11400,7374500
9462,2024-06-05,"Coffee Beans (500g)",Delhi,600,3000,7377500
9467,2024-06-06,"Coffee Beans (500g)",Surat,600,4200,7400900
9466,2024-06-06,"Coffee Beans (500g)",Bangalore,600,12000,7400900
9468,2024-06-06,"Coffee Beans (500g)",Pune,600,7200,7400900
9473,2024-06-07,"Coffee Beans (500g)",Bangalore,600,4800,7405700
9482,2024-06-08,"Coffee Beans (500g)",Delhi,600,6000,7422500
9480,2024-06-08,"Coffee Beans (500g)",Pune,600,6000,7422500
9481,2024-06-08,"Coffee Beans (500g)",Jaipur,600,4800,7422500
9486,2024-06-09,"Coffee Beans (500g)",Nagpur,600,7200,7429700
9494,2024-06-10,"Coffee Beans (500g)",Bangalore,600,7200,7442900
9493,2024-06-10,"Coffee Beans (500g)",Jaipur,600,6000,7442900
9497,2024-06-11,"Coffee Beans (500g)",Bangalore,600,7200,7465100
9499,2024-06-11,"Coffee Beans (500g)",Bangalore,600,11400,7465100
9498,2024-06-11,"Coffee Beans (500g)",Delhi,600,3600,7465100
9507,2024-06-12,"Coffee Beans (500g)",Mumbai,600,11400,7476500
9513,2024-06-13,"Coffee Beans (500g)",Nagpur,600,4200,7488500
9514,2024-06-13,"Coffee Beans (500g)",Jaipur,600,7800,7488500
9518,2024-06-14,"Coffee Beans (500g)",Surat,600,5400,7493900
9528,2024-06-15,"Coffee Beans (500g)",Hyderabad,600,3600,7523300
9529,2024-06-15,"Coffee Beans (500g)",Pune,600,5400,7523300
9531,2024-06-15,"Coffee Beans (500g)",Mumbai,600,3600,7523300
9526,2024-06-15,"Coffee Beans (500g)",Kolkata,600,7200,7523300
9530,2024-06-15,"Coffee Beans (500g)",Jaipur,600,3000,7523300
9527,2024-06-15,"Coffee Beans (500g)",Bangalore,600,6600,7523300
9545,2024-06-17,"Coffee Beans (500g)",Bangalore,600,4200,7544300
9544,2024-06-17,"Coffee Beans (500g)",Bangalore,600,5400,7544300
9546,2024-06-17,"Coffee Beans (500g)",Jaipur,600,11400,7544300
9559,2024-06-19,"Coffee Beans (500g)",Delhi,600,3000,7547300
9572,2024-06-21,"Coffee Beans (500g)",Jaipur,600,7200,7559900
9571,2024-06-21,"Coffee Beans (500g)",Jaipur,600,5400,7559900
9600,2024-06-24,"Coffee Beans (500g)",Jaipur,600,5400,7580900
9601,2024-06-24,"Coffee Beans (500g)",Bangalore,600,5400,7580900
9602,2024-06-24,"Coffee Beans (500g)",Chennai,600,10200,7580900
9622,2024-06-27,"Coffee Beans (500g)",Jaipur,600,9000,7603100
9623,2024-06-27,"Coffee Beans (500g)",Pune,600,7200,7603100
9624,2024-06-27,"Coffee Beans (500g)",Delhi,600,6000,7603100
9639,2024-06-29,"Coffee Beans (500g)",Jaipur,600,7200,7634300
9636,2024-06-29,"Coffee Beans (500g)",Jaipur,600,4800,7634300
9638,2024-06-29,"Coffee Beans (500g)",Bangalore,600,10200,7634300
9637,2024-06-29,"Coffee Beans (500g)",Kanpur,600,9000,7634300
9645,2024-06-30,"Coffee Beans (500g)",Kolkata,600,7200,7641500
9656,2024-07-01,"Coffee Beans (500g)",Kolkata,600,5400,7685900
9661,2024-07-01,"Coffee Beans (500g)",Ahmedabad,600,7200,7685900
9660,2024-07-01,"Coffee Beans (500g)",Pune,600,9000,7685900
9657,2024-07-01,"Coffee Beans (500g)",Chennai,600,9600,7685900
9658,2024-07-01,"Coffee Beans (500g)",Pune,600,3000,7685900
9655,2024-07-01,"Coffee Beans (500g)",Mumbai,600,6600,7685900
9659,2024-07-01,"Coffee Beans (500g)",Pune,600,3600,7685900
9667,2024-07-02,"Coffee Beans (500g)",Pune,600,10800,7696700
9671,2024-07-03,"Coffee Beans (500g)",Chennai,600,6000,7734500
9675,2024-07-03,"Coffee Beans (500g)",Chennai,600,6600,7734500
9672,2024-07-03,"Coffee Beans (500g)",Jaipur,600,8400,7734500
9674,2024-07-03,"Coffee Beans (500g)",Bangalore,600,4800,7734500
9673,2024-07-03,"Coffee Beans (500g)",Bangalore,600,12000,7734500
9679,2024-07-04,"Coffee Beans (500g)",Bangalore,600,9000,7772900
9682,2024-07-04,"Coffee Beans (500g)",Chennai,600,6600,7772900
9681,2024-07-04,"Coffee Beans (500g)",Hyderabad,600,9600,7772900
9678,2024-07-04,"Coffee Beans (500g)",Indore,600,7200,7772900
9680,2024-07-04,"Coffee Beans (500g)",Pune,600,6000,7772900
9692,2024-07-05,"Coffee Beans (500g)",Chennai,600,11400,7784300
9695,2024-07-06,"Coffee Beans (500g)",Jaipur,600,9000,7793300
9699,2024-07-07,"Coffee Beans (500g)",Kanpur,600,9600,7805900
9700,2024-07-07,"Coffee Beans (500g)",Delhi,600,3000,7805900
9710,2024-07-08,"Coffee Beans (500g)",Jaipur,600,4200,7832300
9709,2024-07-08,"Coffee Beans (500g)",Surat,600,10200,7832300
9708,2024-07-08,"Coffee Beans (500g)",Pune,600,12000,7832300
9716,2024-07-09,"Coffee Beans (500g)",Kolkata,600,7200,7858100
9718,2024-07-09,"Coffee Beans (500g)",Indore,600,10200,7858100
9717,2024-07-09,"Coffee Beans (500g)",Pune,600,8400,7858100
9736,2024-07-12,"Coffee Beans (500g)",Bangalore,600,10200,7868300
9754,2024-07-14,"Coffee Beans (500g)",Chennai,600,3600,7871900
9768,2024-07-17,"Coffee Beans (500g)",Pune,600,4200,7886900
9769,2024-07-17,"Coffee Beans (500g)",Jaipur,600,10800,7886900
9778,2024-07-18,"Coffee Beans (500g)",Jaipur,600,9000,7918100
9776,2024-07-18,"Coffee Beans (500g)",Surat,600,10800,7918100
9777,2024-07-18,"Coffee Beans (500g)",Pune,600,11400,7918100
9786,2024-07-19,"Coffee Beans (500g)",Pune,600,6000,7938500
9785,2024-07-19,"Coffee Beans (500g)",Chennai,600,7200,7938500
9784,2024-07-19,"Coffee Beans (500g)",Jaipur,600,7200,7938500
9795,2024-07-20,"Coffee Beans (500g)",Jaipur,600,9600,7948100
9801,2024-07-21,"Coffee Beans (500g)",Bangalore,600,3600,7951700
9819,2024-07-23,"Coffee Beans (500g)",Kolkata,600,3600,7965500
9817,2024-07-23,"Coffee Beans (500g)",Pune,600,6600,7965500
9818,2024-07-23,"Coffee Beans (500g)",Ahmedabad,600,3600,7965500
9832,2024-07-25,"Coffee Beans (500g)",Chennai,600,5400,7970900
9840,2024-07-26,"Coffee Beans (500g)",Chennai,600,11400,8020100
9838,2024-07-26,"Coffee Beans (500g)",Bangalore,600,12000,8020100
9837,2024-07-26,"Coffee Beans (500g)",Kolkata,600,9600,8020100
9836,2024-07-26,"Coffee Beans (500g)",Surat,600,7200,8020100
9839,2024-07-26,"Coffee Beans (500g)",Nagpur,600,9000,8020100
9844,2024-07-27,"Coffee Beans (500g)",Kolkata,600,7200,8033900
9845,2024-07-27,"Coffee Beans (500g)",Bangalore,600,6600,8033900
9852,2024-07-28,"Coffee Beans (500g)",Jaipur,600,7200,8047700
9851,2024-07-28,"Coffee Beans (500g)",Delhi,600,6600,8047700
9864,2024-07-30,"Coffee Beans (500g)",Pune,600,6000,8053700
9869,2024-07-31,"Coffee Beans (500g)",Bangalore,600,6600,8060300
9875,2024-08-01,"Coffee Beans (500g)",Chennai,600,9600,8080700
9876,2024-08-01,"Coffee Beans (500g)",Chennai,600,10800,8080700
9893,2024-08-03,"Coffee Beans (500g)",Chennai,600,7200,8122100
9891,2024-08-03,"Coffee Beans (500g)",Kolkata,600,10800,8122100
9894,2024-08-03,"Coffee Beans (500g)",Kolkata,600,11400,8122100
9895,2024-08-03,"Coffee Beans (500g)",Jaipur,600,4200,8122100
9892,2024-08-03,"Coffee Beans (500g)",Jaipur,600,7800,8122100
9905,2024-08-04,"Coffee Beans (500g)",Bangalore,600,5400,8132900
9906,2024-08-04,"Coffee Beans (500g)",Mumbai,600,5400,8132900
9919,2024-08-05,"Coffee Beans (500g)",Chennai,600,6000,8159900
9918,2024-08-05,"Coffee Beans (500g)",Chennai,600,9600,8159900
9920,2024-08-05,"Coffee Beans (500g)",Bangalore,600,11400,8159900
9930,2024-08-06,"Coffee Beans (500g)",Lucknow,600,3000,8176100
9929,2024-08-06,"Coffee Beans (500g)",Chennai,600,8400,8176100
9928,2024-08-06,"Coffee Beans (500g)",Ahmedabad,600,4800,8176100
9939,2024-08-07,"Coffee Beans (500g)",Jaipur,600,4800,8180900
9945,2024-08-08,"Coffee Beans (500g)",Pune,600,6600,8215700
9947,2024-08-08,"Coffee Beans (500g)",Chennai,600,4200,8215700
9949,2024-08-08,"Coffee Beans (500g)",Bangalore,600,4200,8215700
9944,2024-08-08,"Coffee Beans (500g)",Jaipur,600,5400,8215700
9948,2024-08-08,"Coffee Beans (500g)",Chennai,600,6000,8215700
9946,2024-08-08,"Coffee Beans (500g)",Pune,600,8400,8215700
9957,2024-08-09,"Coffee Beans (500g)",Bangalore,600,3600,8219300
9965,2024-08-10,"Coffee Beans (500g)",Jaipur,600,6000,8257100
9967,2024-08-10,"Coffee Beans (500g)",Pune,600,12000,8257100
9966,2024-08-10,"Coffee Beans (500g)",Pune,600,10800,8257100
9968,2024-08-10,"Coffee Beans (500g)",Delhi,600,9000,8257100
9978,2024-08-11,"Coffee Beans (500g)",Jaipur,600,3600,8276900
9979,2024-08-11,"Coffee Beans (500g)",Delhi,600,10200,8276900
9980,2024-08-11,"Coffee Beans (500g)",Delhi,600,6000,8276900
9987,2024-08-12,"Coffee Beans (500g)",Delhi,600,3000,8303900
9988,2024-08-12,"Coffee Beans (500g)",Kolkata,600,12000,8303900
9989,2024-08-12,"Coffee Beans (500g)",Mumbai,600,12000,8303900
9996,2024-08-13,"Coffee Beans (500g)",Mumbai,600,9600,8344100
9995,2024-08-13,"Coffee Beans (500g)",Mumbai,600,11400,8344100
9998,2024-08-13,"Coffee Beans (500g)",Chennai,600,7800,8344100
9997,2024-08-13,"Coffee Beans (500g)",Pune,600,11400,8344100
10007,2024-08-14,"Coffee Beans (500g)",Nagpur,600,4800,8360300
10008,2024-08-14,"Coffee Beans (500g)",Bangalore,600,11400,8360300
10013,2024-08-15,"Coffee Beans (500g)",Lucknow,600,6600,8366900
10020,2024-08-16,"Coffee Beans (500g)",Lucknow,600,3000,8392100
10019,2024-08-16,"Coffee Beans (500g)",Pune,600,11400,8392100
10018,2024-08-16,"Coffee Beans (500g)",Chennai,600,10800,8392100
10024,2024-08-17,"Coffee Beans (500g)",Delhi,600,9600,8401700
10030,2024-08-18,"Coffee Beans (500g)",Delhi,600,7800,8424500
10029,2024-08-18,"Coffee Beans (500g)",Chennai,600,4200,8424500
10028,2024-08-18,"Coffee Beans (500g)",Pune,600,10800,8424500
10034,2024-08-19,"Coffee Beans (500g)",Bangalore,600,7200,8431700
10044,2024-08-20,"Coffee Beans (500g)",Ahmedabad,600,10800,8465300
10045,2024-08-20,"Coffee Beans (500g)",Jaipur,600,4800,8465300
10043,2024-08-20,"Coffee Beans (500g)",Mumbai,600,9000,8465300
10042,2024-08-20,"Coffee Beans (500g)",Pune,600,9000,8465300
10066,2024-08-22,"Coffee Beans (500g)",Kanpur,600,3000,8468300
10073,2024-08-23,"Coffee Beans (500g)",Chennai,600,7200,8475500
10085,2024-08-25,"Coffee Beans (500g)",Surat,600,10800,8496500
10084,2024-08-25,"Coffee Beans (500g)",Pune,600,10200,8496500
10093,2024-08-26,"Coffee Beans (500g)",Pune,600,7200,8503700
10102,2024-08-27,"Coffee Beans (500g)",Delhi,600,6600,8519900
10101,2024-08-27,"Coffee Beans (500g)",Lucknow,600,9600,8519900
10115,2024-08-29,"Coffee Beans (500g)",Ahmedabad,600,8400,8540300
10116,2024-08-29,"Coffee Beans (500g)",Chennai,600,12000,8540300
10119,2024-08-30,"Coffee Beans (500g)",Jaipur,600,3600,8543900
10124,2024-08-31,"Coffee Beans (500g)",Bangalore,600,7800,8559500
10125,2024-08-31,"Coffee Beans (500g)",Chennai,600,7800,8559500
10132,2024-09-01,"Coffee Beans (500g)",Bangalore,600,3600,8563100
10148,2024-09-03,"Coffee Beans (500g)",Chennai,600,7200,8603900
10150,2024-09-03,"Coffee Beans (500g)",Bangalore,600,6000,8603900
10145,2024-09-03,"Coffee Beans (500g)",Chennai,600,5400,8603900
10147,2024-09-03,"Coffee Beans (500g)",Chennai,600,6000,8603900
10149,2024-09-03,"Coffee Beans (500g)",Pune,600,6600,8603900
10146,2024-09-03,"Coffee Beans (500g)",Surat,600,9600,8603900
10170,2024-09-05,"Coffee Beans (500g)",Pune,600,7200,8626700
10169,2024-09-05,"Coffee Beans (500g)",Delhi,600,6600,8626700
10168,2024-09-05,"Coffee Beans (500g)",Pune,600,9000,8626700
10177,2024-09-06,"Coffee Beans (500g)",Kolkata,600,12000,8657900
10178,2024-09-06,"Coffee Beans (500g)",Delhi,600,9600,8657900
10176,2024-09-06,"Coffee Beans (500g)",Pune,600,9600,8657900
10186,2024-09-07,"Coffee Beans (500g)",Pune,600,7800,8665700
10192,2024-09-08,"Coffee Beans (500g)",Mumbai,600,3000,8687900
10190,2024-09-08,"Coffee Beans (500g)",Jaipur,600,10800,8687900
10191,2024-09-08,"Coffee Beans (500g)",Jaipur,600,8400,8687900
10198,2024-09-09,"Coffee Beans (500g)",Chennai,600,4800,8692700
10205,2024-09-10,"Coffee Beans (500g)",Kolkata,600,8400,8701100
10210,2024-09-11,"Coffee Beans (500g)",Jaipur,600,10200,8714300
10209,2024-09-11,"Coffee Beans (500g)",Bangalore,600,3000,8714300
10219,2024-09-12,"Coffee Beans (500g)",Chennai,600,12000,8736500
10218,2024-09-12,"Coffee Beans (500g)",Jaipur,600,10200,8736500
10235,2024-09-13,"Coffee Beans (500g)",Chennai,600,8400,8771900
10232,2024-09-13,"Coffee Beans (500g)",Chennai,600,9000,8771900
10233,2024-09-13,"Coffee Beans (500g)",Bangalore,600,4200,8771900
10234,2024-09-13,"Coffee Beans (500g)",Bangalore,600,9000,8771900
10231,2024-09-13,"Coffee Beans (500g)",Jaipur,600,4800,8771900
10244,2024-09-14,"Coffee Beans (500g)",Jaipur,600,9000,8780900
10249,2024-09-15,"Coffee Beans (500g)",Chennai,600,3600,8788100
10250,2024-09-15,"Coffee Beans (500g)",Pune,600,3600,8788100
10252,2024-09-16,"Coffee Beans (500g)",Pune,600,5400,8813300
10253,2024-09-16,"Coffee Beans (500g)",Chennai,600,12000,8813300
10254,2024-09-16,"Coffee Beans (500g)",Bangalore,600,7800,8813300
10260,2024-09-17,"Coffee Beans (500g)",Bangalore,600,9000,8841500
10259,2024-09-17,"Coffee Beans (500g)",Jaipur,600,9000,8841500
10258,2024-09-17,"Coffee Beans (500g)",Pune,600,10200,8841500
10269,2024-09-18,"Coffee Beans (500g)",Pune,600,4800,8864300
10268,2024-09-18,"Coffee Beans (500g)",Indore,600,9600,8864300
10270,2024-09-18,"Coffee Beans (500g)",Nagpur,600,8400,8864300
10279,2024-09-19,"Coffee Beans (500g)",Kolkata,600,4200,8872100
10280,2024-09-19,"Coffee Beans (500g)",Delhi,600,3600,8872100
10291,2024-09-20,"Coffee Beans (500g)",Hyderabad,600,7800,8887700
10290,2024-09-20,"Coffee Beans (500g)",Bangalore,600,7800,8887700
10300,2024-09-21,"Coffee Beans (500g)",Bangalore,600,7800,8902100
10301,2024-09-21,"Coffee Beans (500g)",Jaipur,600,6600,8902100
10309,2024-09-22,"Coffee Beans (500g)",Pune,600,6000,8908100
10314,2024-09-23,"Coffee Beans (500g)",Jaipur,600,11400,8930300
10312,2024-09-23,"Coffee Beans (500g)",Pune,600,7200,8930300
10313,2024-09-23,"Coffee Beans (500g)",Pune,600,3600,8930300
10319,2024-09-24,"Coffee Beans (500g)",Pune,600,4800,8941100
10318,2024-09-24,"Coffee Beans (500g)",Chennai,600,6000,8941100
10333,2024-09-25,"Coffee Beans (500g)",Chennai,600,4800,8954300
10334,2024-09-25,"Coffee Beans (500g)",Pune,600,4200,8954300
10332,2024-09-25,"Coffee Beans (500g)",Pune,600,4200,8954300
10343,2024-09-26,"Coffee Beans (500g)",Chennai,600,5400,8959700
10350,2024-09-27,"Coffee Beans (500g)",Pune,600,10200,8974700
10351,2024-09-27,"Coffee Beans (500g)",Hyderabad,600,4800,8974700
10358,2024-09-28,"Coffee Beans (500g)",Pune,600,10800,9010700
10356,2024-09-28,"Coffee Beans (500g)",Chennai,600,7800,9010700
10357,2024-09-28,"Coffee Beans (500g)",Jaipur,600,9600,9010700
10359,2024-09-28,"Coffee Beans (500g)",Kolkata,600,7800,9010700
10365,2024-09-29,"Coffee Beans (500g)",Jaipur,600,8400,9025100
10366,2024-09-29,"Coffee Beans (500g)",Pune,600,6000,9025100
10377,2024-09-30,"Coffee Beans (500g)",Pune,600,9600,9070100
10376,2024-09-30,"Coffee Beans (500g)",Jaipur,600,12000,9070100
10378,2024-09-30,"Coffee Beans (500g)",Surat,600,3600,9070100
10379,2024-09-30,"Coffee Beans (500g)",Kolkata,600,7800,9070100
10380,2024-09-30,"Coffee Beans (500g)",Jaipur,600,12000,9070100
10388,2024-10-01,"Coffee Beans (500g)",Pune,600,9000,9079100
34,2023-01-04,"Coffee Drip Bags (10 Bags)",Jaipur,450,4500,7650
33,2023-01-04,"Coffee Drip Bags (10 Bags)",Surat,450,3150,7650
47,2023-01-06,"Coffee Drip Bags (10 Bags)",Pune,450,5400,13050
133,2023-01-16,"Coffee Drip Bags (10 Bags)",Chennai,450,2700,27000
132,2023-01-16,"Coffee Drip Bags (10 Bags)",Chennai,450,6300,27000
134,2023-01-16,"Coffee Drip Bags (10 Bags)",Delhi,450,4950,27000
171,2023-01-19,"Coffee Drip Bags (10 Bags)",Jaipur,450,4950,40500
170,2023-01-19,"Coffee Drip Bags (10 Bags)",Jaipur,450,8550,40500
220,2023-01-24,"Coffee Drip Bags (10 Bags)",Pune,450,4500,53550
219,2023-01-24,"Coffee Drip Bags (10 Bags)",Bangalore,450,8550,53550
245,2023-01-26,"Coffee Drip Bags (10 Bags)",Jaipur,450,5850,59400
291,2023-01-30,"Coffee Drip Bags (10 Bags)",Bangalore,450,6300,65700
337,2023-02-02,"Coffee Drip Bags (10 Bags)",Delhi,450,8550,82350
338,2023-02-02,"Coffee Drip Bags (10 Bags)",Chennai,450,8100,82350
349,2023-02-03,"Coffee Drip Bags (10 Bags)",Pune,450,8100,90450
400,2023-02-09,"Coffee Drip Bags (10 Bags)",Chennai,450,3150,93600
425,2023-02-11,"Coffee Drip Bags (10 Bags)",Bangalore,450,7200,100800
444,2023-02-13,"Coffee Drip Bags (10 Bags)",Pune,450,7650,113400
443,2023-02-13,"Coffee Drip Bags (10 Bags)",Kanpur,450,4950,113400
465,2023-02-15,"Coffee Drip Bags (10 Bags)",Ahmedabad,450,3150,123300
466,2023-02-15,"Coffee Drip Bags (10 Bags)",Bangalore,450,6750,123300
542,2023-02-22,"Coffee Drip Bags (10 Bags)",Pune,450,4050,127350
556,2023-02-23,"Coffee Drip Bags (10 Bags)",Bangalore,450,9000,136350
569,2023-02-24,"Coffee Drip Bags (10 Bags)",Chennai,450,9000,149850
570,2023-02-24,"Coffee Drip Bags (10 Bags)",Pune,450,4500,149850
606,2023-02-27,"Coffee Drip Bags (10 Bags)",Jaipur,450,6300,156150
615,2023-02-28,"Coffee Drip Bags (10 Bags)",Hyderabad,450,5400,161550
644,2023-03-02,"Coffee Drip Bags (10 Bags)",Chennai,450,5850,167400
714,2023-03-07,"Coffee Drip Bags (10 Bags)",Chennai,450,8550,181350
713,2023-03-07,"Coffee Drip Bags (10 Bags)",Jaipur,450,5400,181350
728,2023-03-08,"Coffee Drip Bags (10 Bags)",Delhi,450,7200,188550
736,2023-03-09,"Coffee Drip Bags (10 Bags)",Jaipur,450,7200,195750
776,2023-03-12,"Coffee Drip Bags (10 Bags)",Bangalore,450,7650,203400
810,2023-03-15,"Coffee Drip Bags (10 Bags)",Bangalore,450,5850,209250
845,2023-03-18,"Coffee Drip Bags (10 Bags)",Delhi,450,3150,212400
866,2023-03-21,"Coffee Drip Bags (10 Bags)",Pune,450,8100,220500
907,2023-03-25,"Coffee Drip Bags (10 Bags)",Bangalore,450,5400,237150
906,2023-03-25,"Coffee Drip Bags (10 Bags)",Delhi,450,2700,237150
905,2023-03-25,"Coffee Drip Bags (10 Bags)",Delhi,450,8550,237150
912,2023-03-26,"Coffee Drip Bags (10 Bags)",Indore,450,4050,241200
930,2023-03-28,"Coffee Drip Bags (10 Bags)",Kanpur,450,2700,243900
947,2023-03-30,"Coffee Drip Bags (10 Bags)",Pune,450,6750,255150
948,2023-03-30,"Coffee Drip Bags (10 Bags)",Delhi,450,4500,255150
965,2023-03-31,"Coffee Drip Bags (10 Bags)",Lucknow,450,3150,258300
1021,2023-04-04,"Coffee Drip Bags (10 Bags)",Bangalore,450,7200,265500
1036,2023-04-06,"Coffee Drip Bags (10 Bags)",Jaipur,450,6750,272250
1051,2023-04-07,"Coffee Drip Bags (10 Bags)",Pune,450,3600,275850
1076,2023-04-09,"Coffee Drip Bags (10 Bags)",Chennai,450,6300,282150
1103,2023-04-11,"Coffee Drip Bags (10 Bags)",Delhi,450,4950,287100
1113,2023-04-12,"Coffee Drip Bags (10 Bags)",Pune,450,9000,296100
1185,2023-04-20,"Coffee Drip Bags (10 Bags)",Jaipur,450,6750,302850
1221,2023-04-23,"Coffee Drip Bags (10 Bags)",Jaipur,450,7200,310050
1315,2023-05-01,"Coffee Drip Bags (10 Bags)",Chennai,450,5850,315900
1413,2023-05-09,"Coffee Drip Bags (10 Bags)",Delhi,450,9000,333450
1414,2023-05-09,"Coffee Drip Bags (10 Bags)",Chennai,450,8550,333450
1447,2023-05-12,"Coffee Drip Bags (10 Bags)",Indore,450,6300,339750
1471,2023-05-14,"Coffee Drip Bags (10 Bags)",Delhi,450,9000,348750
1482,2023-05-15,"Coffee Drip Bags (10 Bags)",Pune,450,4050,352800
1569,2023-05-23,"Coffee Drip Bags (10 Bags)",Pune,450,8550,361350
1579,2023-05-24,"Coffee Drip Bags (10 Bags)",Bangalore,450,4050,365400
1646,2023-05-31,"Coffee Drip Bags (10 Bags)",Pune,450,7200,372600
1655,2023-06-01,"Coffee Drip Bags (10 Bags)",Pune,450,6750,379350
1683,2023-06-03,"Coffee Drip Bags (10 Bags)",Surat,450,8550,387900
1696,2023-06-04,"Coffee Drip Bags (10 Bags)",Bangalore,450,9000,396900
1723,2023-06-06,"Coffee Drip Bags (10 Bags)",Pune,450,9000,405900
1762,2023-06-09,"Coffee Drip Bags (10 Bags)",Chennai,450,3150,409050
1782,2023-06-11,"Coffee Drip Bags (10 Bags)",Chennai,450,4950,417600
1783,2023-06-11,"Coffee Drip Bags (10 Bags)",Bangalore,450,3600,417600
1900,2023-06-25,"Coffee Drip Bags (10 Bags)",Jaipur,450,5400,423000
1911,2023-06-27,"Coffee Drip Bags (10 Bags)",Pune,450,7200,430200
1981,2023-07-03,"Coffee Drip Bags (10 Bags)",Bangalore,450,5850,438750
1982,2023-07-03,"Coffee Drip Bags (10 Bags)",Delhi,450,2700,438750
1988,2023-07-04,"Coffee Drip Bags (10 Bags)",Pune,450,3600,442350
2010,2023-07-06,"Coffee Drip Bags (10 Bags)",Chennai,450,9000,456300
2011,2023-07-06,"Coffee Drip Bags (10 Bags)",Chennai,450,4950,456300
2030,2023-07-08,"Coffee Drip Bags (10 Bags)",Bangalore,450,9000,465300
2109,2023-07-16,"Coffee Drip Bags (10 Bags)",Pune,450,2250,467550
2145,2023-07-19,"Coffee Drip Bags (10 Bags)",Chennai,450,8550,476100
2247,2023-07-27,"Coffee Drip Bags (10 Bags)",Pune,450,7650,483750
2254,2023-07-28,"Coffee Drip Bags (10 Bags)",Delhi,450,2250,486000
2285,2023-07-31,"Coffee Drip Bags (10 Bags)",Kanpur,450,3600,489600
3645,2023-10-04,"Coffee Drip Bags (10 Bags)",Nagpur,450,7650,522000
3648,2023-10-04,"Coffee Drip Bags (10 Bags)",Bangalore,450,5850,522000
3646,2023-10-04,"Coffee Drip Bags (10 Bags)",Chennai,450,4500,522000
3643,2023-10-04,"Coffee Drip Bags (10 Bags)",Chennai,450,2250,522000
3644,2023-10-04,"Coffee Drip Bags (10 Bags)",Chennai,450,8100,522000
3647,2023-10-04,"Coffee Drip Bags (10 Bags)",Delhi,450,4050,522000
3672,2023-10-05,"Coffee Drip Bags (10 Bags)",Pune,450,7650,532350
3671,2023-10-05,"Coffee Drip Bags (10 Bags)",Indore,450,2700,532350
3706,2023-10-06,"Coffee Drip Bags (10 Bags)",Chennai,450,8550,540900
3744,2023-10-07,"Coffee Drip Bags (10 Bags)",Nagpur,450,4500,581400
3742,2023-10-07,"Coffee Drip Bags (10 Bags)",Jaipur,450,5850,581400
3746,2023-10-07,"Coffee Drip Bags (10 Bags)",Pune,450,8550,581400
3747,2023-10-07,"Coffee Drip Bags (10 Bags)",Delhi,450,3150,581400
3741,2023-10-07,"Coffee Drip Bags (10 Bags)",Pune,450,3150,581400
3748,2023-10-07,"Coffee Drip Bags (10 Bags)",Jaipur,450,3150,581400
3745,2023-10-07,"Coffee Drip Bags (10 Bags)",Surat,450,4050,581400
3743,2023-10-07,"Coffee Drip Bags (10 Bags)",Bangalore,450,8100,581400
3791,2023-10-09,"Coffee Drip Bags (10 Bags)",Pune,450,3150,587250
3792,2023-10-09,"Coffee Drip Bags (10 Bags)",Pune,450,2700,587250
3822,2023-10-10,"Coffee Drip Bags (10 Bags)",Nagpur,450,6750,616050
3821,2023-10-10,"Coffee Drip Bags (10 Bags)",Chennai,450,3150,616050
3818,2023-10-10,"Coffee Drip Bags (10 Bags)",Delhi,450,8100,616050
3819,2023-10-10,"Coffee Drip Bags (10 Bags)",Pune,450,6300,616050
3820,2023-10-10,"Coffee Drip Bags (10 Bags)",Pune,450,4500,616050
3848,2023-10-11,"Coffee Drip Bags (10 Bags)",Indore,450,9000,625050
3878,2023-10-12,"Coffee Drip Bags (10 Bags)",Bangalore,450,7200,643950
3876,2023-10-12,"Coffee Drip Bags (10 Bags)",Chennai,450,7650,643950
3877,2023-10-12,"Coffee Drip Bags (10 Bags)",Jaipur,450,4050,643950
3906,2023-10-13,"Coffee Drip Bags (10 Bags)",Chennai,450,6300,661950
3908,2023-10-13,"Coffee Drip Bags (10 Bags)",Pune,450,4950,661950
3907,2023-10-13,"Coffee Drip Bags (10 Bags)",Pune,450,6750,661950
3967,2023-10-15,"Coffee Drip Bags (10 Bags)",Chennai,450,6300,674100
3968,2023-10-15,"Coffee Drip Bags (10 Bags)",Pune,450,5850,674100
4014,2023-10-17,"Coffee Drip Bags (10 Bags)",Delhi,450,4950,687600
4013,2023-10-17,"Coffee Drip Bags (10 Bags)",Pune,450,2700,687600
4012,2023-10-17,"Coffee Drip Bags (10 Bags)",Bangalore,450,5850,687600
4038,2023-10-18,"Coffee Drip Bags (10 Bags)",Bangalore,450,7650,715950
4040,2023-10-18,"Coffee Drip Bags (10 Bags)",Bangalore,450,9000,715950
4039,2023-10-18,"Coffee Drip Bags (10 Bags)",Bangalore,450,5400,715950
4037,2023-10-18,"Coffee Drip Bags (10 Bags)",Bangalore,450,6300,715950
4070,2023-10-19,"Coffee Drip Bags (10 Bags)",Chennai,450,5400,727650
4069,2023-10-19,"Coffee Drip Bags (10 Bags)",Pune,450,6300,727650
4093,2023-10-20,"Coffee Drip Bags (10 Bags)",Chennai,450,7650,741600
4092,2023-10-20,"Coffee Drip Bags (10 Bags)",Hyderabad,450,6300,741600
4113,2023-10-21,"Coffee Drip Bags (10 Bags)",Bangalore,450,3150,757800
4112,2023-10-21,"Coffee Drip Bags (10 Bags)",Mumbai,450,8550,757800
4111,2023-10-21,"Coffee Drip Bags (10 Bags)",Pune,450,4500,757800
4170,2023-10-23,"Coffee Drip Bags (10 Bags)",Chennai,450,8100,798300
4174,2023-10-23,"Coffee Drip Bags (10 Bags)",Jaipur,450,2700,798300
4168,2023-10-23,"Coffee Drip Bags (10 Bags)",Indore,450,3600,798300
4172,2023-10-23,"Coffee Drip Bags (10 Bags)",Kanpur,450,8550,798300
4169,2023-10-23,"Coffee Drip Bags (10 Bags)",Kanpur,450,2700,798300
4171,2023-10-23,"Coffee Drip Bags (10 Bags)",Chennai,450,7200,798300
4173,2023-10-23,"Coffee Drip Bags (10 Bags)",Chennai,450,7650,798300
4201,2023-10-24,"Coffee Drip Bags (10 Bags)",Pune,450,4050,807750
4202,2023-10-24,"Coffee Drip Bags (10 Bags)",Kolkata,450,5400,807750
4228,2023-10-25,"Coffee Drip Bags (10 Bags)",Pune,450,4500,812250
4252,2023-10-26,"Coffee Drip Bags (10 Bags)",Jaipur,450,3150,820350
4251,2023-10-26,"Coffee Drip Bags (10 Bags)",Bangalore,450,4950,820350
4276,2023-10-27,"Coffee Drip Bags (10 Bags)",Delhi,450,2700,842850
4273,2023-10-27,"Coffee Drip Bags (10 Bags)",Delhi,450,5850,842850
4275,2023-10-27,"Coffee Drip Bags (10 Bags)",Delhi,450,8550,842850
4274,2023-10-27,"Coffee Drip Bags (10 Bags)",Pune,450,5400,842850
4310,2023-10-28,"Coffee Drip Bags (10 Bags)",Pune,450,4050,858150
4312,2023-10-28,"Coffee Drip Bags (10 Bags)",Kolkata,450,5400,858150
4311,2023-10-28,"Coffee Drip Bags (10 Bags)",Jaipur,450,5850,858150
4361,2023-10-30,"Coffee Drip Bags (10 Bags)",Kolkata,450,6300,864450
4378,2023-10-31,"Coffee Drip Bags (10 Bags)",Chennai,450,4050,877050
4377,2023-10-31,"Coffee Drip Bags (10 Bags)",Chennai,450,8550,877050
4398,2023-11-01,"Coffee Drip Bags (10 Bags)",Nagpur,450,4050,897300
4396,2023-11-01,"Coffee Drip Bags (10 Bags)",Pune,450,4950,897300
4399,2023-11-01,"Coffee Drip Bags (10 Bags)",Delhi,450,2700,897300
4397,2023-11-01,"Coffee Drip Bags (10 Bags)",Nagpur,450,8550,897300
4439,2023-11-02,"Coffee Drip Bags (10 Bags)",Mumbai,450,6300,919350
4438,2023-11-02,"Coffee Drip Bags (10 Bags)",Delhi,450,4500,919350
4441,2023-11-02,"Coffee Drip Bags (10 Bags)",Mumbai,450,3150,919350
4440,2023-11-02,"Coffee Drip Bags (10 Bags)",Chennai,450,5850,919350
4442,2023-11-02,"Coffee Drip Bags (10 Bags)",Kolkata,450,2250,919350
4475,2023-11-03,"Coffee Drip Bags (10 Bags)",Hyderabad,450,6300,936000
4474,2023-11-03,"Coffee Drip Bags (10 Bags)",Pune,450,2250,936000
4473,2023-11-03,"Coffee Drip Bags (10 Bags)",Mumbai,450,4500,936000
4472,2023-11-03,"Coffee Drip Bags (10 Bags)",Bangalore,450,3600,936000
4505,2023-11-04,"Coffee Drip Bags (10 Bags)",Bangalore,450,7650,949050
4504,2023-11-04,"Coffee Drip Bags (10 Bags)",Bangalore,450,5400,949050
4542,2023-11-05,"Coffee Drip Bags (10 Bags)",Jaipur,450,4500,953550
4576,2023-11-06,"Coffee Drip Bags (10 Bags)",Indore,450,4950,970200
4575,2023-11-06,"Coffee Drip Bags (10 Bags)",Kolkata,450,8100,970200
4577,2023-11-06,"Coffee Drip Bags (10 Bags)",Chennai,450,3600,970200
4598,2023-11-07,"Coffee Drip Bags (10 Bags)",Bangalore,450,8100,978300
4632,2023-11-08,"Coffee Drip Bags (10 Bags)",Chennai,450,8550,1008450
4628,2023-11-08,"Coffee Drip Bags (10 Bags)",Hyderabad,450,2700,1008450
4630,2023-11-08,"Coffee Drip Bags (10 Bags)",Kolkata,450,6750,1008450
4629,2023-11-08,"Coffee Drip Bags (10 Bags)",Jaipur,450,3150,1008450
4631,2023-11-08,"Coffee Drip Bags (10 Bags)",Lucknow,450,9000,1008450
4656,2023-11-09,"Coffee Drip Bags (10 Bags)",Pune,450,8100,1031850
4657,2023-11-09,"Coffee Drip Bags (10 Bags)",Pune,450,7650,1031850
4658,2023-11-09,"Coffee Drip Bags (10 Bags)",Nagpur,450,2250,1031850
4659,2023-11-09,"Coffee Drip Bags (10 Bags)",Delhi,450,5400,1031850
4684,2023-11-10,"Coffee Drip Bags (10 Bags)",Chennai,450,7200,1048050
4685,2023-11-10,"Coffee Drip Bags (10 Bags)",Jaipur,450,3600,1048050
4683,2023-11-10,"Coffee Drip Bags (10 Bags)",Jaipur,450,5400,1048050
4716,2023-11-11,"Coffee Drip Bags (10 Bags)",Bangalore,450,4050,1061100
4717,2023-11-11,"Coffee Drip Bags (10 Bags)",Chennai,450,2700,1061100
4718,2023-11-11,"Coffee Drip Bags (10 Bags)",Delhi,450,6300,1061100
4748,2023-11-12,"Coffee Drip Bags (10 Bags)",Ahmedabad,450,3150,1068300
4747,2023-11-12,"Coffee Drip Bags (10 Bags)",Pune,450,4050,1068300
4779,2023-11-13,"Coffee Drip Bags (10 Bags)",Pune,450,4050,1088550
4780,2023-11-13,"Coffee Drip Bags (10 Bags)",Chennai,450,6300,1088550
4781,2023-11-13,"Coffee Drip Bags (10 Bags)",Pune,450,6750,1088550
4778,2023-11-13,"Coffee Drip Bags (10 Bags)",Pune,450,3150,1088550
4811,2023-11-14,"Coffee Drip Bags (10 Bags)",Pune,450,9000,1099800
4812,2023-11-14,"Coffee Drip Bags (10 Bags)",Chennai,450,2250,1099800
4847,2023-11-15,"Coffee Drip Bags (10 Bags)",Chennai,450,6300,1116450
4848,2023-11-15,"Coffee Drip Bags (10 Bags)",Chennai,450,7200,1116450
4846,2023-11-15,"Coffee Drip Bags (10 Bags)",Bangalore,450,3150,1116450
4875,2023-11-16,"Coffee Drip Bags (10 Bags)",Nagpur,450,6750,1134000
4878,2023-11-16,"Coffee Drip Bags (10 Bags)",Jaipur,450,4500,1134000
4877,2023-11-16,"Coffee Drip Bags (10 Bags)",Kolkata,450,3600,1134000
4876,2023-11-16,"Coffee Drip Bags (10 Bags)",Delhi,450,2700,1134000
4897,2023-11-17,"Coffee Drip Bags (10 Bags)",Kanpur,450,3600,1169100
4895,2023-11-17,"Coffee Drip Bags (10 Bags)",Mumbai,450,8550,1169100
4893,2023-11-17,"Coffee Drip Bags (10 Bags)",Pune,450,2700,1169100
4898,2023-11-17,"Coffee Drip Bags (10 Bags)",Bangalore,450,6300,1169100
4894,2023-11-17,"Coffee Drip Bags (10 Bags)",Pune,450,4500,1169100
4896,2023-11-17,"Coffee Drip Bags (10 Bags)",Lucknow,450,3150,1169100
4892,2023-11-17,"Coffee Drip Bags (10 Bags)",Chennai,450,6300,1169100
4924,2023-11-18,"Coffee Drip Bags (10 Bags)",Ahmedabad,450,9000,1178100
4963,2023-11-19,"Coffee Drip Bags (10 Bags)",Chennai,450,4950,1186650
4964,2023-11-19,"Coffee Drip Bags (10 Bags)",Bangalore,450,3600,1186650
4993,2023-11-20,"Coffee Drip Bags (10 Bags)",Nagpur,450,7200,1197450
4994,2023-11-20,"Coffee Drip Bags (10 Bags)",Chennai,450,3600,1197450
5018,2023-11-21,"Coffee Drip Bags (10 Bags)",Jaipur,450,6750,1219950
5019,2023-11-21,"Coffee Drip Bags (10 Bags)",Ahmedabad,450,3600,1219950
5016,2023-11-21,"Coffee Drip Bags (10 Bags)",Pune,450,5850,1219950
5017,2023-11-21,"Coffee Drip Bags (10 Bags)",Jaipur,450,6300,1219950
5048,2023-11-22,"Coffee Drip Bags (10 Bags)",Chennai,450,9000,1233450
5047,2023-11-22,"Coffee Drip Bags (10 Bags)",Lucknow,450,4500,1233450
5120,2023-11-25,"Coffee Drip Bags (10 Bags)",Chennai,450,9000,1242450
5150,2023-11-26,"Coffee Drip Bags (10 Bags)",Pune,450,4950,1266300
5148,2023-11-26,"Coffee Drip Bags (10 Bags)",Jaipur,450,9000,1266300
5151,2023-11-26,"Coffee Drip Bags (10 Bags)",Surat,450,7200,1266300
5149,2023-11-26,"Coffee Drip Bags (10 Bags)",Indore,450,2700,1266300
5176,2023-11-27,"Coffee Drip Bags (10 Bags)",Chennai,450,2250,1284300
5173,2023-11-27,"Coffee Drip Bags (10 Bags)",Jaipur,450,4500,1284300
5174,2023-11-27,"Coffee Drip Bags (10 Bags)",Bangalore,450,4500,1284300
5175,2023-11-27,"Coffee Drip Bags (10 Bags)",Kanpur,450,6750,1284300
5209,2023-11-28,"Coffee Drip Bags (10 Bags)",Chennai,450,8550,1308600
5208,2023-11-28,"Coffee Drip Bags (10 Bags)",Delhi,450,8100,1308600
5207,2023-11-28,"Coffee Drip Bags (10 Bags)",Jaipur,450,7650,1308600
5228,2023-11-29,"Coffee Drip Bags (10 Bags)",Mumbai,450,4050,1318500
5230,2023-11-29,"Coffee Drip Bags (10 Bags)",Indore,450,2700,1318500
5229,2023-11-29,"Coffee Drip Bags (10 Bags)",Jaipur,450,3150,1318500
5266,2023-11-30,"Coffee Drip Bags (10 Bags)",Hyderabad,450,7650,1326150
5303,2023-12-01,"Coffee Drip Bags (10 Bags)",Surat,450,3600,1371600
5298,2023-12-01,"Coffee Drip Bags (10 Bags)",Hyderabad,450,6300,1371600
5296,2023-12-01,"Coffee Drip Bags (10 Bags)",Pune,450,8100,1371600
5302,2023-12-01,"Coffee Drip Bags (10 Bags)",Delhi,450,4500,1371600
5300,2023-12-01,"Coffee Drip Bags (10 Bags)",Pune,450,4050,1371600
5297,2023-12-01,"Coffee Drip Bags (10 Bags)",Jaipur,450,8100,1371600
5299,2023-12-01,"Coffee Drip Bags (10 Bags)",Jaipur,450,6750,1371600
5301,2023-12-01,"Coffee Drip Bags (10 Bags)",Chennai,450,4050,1371600
5356,2023-12-02,"Coffee Drip Bags (10 Bags)",Jaipur,450,2250,1386900
5354,2023-12-02,"Coffee Drip Bags (10 Bags)",Jaipur,450,4950,1386900
5357,2023-12-02,"Coffee Drip Bags (10 Bags)",Kanpur,450,4050,1386900
5355,2023-12-02,"Coffee Drip Bags (10 Bags)",Chennai,450,4050,1386900
5394,2023-12-03,"Coffee Drip Bags (10 Bags)",Delhi,450,4050,1404450
5392,2023-12-03,"Coffee Drip Bags (10 Bags)",Jaipur,450,6750,1404450
5393,2023-12-03,"Coffee Drip Bags (10 Bags)",Nagpur,450,6750,1404450
5412,2023-12-04,"Coffee Drip Bags (10 Bags)",Pune,450,4950,1416150
5413,2023-12-04,"Coffee Drip Bags (10 Bags)",Nagpur,450,6750,1416150
5445,2023-12-05,"Coffee Drip Bags (10 Bags)",Indore,450,2700,1426050
5444,2023-12-05,"Coffee Drip Bags (10 Bags)",Jaipur,450,7200,1426050
5462,2023-12-06,"Coffee Drip Bags (10 Bags)",Jaipur,450,6300,1442250
5463,2023-12-06,"Coffee Drip Bags (10 Bags)",Surat,450,4500,1442250
5461,2023-12-06,"Coffee Drip Bags (10 Bags)",Pune,450,5400,1442250
5489,2023-12-07,"Coffee Drip Bags (10 Bags)",Jaipur,450,7650,1476450
5485,2023-12-07,"Coffee Drip Bags (10 Bags)",Pune,450,6750,1476450
5487,2023-12-07,"Coffee Drip Bags (10 Bags)",Lucknow,450,5400,1476450
5488,2023-12-07,"Coffee Drip Bags (10 Bags)",Lucknow,450,2250,1476450
5490,2023-12-07,"Coffee Drip Bags (10 Bags)",Chennai,450,3150,1476450
5486,2023-12-07,"Coffee Drip Bags (10 Bags)",Nagpur,450,9000,1476450
5523,2023-12-08,"Coffee Drip Bags (10 Bags)",Indore,450,3150,1479600
5557,2023-12-09,"Coffee Drip Bags (10 Bags)",Jaipur,450,6750,1486350
5616,2023-12-11,"Coffee Drip Bags (10 Bags)",Indore,450,6300,1508850
5617,2023-12-11,"Coffee Drip Bags (10 Bags)",Jaipur,450,3600,1508850
5618,2023-12-11,"Coffee Drip Bags (10 Bags)",Bangalore,450,4050,1508850
5619,2023-12-11,"Coffee Drip Bags (10 Bags)",Jaipur,450,8550,1508850
5640,2023-12-12,"Coffee Drip Bags (10 Bags)",Lucknow,450,4500,1528650
5638,2023-12-12,"Coffee Drip Bags (10 Bags)",Jaipur,450,7200,1528650
5639,2023-12-12,"Coffee Drip Bags (10 Bags)",Chennai,450,8100,1528650
5661,2023-12-13,"Coffee Drip Bags (10 Bags)",Lucknow,450,7650,1536300
5685,2023-12-14,"Coffee Drip Bags (10 Bags)",Pune,450,8100,1548000
5686,2023-12-14,"Coffee Drip Bags (10 Bags)",Jaipur,450,3600,1548000
5709,2023-12-15,"Coffee Drip Bags (10 Bags)",Bangalore,450,4500,1557900
5708,2023-12-15,"Coffee Drip Bags (10 Bags)",Bangalore,450,5400,1557900
5736,2023-12-16,"Coffee Drip Bags (10 Bags)",Bangalore,450,4950,1581750
5738,2023-12-16,"Coffee Drip Bags (10 Bags)",Delhi,450,5400,1581750
5734,2023-12-16,"Coffee Drip Bags (10 Bags)",Jaipur,450,5850,1581750
5735,2023-12-16,"Coffee Drip Bags (10 Bags)",Jaipur,450,4950,1581750
5737,2023-12-16,"Coffee Drip Bags (10 Bags)",Mumbai,450,2700,1581750
5764,2023-12-17,"Coffee Drip Bags (10 Bags)",Hyderabad,450,8550,1594800
5763,2023-12-17,"Coffee Drip Bags (10 Bags)",Surat,450,4500,1594800
5795,2023-12-18,"Coffee Drip Bags (10 Bags)",Jaipur,450,3600,1602450
5794,2023-12-18,"Coffee Drip Bags (10 Bags)",Pune,450,4050,1602450
5823,2023-12-19,"Coffee Drip Bags (10 Bags)",Jaipur,450,6300,1626300
5824,2023-12-19,"Coffee Drip Bags (10 Bags)",Chennai,450,7650,1626300
5821,2023-12-19,"Coffee Drip Bags (10 Bags)",Chennai,450,7200,1626300
5822,2023-12-19,"Coffee Drip Bags (10 Bags)",Delhi,450,2700,1626300
149,2023-01-17,"Coffee Gift Hamper",Jaipur,1800,19800,19800
160,2023-01-18,"Coffee Gift Hamper",Bangalore,1800,9000,28800
248,2023-01-26,"Coffee Gift Hamper",Bangalore,1800,25200,54000
278,2023-01-29,"Coffee Gift Hamper",Pune,1800,16200,70200
325,2023-02-01,"Coffee Gift Hamper",Pune,1800,16200,86400
354,2023-02-03,"Coffee Gift Hamper",Kanpur,1800,36000,122400
361,2023-02-04,"Coffee Gift Hamper",Pune,1800,12600,135000
374,2023-02-06,"Coffee Gift Hamper",Ahmedabad,1800,19800,154800
438,2023-02-12,"Coffee Gift Hamper",Delhi,1800,32400,221400
439,2023-02-12,"Coffee Gift Hamper",Hyderabad,1800,34200,221400
458,2023-02-14,"Coffee Gift Hamper",Mumbai,1800,34200,255600
510,2023-02-19,"Coffee Gift Hamper",Chennai,1800,16200,271800
596,2023-02-26,"Coffee Gift Hamper",Pune,1800,10800,282600
607,2023-02-27,"Coffee Gift Hamper",Jaipur,1800,14400,297000
631,2023-03-01,"Coffee Gift Hamper",Pune,1800,25200,322200
649,2023-03-02,"Coffee Gift Hamper",Mumbai,1800,27000,349200
665,2023-03-03,"Coffee Gift Hamper",Chennai,1800,16200,365400
697,2023-03-05,"Coffee Gift Hamper",Pune,1800,10800,376200
706,2023-03-06,"Coffee Gift Hamper",Delhi,1800,21600,432000
707,2023-03-06,"Coffee Gift Hamper",Bangalore,1800,34200,432000
750,2023-03-10,"Coffee Gift Hamper",Chennai,1800,19800,451800
847,2023-03-18,"Coffee Gift Hamper",Jaipur,1800,36000,487800
879,2023-03-22,"Coffee Gift Hamper",Kolkata,1800,28800,516600
923,2023-03-27,"Coffee Gift Hamper",Pune,1800,34200,550800
1132,2023-04-14,"Coffee Gift Hamper",Jaipur,1800,28800,579600
1168,2023-04-18,"Coffee Gift Hamper",Chennai,1800,12600,592200
1208,2023-04-22,"Coffee Gift Hamper",Chennai,1800,28800,621000
1285,2023-04-28,"Coffee Gift Hamper",Pune,1800,18000,693000
1283,2023-04-28,"Coffee Gift Hamper",Pune,1800,30600,693000
1282,2023-04-28,"Coffee Gift Hamper",Jaipur,1800,9000,693000
1284,2023-04-28,"Coffee Gift Hamper",Delhi,1800,14400,693000
1296,2023-04-29,"Coffee Gift Hamper",Pune,1800,16200,709200
1335,2023-05-02,"Coffee Gift Hamper",Jaipur,1800,19800,729000
1400,2023-05-08,"Coffee Gift Hamper",Chennai,1800,14400,743400
1416,2023-05-09,"Coffee Gift Hamper",Hyderabad,1800,9000,752400
1431,2023-05-10,"Coffee Gift Hamper",Pune,1800,27000,795600
1430,2023-05-10,"Coffee Gift Hamper",Bangalore,1800,16200,795600
1441,2023-05-11,"Coffee Gift Hamper",Bangalore,1800,27000,851400
1440,2023-05-11,"Coffee Gift Hamper",Chennai,1800,28800,851400
1450,2023-05-12,"Coffee Gift Hamper",Jaipur,1800,9000,889200
1449,2023-05-12,"Coffee Gift Hamper",Jaipur,1800,28800,889200
1492,2023-05-16,"Coffee Gift Hamper",Jaipur,1800,21600,910800
1505,2023-05-17,"Coffee Gift Hamper",Kolkata,1800,23400,934200
1516,2023-05-18,"Coffee Gift Hamper",Chennai,1800,9000,972000
1517,2023-05-18,"Coffee Gift Hamper",Bangalore,1800,28800,972000
1528,2023-05-19,"Coffee Gift Hamper",Jaipur,1800,36000,1008000
1545,2023-05-21,"Coffee Gift Hamper",Pune,1800,21600,1029600
1637,2023-05-30,"Coffee Gift Hamper",Surat,1800,19800,1049400
1658,2023-06-01,"Coffee Gift Hamper",Lucknow,1800,14400,1063800
1685,2023-06-03,"Coffee Gift Hamper",Mumbai,1800,5000,1068800
1699,2023-06-04,"Coffee Gift Hamper",Delhi,1800,19800,1106600
1698,2023-06-04,"Coffee Gift Hamper",Kolkata,1800,18000,1106600
1713,2023-06-05,"Coffee Gift Hamper",Pune,1800,21600,1187600
1714,2023-06-05,"Coffee Gift Hamper",Jaipur,1800,23400,1187600
1715,2023-06-05,"Coffee Gift Hamper",Indore,1800,36000,1187600
1725,2023-06-06,"Coffee Gift Hamper",Jaipur,1800,12600,1200200
1743,2023-06-07,"Coffee Gift Hamper",Pune,1800,21600,1221800
1764,2023-06-09,"Coffee Gift Hamper",Indore,1800,34200,1256000
1785,2023-06-11,"Coffee Gift Hamper",Bangalore,1800,30600,1286600
1796,2023-06-12,"Coffee Gift Hamper",Bangalore,1800,23400,1310000
1894,2023-06-24,"Coffee Gift Hamper",Kolkata,1800,23400,1333400
1912,2023-06-27,"Coffee Gift Hamper",Hyderabad,1800,23400,1367600
1913,2023-06-27,"Coffee Gift Hamper",Chennai,1800,10800,1367600
1933,2023-06-29,"Coffee Gift Hamper",Hyderabad,1800,19800,1387400
1950,2023-07-01,"Coffee Gift Hamper",Chennai,1800,32400,1450400
1949,2023-07-01,"Coffee Gift Hamper",Pune,1800,30600,1450400
2018,2023-07-07,"Coffee Gift Hamper",Pune,1800,14400,1464800
2033,2023-07-08,"Coffee Gift Hamper",Delhi,1800,14400,1479200
2074,2023-07-12,"Coffee Gift Hamper",Chennai,1800,10800,1490000
2124,2023-07-17,"Coffee Gift Hamper",Chennai,1800,9000,1524200
2123,2023-07-17,"Coffee Gift Hamper",Delhi,1800,25200,1524200
2137,2023-07-18,"Coffee Gift Hamper",Pune,1800,16200,1540400
2158,2023-07-20,"Coffee Gift Hamper",Bangalore,1800,25200,1565600
2173,2023-07-21,"Coffee Gift Hamper",Pune,1800,12600,1605200
2172,2023-07-21,"Coffee Gift Hamper",Jaipur,1800,10800,1605200
2171,2023-07-21,"Coffee Gift Hamper",Delhi,1800,16200,1605200
2203,2023-07-23,"Coffee Gift Hamper",Delhi,1800,25200,1630400
2212,2023-07-24,"Coffee Gift Hamper",Jaipur,1800,23400,1671800
2213,2023-07-24,"Coffee Gift Hamper",Surat,1800,18000,1671800
2235,2023-07-26,"Coffee Gift Hamper",Indore,1800,10800,1715000
2234,2023-07-26,"Coffee Gift Hamper",Hyderabad,1800,32400,1715000
2267,2023-07-29,"Coffee Gift Hamper",Pune,1800,12600,1738400
2266,2023-07-29,"Coffee Gift Hamper",Jaipur,1800,10800,1738400
2307,2023-08-02,"Coffee Gift Hamper",Ahmedabad,1800,30600,1769000
3593,2023-10-02,"Coffee Gift Hamper",Chennai,1800,10800,1779800
3628,2023-10-03,"Coffee Gift Hamper",Pune,1800,9000,1819400
3630,2023-10-03,"Coffee Gift Hamper",Bangalore,1800,18000,1819400
3629,2023-10-03,"Coffee Gift Hamper",Bangalore,1800,12600,1819400
3660,2023-10-04,"Coffee Gift Hamper",Bangalore,1800,18000,1873400
3661,2023-10-04,"Coffee Gift Hamper",Delhi,1800,36000,1873400
3691,2023-10-05,"Coffee Gift Hamper",Bangalore,1800,14400,1887800
3717,2023-10-06,"Coffee Gift Hamper",Bangalore,1800,34200,1970600
3718,2023-10-06,"Coffee Gift Hamper",Bangalore,1800,21600,1970600
3716,2023-10-06,"Coffee Gift Hamper",Jaipur,1800,27000,1970600
3760,2023-10-07,"Coffee Gift Hamper",Bangalore,1800,27000,2040800
3761,2023-10-07,"Coffee Gift Hamper",Lucknow,1800,27000,2040800
3759,2023-10-07,"Coffee Gift Hamper",Pune,1800,16200,2040800
3774,2023-10-08,"Coffee Gift Hamper",Chennai,1800,16200,2057000
3835,2023-10-10,"Coffee Gift Hamper",Chennai,1800,12600,2069600
3858,2023-10-11,"Coffee Gift Hamper",Chennai,1800,10800,2080400
3894,2023-10-12,"Coffee Gift Hamper",Delhi,1800,18000,2098400
3918,2023-10-13,"Coffee Gift Hamper",Nagpur,1800,27000,2125400
3952,2023-10-14,"Coffee Gift Hamper",Bangalore,1800,9000,2134400
3979,2023-10-15,"Coffee Gift Hamper",Kolkata,1800,34200,2168600
4003,2023-10-16,"Coffee Gift Hamper",Jaipur,1800,10800,2224400
4004,2023-10-16,"Coffee Gift Hamper",Jaipur,1800,14400,2224400
4002,2023-10-16,"Coffee Gift Hamper",Pune,1800,30600,2224400
4027,2023-10-17,"Coffee Gift Hamper",Pune,1800,30600,2319800
4025,2023-10-17,"Coffee Gift Hamper",Pune,1800,12600,2319800
4024,2023-10-17,"Coffee Gift Hamper",Pune,1800,18000,2319800
4026,2023-10-17,"Coffee Gift Hamper",Pune,1800,34200,2319800
4051,2023-10-18,"Coffee Gift Hamper",Pune,1800,28800,2373800
4050,2023-10-18,"Coffee Gift Hamper",Delhi,1800,14400,2373800
4049,2023-10-18,"Coffee Gift Hamper",Pune,1800,10800,2373800
4079,2023-10-19,"Coffee Gift Hamper",Mumbai,1800,18000,2451200
4078,2023-10-19,"Coffee Gift Hamper",Pune,1800,36000,2451200
4080,2023-10-19,"Coffee Gift Hamper",Chennai,1800,23400,2451200
4098,2023-10-20,"Coffee Gift Hamper",Pune,1800,14400,2501600
4097,2023-10-20,"Coffee Gift Hamper",Jaipur,1800,36000,2501600
4122,2023-10-21,"Coffee Gift Hamper",Kanpur,1800,21600,2546600
4121,2023-10-21,"Coffee Gift Hamper",Pune,1800,12600,2546600
4120,2023-10-21,"Coffee Gift Hamper",Delhi,1800,10800,2546600
4152,2023-10-22,"Coffee Gift Hamper",Chennai,1800,19800,2645600
4151,2023-10-22,"Coffee Gift Hamper",Chennai,1800,32400,2645600
4150,2023-10-22,"Coffee Gift Hamper",Bangalore,1800,12600,2645600
4149,2023-10-22,"Coffee Gift Hamper",Kolkata,1800,34200,2645600
4189,2023-10-23,"Coffee Gift Hamper",Indore,1800,30600,2764400
4190,2023-10-23,"Coffee Gift Hamper",Chennai,1800,36000,2764400
4188,2023-10-23,"Coffee Gift Hamper",Pune,1800,27000,2764400
4191,2023-10-23,"Coffee Gift Hamper",Kanpur,1800,25200,2764400
4214,2023-10-24,"Coffee Gift Hamper",Pune,1800,34200,2798600
4235,2023-10-25,"Coffee Gift Hamper",Delhi,1800,27000,2825600
4260,2023-10-26,"Coffee Gift Hamper",Kolkata,1800,18000,2863400
4261,2023-10-26,"Coffee Gift Hamper",Jaipur,1800,19800,2863400
4295,2023-10-27,"Coffee Gift Hamper",Jaipur,1800,23400,2939000
4294,2023-10-27,"Coffee Gift Hamper",Jaipur,1800,18000,2939000
4292,2023-10-27,"Coffee Gift Hamper",Pune,1800,21600,2939000
4293,2023-10-27,"Coffee Gift Hamper",Bangalore,1800,12600,2939000
4325,2023-10-28,"Coffee Gift Hamper",Bangalore,1800,27000,3027200
4326,2023-10-28,"Coffee Gift Hamper",Delhi,1800,36000,3027200
4327,2023-10-28,"Coffee Gift Hamper",Pune,1800,25200,3027200
4350,2023-10-29,"Coffee Gift Hamper",Delhi,1800,12600,3122600
4349,2023-10-29,"Coffee Gift Hamper",Delhi,1800,36000,3122600
4351,2023-10-29,"Coffee Gift Hamper",Delhi,1800,16200,3122600
4352,2023-10-29,"Coffee Gift Hamper",Pune,1800,30600,3122600
4366,2023-10-30,"Coffee Gift Hamper",Chennai,1800,14400,3137000
4386,2023-10-31,"Coffee Gift Hamper",Ahmedabad,1800,9000,3146000
4416,2023-11-01,"Coffee Gift Hamper",Indore,1800,21600,3246800
4417,2023-11-01,"Coffee Gift Hamper",Pune,1800,30600,3246800
4418,2023-11-01,"Coffee Gift Hamper",Chennai,1800,27000,3246800
4419,2023-11-01,"Coffee Gift Hamper",Bangalore,1800,21600,3246800
4457,2023-11-02,"Coffee Gift Hamper",Bangalore,1800,34200,3338600
4459,2023-11-02,"Coffee Gift Hamper",Delhi,1800,16200,3338600
4460,2023-11-02,"Coffee Gift Hamper",Pune,1800,14400,3338600
4458,2023-11-02,"Coffee Gift Hamper",Nagpur,1800,27000,3338600
4489,2023-11-03,"Coffee Gift Hamper",Bangalore,1800,21600,3360200
4518,2023-11-04,"Coffee Gift Hamper",Bangalore,1800,10800,3504200
4516,2023-11-04,"Coffee Gift Hamper",Bangalore,1800,14400,3504200
4517,2023-11-04,"Coffee Gift Hamper",Delhi,1800,23400,3504200
4520,2023-11-04,"Coffee Gift Hamper",Pune,1800,32400,3504200
4515,2023-11-04,"Coffee Gift Hamper",Pune,1800,12600,3504200
4514,2023-11-04,"Coffee Gift Hamper",Chennai,1800,36000,3504200
4519,2023-11-04,"Coffee Gift Hamper",Jaipur,1800,14400,3504200
4560,2023-11-05,"Coffee Gift Hamper",Bangalore,1800,14400,3518600
4586,2023-11-06,"Coffee Gift Hamper",Chennai,1800,23400,3574400
4585,2023-11-06,"Coffee Gift Hamper",Kanpur,1800,32400,3574400
4608,2023-11-07,"Coffee Gift Hamper",Kanpur,1800,9000,3606800
4609,2023-11-07,"Coffee Gift Hamper",Pune,1800,23400,3606800
4640,2023-11-08,"Coffee Gift Hamper",Pune,1800,23400,3630200
4672,2023-11-09,"Coffee Gift Hamper",Pune,1800,21600,3673400
4671,2023-11-09,"Coffee Gift Hamper",Pune,1800,21600,3673400
4701,2023-11-10,"Coffee Gift Hamper",Chennai,1800,16200,3785000
4702,2023-11-10,"Coffee Gift Hamper",Pune,1800,32400,3785000
4700,2023-11-10,"Coffee Gift Hamper",Mumbai,1800,34200,3785000
4699,2023-11-10,"Coffee Gift Hamper",Pune,1800,9000,3785000
4698,2023-11-10,"Coffee Gift Hamper",Bangalore,1800,19800,3785000
4730,2023-11-11,"Coffee Gift Hamper",Bangalore,1800,25200,3855200
4728,2023-11-11,"Coffee Gift Hamper",Chennai,1800,10800,3855200
4729,2023-11-11,"Coffee Gift Hamper",Kolkata,1800,34200,3855200
4796,2023-11-13,"Coffee Gift Hamper",Chennai,1800,23400,3878600
4830,2023-11-14,"Coffee Gift Hamper",Pune,1800,12600,3972200
4826,2023-11-14,"Coffee Gift Hamper",Pune,1800,25200,3972200
4829,2023-11-14,"Coffee Gift Hamper",Kanpur,1800,16200,3972200
4828,2023-11-14,"Coffee Gift Hamper",Delhi,1800,12600,3972200
4827,2023-11-14,"Coffee Gift Hamper",Ahmedabad,1800,27000,3972200
4862,2023-11-15,"Coffee Gift Hamper",Kanpur,1800,36000,4008200
4906,2023-11-17,"Coffee Gift Hamper",Chennai,1800,34200,4091000
4905,2023-11-17,"Coffee Gift Hamper",Pune,1800,28800,4091000
4907,2023-11-17,"Coffee Gift Hamper",Jaipur,1800,19800,4091000
4943,2023-11-18,"Coffee Gift Hamper",Nagpur,1800,34200,4168400
4941,2023-11-18,"Coffee Gift Hamper",Surat,1800,12600,4168400
4942,2023-11-18,"Coffee Gift Hamper",Pune,1800,30600,4168400
4978,2023-11-19,"Coffee Gift Hamper",Hyderabad,1800,18000,4200800
4979,2023-11-19,"Coffee Gift Hamper",Pune,1800,14400,4200800
5005,2023-11-20,"Coffee Gift Hamper",Chennai,1800,34200,4235000
5032,2023-11-21,"Coffee Gift Hamper",Bangalore,1800,14400,4285400
5031,2023-11-21,"Coffee Gift Hamper",Ahmedabad,1800,36000,4285400
5058,2023-11-22,"Coffee Gift Hamper",Chennai,1800,32400,4317800
5086,2023-11-23,"Coffee Gift Hamper",Pune,1800,28800,4433000
5087,2023-11-23,"Coffee Gift Hamper",Pune,1800,27000,4433000
5085,2023-11-23,"Coffee Gift Hamper",Delhi,1800,36000,4433000
5088,2023-11-23,"Coffee Gift Hamper",Bangalore,1800,23400,4433000
5106,2023-11-24,"Coffee Gift Hamper",Jaipur,1800,19800,4472600
5107,2023-11-24,"Coffee Gift Hamper",Surat,1800,19800,4472600
5130,2023-11-25,"Coffee Gift Hamper",Bangalore,1800,18000,4535600
5131,2023-11-25,"Coffee Gift Hamper",Delhi,1800,10800,4535600
5128,2023-11-25,"Coffee Gift Hamper",Delhi,1800,14400,4535600
5129,2023-11-25,"Coffee Gift Hamper",Jaipur,1800,19800,4535600
5158,2023-11-26,"Coffee Gift Hamper",Bangalore,1800,36000,4582400
5159,2023-11-26,"Coffee Gift Hamper",Chennai,1800,10800,4582400
5194,2023-11-27,"Coffee Gift Hamper",Bangalore,1800,12600,4641800
5192,2023-11-27,"Coffee Gift Hamper",Jaipur,1800,18000,4641800
5193,2023-11-27,"Coffee Gift Hamper",Nagpur,1800,18000,4641800
5191,2023-11-27,"Coffee Gift Hamper",Pune,1800,10800,4641800
5217,2023-11-28,"Coffee Gift Hamper",Indore,1800,9000,4728200
5218,2023-11-28,"Coffee Gift Hamper",Ahmedabad,1800,19800,4728200
5216,2023-11-28,"Coffee Gift Hamper",Bangalore,1800,25200,4728200
5215,2023-11-28,"Coffee Gift Hamper",Pune,1800,12600,4728200
5214,2023-11-28,"Coffee Gift Hamper",Pune,1800,19800,4728200
5249,2023-11-29,"Coffee Gift Hamper",Jaipur,1800,14400,4742600
5274,2023-11-30,"Coffee Gift Hamper",Surat,1800,16200,4789400
5273,2023-11-30,"Coffee Gift Hamper",Bangalore,1800,30600,4789400
5333,2023-12-01,"Coffee Gift Hamper",Bangalore,1800,9000,4940600
5328,2023-12-01,"Coffee Gift Hamper",Delhi,1800,32400,4940600
5330,2023-12-01,"Coffee Gift Hamper",Chennai,1800,18000,4940600
5332,2023-12-01,"Coffee Gift Hamper",Indore,1800,27000,4940600
5329,2023-12-01,"Coffee Gift Hamper",Jaipur,1800,10800,4940600
5331,2023-12-01,"Coffee Gift Hamper",Ahmedabad,1800,18000,4940600
5334,2023-12-01,"Coffee Gift Hamper",Pune,1800,36000,4940600
5371,2023-12-02,"Coffee Gift Hamper",Chennai,1800,21600,4982000
5373,2023-12-02,"Coffee Gift Hamper",Bangalore,1800,10800,4982000
5372,2023-12-02,"Coffee Gift Hamper",Delhi,1800,9000,4982000
5427,2023-12-04,"Coffee Gift Hamper",Jaipur,1800,30600,5034200
5426,2023-12-04,"Coffee Gift Hamper",Jaipur,1800,21600,5034200
5453,2023-12-05,"Coffee Gift Hamper",Delhi,1800,28800,5063000
5469,2023-12-06,"Coffee Gift Hamper",Bangalore,1800,10800,5109800
5470,2023-12-06,"Coffee Gift Hamper",Delhi,1800,36000,5109800
5499,2023-12-07,"Coffee Gift Hamper",Jaipur,1800,21600,5176400
5501,2023-12-07,"Coffee Gift Hamper",Pune,1800,19800,5176400
5500,2023-12-07,"Coffee Gift Hamper",Hyderabad,1800,10800,5176400
5502,2023-12-07,"Coffee Gift Hamper",Jaipur,1800,14400,5176400
5542,2023-12-08,"Coffee Gift Hamper",Nagpur,1800,18000,5239400
5541,2023-12-08,"Coffee Gift Hamper",Chennai,1800,14400,5239400
5540,2023-12-08,"Coffee Gift Hamper",Lucknow,1800,30600,5239400
5569,2023-12-09,"Coffee Gift Hamper",Chennai,1800,36000,5343800
5571,2023-12-09,"Coffee Gift Hamper",Delhi,1800,9000,5343800
5570,2023-12-09,"Coffee Gift Hamper",Kanpur,1800,30600,5343800
5568,2023-12-09,"Coffee Gift Hamper",Ahmedabad,1800,28800,5343800
5601,2023-12-10,"Coffee Gift Hamper",Jaipur,1800,18000,5415800
5603,2023-12-10,"Coffee Gift Hamper",Nagpur,1800,21600,5415800
5602,2023-12-10,"Coffee Gift Hamper",Pune,1800,32400,5415800
5629,2023-12-11,"Coffee Gift Hamper",Jaipur,1800,9000,5441000
5630,2023-12-11,"Coffee Gift Hamper",Delhi,1800,16200,5441000
5651,2023-12-12,"Coffee Gift Hamper",Delhi,1800,19800,5460800
5670,2023-12-13,"Coffee Gift Hamper",Mumbai,1800,12600,5531000
5671,2023-12-13,"Coffee Gift Hamper",Delhi,1800,34200,5531000
5672,2023-12-13,"Coffee Gift Hamper",Chennai,1800,23400,5531000
5699,2023-12-14,"Coffee Gift Hamper",Pune,1800,12600,5565200
5700,2023-12-14,"Coffee Gift Hamper",Pune,1800,21600,5565200
5719,2023-12-15,"Coffee Gift Hamper",Delhi,1800,9000,5574200
5748,2023-12-16,"Coffee Gift Hamper",Delhi,1800,16200,5590400
5774,2023-12-17,"Coffee Gift Hamper",Jaipur,1800,10800,5635400
5773,2023-12-17,"Coffee Gift Hamper",Surat,1800,25200,5635400
5775,2023-12-17,"Coffee Gift Hamper",Jaipur,1800,9000,5635400
5809,2023-12-18,"Coffee Gift Hamper",Delhi,1800,28800,5739800
5810,2023-12-18,"Coffee Gift Hamper",Mumbai,1800,25200,5739800
5807,2023-12-18,"Coffee Gift Hamper",Pune,1800,28800,5739800
5806,2023-12-18,"Coffee Gift Hamper",Delhi,1800,12600,5739800
5808,2023-12-18,"Coffee Gift Hamper",Chennai,1800,9000,5739800
5831,2023-12-19,"Coffee Gift Hamper",Surat,1800,16200,5756000
4,2023-01-01,"Coffee Mug (Ceramic)",Chennai,350,3150,3150
35,2023-01-04,"Coffee Mug (Ceramic)",Pune,350,4900,8050
52,2023-01-06,"Coffee Mug (Ceramic)",Chennai,350,6650,14700
109,2023-01-13,"Coffee Mug (Ceramic)",Delhi,350,4550,19250
117,2023-01-14,"Coffee Mug (Ceramic)",Chennai,350,6650,28000
118,2023-01-14,"Coffee Mug (Ceramic)",Pune,350,2100,28000
188,2023-01-21,"Coffee Mug (Ceramic)",Ahmedabad,350,4900,32900
242,2023-01-25,"Coffee Mug (Ceramic)",Chennai,350,3850,36750
264,2023-01-27,"Coffee Mug (Ceramic)",Pune,350,4900,51450
265,2023-01-27,"Coffee Mug (Ceramic)",Jaipur,350,2800,51450
263,2023-01-27,"Coffee Mug (Ceramic)",Hyderabad,350,7000,51450
362,2023-02-04,"Coffee Mug (Ceramic)",Chennai,350,1750,53200
386,2023-02-07,"Coffee Mug (Ceramic)",Kanpur,350,7000,60200
406,2023-02-09,"Coffee Mug (Ceramic)",Pune,350,2450,62650
505,2023-02-18,"Coffee Mug (Ceramic)",Pune,350,3150,65800
521,2023-02-20,"Coffee Mug (Ceramic)",Chennai,350,4550,73850
522,2023-02-20,"Coffee Mug (Ceramic)",Kolkata,350,3500,73850
547,2023-02-22,"Coffee Mug (Ceramic)",Ahmedabad,350,2800,79100
546,2023-02-22,"Coffee Mug (Ceramic)",Bangalore,350,2450,79100
575,2023-02-24,"Coffee Mug (Ceramic)",Delhi,350,5600,84700
586,2023-02-25,"Coffee Mug (Ceramic)",Kanpur,350,5950,90650
612,2023-02-27,"Coffee Mug (Ceramic)",Bangalore,350,3150,93800
633,2023-03-01,"Coffee Mug (Ceramic)",Pune,350,3500,97300
681,2023-03-04,"Coffee Mug (Ceramic)",Bangalore,350,5250,102550
718,2023-03-07,"Coffee Mug (Ceramic)",Jaipur,350,2800,105350
823,2023-03-16,"Coffee Mug (Ceramic)",Pune,350,5250,118300
825,2023-03-16,"Coffee Mug (Ceramic)",Delhi,350,4900,118300
824,2023-03-16,"Coffee Mug (Ceramic)",Chennai,350,2800,118300
871,2023-03-21,"Coffee Mug (Ceramic)",Delhi,350,2450,120750
882,2023-03-22,"Coffee Mug (Ceramic)",Mumbai,350,3850,124600
915,2023-03-26,"Coffee Mug (Ceramic)",Delhi,350,5950,130550
925,2023-03-27,"Coffee Mug (Ceramic)",Mumbai,350,3500,134050
941,2023-03-29,"Coffee Mug (Ceramic)",Nagpur,350,2100,136150
1042,2023-04-06,"Coffee Mug (Ceramic)",Chennai,350,6300,142450
1083,2023-04-09,"Coffee Mug (Ceramic)",Chennai,350,3150,147700
1082,2023-04-09,"Coffee Mug (Ceramic)",Ahmedabad,350,2100,147700
1162,2023-04-17,"Coffee Mug (Ceramic)",Hyderabad,350,3850,151550
1198,2023-04-21,"Coffee Mug (Ceramic)",Bangalore,350,5250,156800
1237,2023-04-24,"Coffee Mug (Ceramic)",Pune,350,1750,158550
1289,2023-04-28,"Coffee Mug (Ceramic)",Chennai,350,4900,163450
1297,2023-04-29,"Coffee Mug (Ceramic)",Pune,350,3150,166600
1372,2023-05-05,"Coffee Mug (Ceramic)",Chennai,350,3500,177100
1371,2023-05-05,"Coffee Mug (Ceramic)",Jaipur,350,7000,177100
1437,2023-05-10,"Coffee Mug (Ceramic)",Bangalore,350,2450,179550
1493,2023-05-16,"Coffee Mug (Ceramic)",Bangalore,350,6378,185928
1521,2023-05-18,"Coffee Mug (Ceramic)",Delhi,350,4550,190478
1583,2023-05-24,"Coffee Mug (Ceramic)",Bangalore,350,5250,195728
1638,2023-05-30,"Coffee Mug (Ceramic)",Jaipur,350,6300,202028
1676,2023-06-02,"Coffee Mug (Ceramic)",Pune,350,6300,214628
1675,2023-06-02,"Coffee Mug (Ceramic)",Bangalore,350,6300,214628
1730,2023-06-06,"Coffee Mug (Ceramic)",Bangalore,350,5250,230728
1729,2023-06-06,"Coffee Mug (Ceramic)",Chennai,350,5950,230728
1731,2023-06-06,"Coffee Mug (Ceramic)",Mumbai,350,4900,230728
1810,2023-06-14,"Coffee Mug (Ceramic)",Kolkata,350,6650,237378
1889,2023-06-23,"Coffee Mug (Ceramic)",Jaipur,350,5600,242978
1935,2023-06-29,"Coffee Mug (Ceramic)",Pune,350,2100,245078
1955,2023-07-01,"Coffee Mug (Ceramic)",Surat,350,5950,251028
2013,2023-07-06,"Coffee Mug (Ceramic)",Ahmedabad,350,5250,256278
2020,2023-07-07,"Coffee Mug (Ceramic)",Delhi,350,2450,258728
2046,2023-07-09,"Coffee Mug (Ceramic)",Pune,350,6300,265028
2055,2023-07-10,"Coffee Mug (Ceramic)",Chennai,350,7000,281128
2053,2023-07-10,"Coffee Mug (Ceramic)",Bangalore,350,5600,281128
2054,2023-07-10,"Coffee Mug (Ceramic)",Nagpur,350,3500,281128
2076,2023-07-12,"Coffee Mug (Ceramic)",Pune,350,4900,286028
2097,2023-07-14,"Coffee Mug (Ceramic)",Pune,350,5600,300028
2098,2023-07-14,"Coffee Mug (Ceramic)",Chennai,350,4900,300028
2096,2023-07-14,"Coffee Mug (Ceramic)",Pune,350,3500,300028
2102,2023-07-15,"Coffee Mug (Ceramic)",Delhi,350,2450,302478
2127,2023-07-17,"Coffee Mug (Ceramic)",Pune,350,6650,309128
2140,2023-07-18,"Coffee Mug (Ceramic)",Chennai,350,3850,312978
2161,2023-07-20,"Coffee Mug (Ceramic)",Mumbai,350,3500,316478
2177,2023-07-21,"Coffee Mug (Ceramic)",Bangalore,350,1750,318228
2239,2023-07-26,"Coffee Mug (Ceramic)",Mumbai,350,4900,323128
16,2023-01-02,"Coffee Plant Kit (DIY)",Jaipur,900,9900,9900
29,2023-01-03,"Coffee Plant Kit (DIY)",Delhi,900,17100,27000
130,2023-01-15,"Coffee Plant Kit (DIY)",Jaipur,900,11700,38700
145,2023-01-16,"Coffee Plant Kit (DIY)",Jaipur,900,12600,51300
187,2023-01-20,"Coffee Plant Kit (DIY)",Bangalore,900,11700,63000
195,2023-01-21,"Coffee Plant Kit (DIY)",Delhi,900,17100,80100
203,2023-01-22,"Coffee Plant Kit (DIY)",Chennai,900,17100,97200
213,2023-01-23,"Coffee Plant Kit (DIY)",Chennai,900,16200,113400
258,2023-01-26,"Coffee Plant Kit (DIY)",Chennai,900,7200,120600
277,2023-01-28,"Coffee Plant Kit (DIY)",Jaipur,900,8100,128700
286,2023-01-29,"Coffee Plant Kit (DIY)",Chennai,900,12600,155700
287,2023-01-29,"Coffee Plant Kit (DIY)",Bangalore,900,14400,155700
382,2023-02-06,"Coffee Plant Kit (DIY)",Bangalore,900,10800,176400
381,2023-02-06,"Coffee Plant Kit (DIY)",Indore,900,9900,176400
411,2023-02-09,"Coffee Plant Kit (DIY)",Jaipur,900,7200,188100
412,2023-02-09,"Coffee Plant Kit (DIY)",Pune,900,4500,188100
442,2023-02-12,"Coffee Plant Kit (DIY)",Chennai,900,6300,194400
478,2023-02-15,"Coffee Plant Kit (DIY)",Pune,900,16200,210600
552,2023-02-22,"Coffee Plant Kit (DIY)",Kolkata,900,10800,221400
604,2023-02-26,"Coffee Plant Kit (DIY)",Jaipur,900,10800,232200
639,2023-03-01,"Coffee Plant Kit (DIY)",Bangalore,900,4500,245700
640,2023-03-01,"Coffee Plant Kit (DIY)",Indore,900,9000,245700
689,2023-03-04,"Coffee Plant Kit (DIY)",Chennai,900,16200,261900
722,2023-03-07,"Coffee Plant Kit (DIY)",Delhi,900,10800,272700
734,2023-03-08,"Coffee Plant Kit (DIY)",Bangalore,900,15300,288000
760,2023-03-10,"Coffee Plant Kit (DIY)",Pune,900,6300,324900
761,2023-03-10,"Coffee Plant Kit (DIY)",Jaipur,900,9000,324900
762,2023-03-10,"Coffee Plant Kit (DIY)",Lucknow,900,9900,324900
759,2023-03-10,"Coffee Plant Kit (DIY)",Pune,900,11700,324900
771,2023-03-11,"Coffee Plant Kit (DIY)",Jaipur,900,9000,333900
818,2023-03-15,"Coffee Plant Kit (DIY)",Indore,900,14400,348300
851,2023-03-18,"Coffee Plant Kit (DIY)",Pune,900,14400,362700
920,2023-03-26,"Coffee Plant Kit (DIY)",Pune,900,9900,372600
1018,2023-04-03,"Coffee Plant Kit (DIY)",Pune,900,7200,379800
1035,2023-04-05,"Coffee Plant Kit (DIY)",Nagpur,900,6300,399600
1034,2023-04-05,"Coffee Plant Kit (DIY)",Chennai,900,13500,399600
1049,2023-04-06,"Coffee Plant Kit (DIY)",Jaipur,900,18000,417600
1070,2023-04-08,"Coffee Plant Kit (DIY)",Chennai,900,8100,425700
1088,2023-04-09,"Coffee Plant Kit (DIY)",Chennai,900,8100,451800
1087,2023-04-09,"Coffee Plant Kit (DIY)",Delhi,900,18000,451800
1107,2023-04-11,"Coffee Plant Kit (DIY)",Surat,900,10800,468000
1108,2023-04-11,"Coffee Plant Kit (DIY)",Chennai,900,5400,468000
1215,2023-04-22,"Coffee Plant Kit (DIY)",Pune,900,10800,478800
1231,2023-04-23,"Coffee Plant Kit (DIY)",Jaipur,900,11700,490500
1239,2023-04-24,"Coffee Plant Kit (DIY)",Indore,900,4500,495000
1278,2023-04-27,"Coffee Plant Kit (DIY)",Delhi,900,9900,504900
1292,2023-04-28,"Coffee Plant Kit (DIY)",Kolkata,900,9000,513900
1306,2023-04-30,"Coffee Plant Kit (DIY)",Chennai,900,6300,520200
1330,2023-05-01,"Coffee Plant Kit (DIY)",Jaipur,900,8100,540900
1329,2023-05-01,"Coffee Plant Kit (DIY)",Bangalore,900,12600,540900
1341,2023-05-02,"Coffee Plant Kit (DIY)",Nagpur,900,14400,555300
1373,2023-05-05,"Coffee Plant Kit (DIY)",Bangalore,900,17100,572400
1396,2023-05-07,"Coffee Plant Kit (DIY)",Pune,900,13500,585900
1408,2023-05-08,"Coffee Plant Kit (DIY)",Nagpur,900,18000,603900
1424,2023-05-09,"Coffee Plant Kit (DIY)",Pune,900,4500,615600
1423,2023-05-09,"Coffee Plant Kit (DIY)",Pune,900,7200,615600
1489,2023-05-15,"Coffee Plant Kit (DIY)",Chennai,900,5400,621000
1513,2023-05-17,"Coffee Plant Kit (DIY)",Pune,900,14400,635400
1536,2023-05-19,"Coffee Plant Kit (DIY)",Pune,900,11700,647100
1589,2023-05-24,"Coffee Plant Kit (DIY)",Delhi,900,13500,660600
1594,2023-05-25,"Coffee Plant Kit (DIY)",Chennai,900,7200,676800
1595,2023-05-25,"Coffee Plant Kit (DIY)",Pune,900,9000,676800
1607,2023-05-26,"Coffee Plant Kit (DIY)",Jaipur,900,6300,683100
1616,2023-05-27,"Coffee Plant Kit (DIY)",Bangalore,900,15300,698400
1625,2023-05-28,"Coffee Plant Kit (DIY)",Chennai,900,14400,712800
1651,2023-05-31,"Coffee Plant Kit (DIY)",Chennai,900,4500,717300
1665,2023-06-01,"Coffee Plant Kit (DIY)",Delhi,900,14400,731700
1758,2023-06-08,"Coffee Plant Kit (DIY)",Pune,900,4500,736200
1778,2023-06-10,"Coffee Plant Kit (DIY)",Jaipur,900,13500,749700
1815,2023-06-14,"Coffee Plant Kit (DIY)",Kanpur,900,18000,775800
1816,2023-06-14,"Coffee Plant Kit (DIY)",Chennai,900,8100,775800
1827,2023-06-15,"Coffee Plant Kit (DIY)",Mumbai,900,18000,793800
1845,2023-06-17,"Coffee Plant Kit (DIY)",Chennai,900,11700,805500
1851,2023-06-18,"Coffee Plant Kit (DIY)",Bangalore,900,16200,821700
1899,2023-06-24,"Coffee Plant Kit (DIY)",Chennai,900,18000,839700
1904,2023-06-25,"Coffee Plant Kit (DIY)",Pune,900,11700,851400
1942,2023-06-30,"Coffee Plant Kit (DIY)",Jaipur,900,15300,866700
1963,2023-07-01,"Coffee Plant Kit (DIY)",Chennai,900,18000,884700
2039,2023-07-08,"Coffee Plant Kit (DIY)",Kolkata,900,18000,902700
2067,2023-07-11,"Coffee Plant Kit (DIY)",Pune,900,14400,927000
2068,2023-07-11,"Coffee Plant Kit (DIY)",Jaipur,900,9900,927000
2089,2023-07-13,"Coffee Plant Kit (DIY)",Indore,900,10800,937800
2099,2023-07-14,"Coffee Plant Kit (DIY)",Pune,900,9900,947700
2132,2023-07-17,"Coffee Plant Kit (DIY)",Hyderabad,900,8100,955800
2144,2023-07-18,"Coffee Plant Kit (DIY)",Pune,900,10800,966600
2154,2023-07-19,"Coffee Plant Kit (DIY)",Pune,900,13500,980100
2166,2023-07-20,"Coffee Plant Kit (DIY)",Jaipur,900,13500,993600
2210,2023-07-23,"Coffee Plant Kit (DIY)",Jaipur,900,7200,1000800
2222,2023-07-24,"Coffee Plant Kit (DIY)",Chennai,900,12600,1013400
2261,2023-07-28,"Coffee Plant Kit (DIY)",Delhi,900,9000,1022400
2318,2023-08-02,"Coffee Plant Kit (DIY)",Jaipur,900,7200,1029600
15,2023-01-02,"Coffee Recipe Book",Kolkata,600,11400,11400
28,2023-01-03,"Coffee Recipe Book",Bangalore,600,8400,19800
37,2023-01-04,"Coffee Recipe Book",Bangalore,600,11400,31200
57,2023-01-06,"Coffee Recipe Book",Bangalore,600,11400,48000
56,2023-01-06,"Coffee Recipe Book",Delhi,600,5400,48000
113,2023-01-13,"Coffee Recipe Book",Pune,600,3600,51600
257,2023-01-26,"Coffee Recipe Book",Pune,600,10200,61800
305,2023-01-30,"Coffee Recipe Book",Bangalore,600,4800,66600
333,2023-02-01,"Coffee Recipe Book",Pune,600,5400,72000
359,2023-02-03,"Coffee Recipe Book",Pune,600,6600,78600
380,2023-02-06,"Coffee Recipe Book",Pune,600,10200,88800
434,2023-02-11,"Coffee Recipe Book",Delhi,600,12000,100800
450,2023-02-13,"Coffee Recipe Book",Jaipur,600,10800,111600
462,2023-02-14,"Coffee Recipe Book",Pune,600,4800,116400
476,2023-02-15,"Coffee Recipe Book",Indore,600,10800,131400
477,2023-02-15,"Coffee Recipe Book",Jaipur,600,4200,131400
501,2023-02-17,"Coffee Recipe Book",Chennai,600,5400,136800
507,2023-02-18,"Coffee Recipe Book",Pune,600,6000,142800
526,2023-02-20,"Coffee Recipe Book",Jaipur,600,5400,148200
537,2023-02-21,"Coffee Recipe Book",Jaipur,600,3600,163800
538,2023-02-21,"Coffee Recipe Book",Jaipur,600,12000,163800
567,2023-02-23,"Coffee Recipe Book",Ahmedabad,600,6600,170400
590,2023-02-25,"Coffee Recipe Book",Jaipur,600,11400,181800
672,2023-03-03,"Coffee Recipe Book",Pune,600,5400,187200
704,2023-03-05,"Coffee Recipe Book",Pune,600,6000,193200
733,2023-03-08,"Coffee Recipe Book",Bangalore,600,12000,212400
732,2023-03-08,"Coffee Recipe Book",Delhi,600,7200,212400
758,2023-03-10,"Coffee Recipe Book",Surat,600,4800,217200
797,2023-03-13,"Coffee Recipe Book",Pune,600,5400,222600
817,2023-03-15,"Coffee Recipe Book",Jaipur,600,9600,232200
840,2023-03-17,"Coffee Recipe Book",Mumbai,600,11400,243600
863,2023-03-20,"Coffee Recipe Book",Delhi,600,3000,246600
875,2023-03-21,"Coffee Recipe Book",Delhi,600,7800,254400
884,2023-03-22,"Coffee Recipe Book",Nagpur,600,12000,274800
885,2023-03-22,"Coffee Recipe Book",Bangalore,600,8400,274800
902,2023-03-24,"Coffee Recipe Book",Delhi,600,6000,280800
928,2023-03-27,"Coffee Recipe Book",Jaipur,600,6000,286800
933,2023-03-28,"Coffee Recipe Book",Chennai,600,8400,295200
960,2023-03-30,"Coffee Recipe Book",Pune,600,9600,312600
958,2023-03-30,"Coffee Recipe Book",Pune,600,4800,312600
959,2023-03-30,"Coffee Recipe Book",Kolkata,600,3000,312600
989,2023-04-01,"Coffee Recipe Book",Delhi,600,10800,323400
1007,2023-04-02,"Coffee Recipe Book",Pune,600,12000,346200
1006,2023-04-02,"Coffee Recipe Book",Pune,600,10800,346200
1033,2023-04-05,"Coffee Recipe Book",Ahmedabad,600,12000,363000
1032,2023-04-05,"Coffee Recipe Book",Pune,600,4800,363000
1125,2023-04-13,"Coffee Recipe Book",Chennai,600,4800,372600
1126,2023-04-13,"Coffee Recipe Book",Chennai,600,4800,372600
1165,2023-04-17,"Coffee Recipe Book",Jaipur,600,9600,382200
1182,2023-04-19,"Coffee Recipe Book",Delhi,600,9600,391800
1251,2023-04-25,"Coffee Recipe Book",Pune,600,3600,401400
1252,2023-04-25,"Coffee Recipe Book",Pune,600,6000,401400
1277,2023-04-27,"Coffee Recipe Book",Delhi,600,10800,412200
1340,2023-05-02,"Coffee Recipe Book",Chennai,600,5400,417600
1368,2023-05-04,"Coffee Recipe Book",Hyderabad,600,11400,429000
1438,2023-05-10,"Coffee Recipe Book",Jaipur,600,4200,433200
1467,2023-05-13,"Coffee Recipe Book",Bangalore,600,9600,453600
1466,2023-05-13,"Coffee Recipe Book",Bangalore,600,10800,453600
1499,2023-05-16,"Coffee Recipe Book",Bangalore,600,10200,463800
1524,2023-05-18,"Coffee Recipe Book",Jaipur,600,9600,473400
1692,2023-06-03,"Coffee Recipe Book",Mumbai,600,3600,477000
1737,2023-06-06,"Coffee Recipe Book",Indore,600,8400,485400
1793,2023-06-11,"Coffee Recipe Book",Jaipur,600,8400,493800
1803,2023-06-13,"Coffee Recipe Book",Delhi,600,12000,505800
1844,2023-06-17,"Coffee Recipe Book",Pune,600,3600,509400
1864,2023-06-20,"Coffee Recipe Book",Kanpur,600,6600,516000
1874,2023-06-21,"Coffee Recipe Book",Bangalore,600,6000,522000
1908,2023-06-26,"Coffee Recipe Book",Bangalore,600,11400,533400
1926,2023-06-28,"Coffee Recipe Book",Bangalore,600,11400,544800
1962,2023-07-01,"Coffee Recipe Book",Pune,600,7200,562200
1961,2023-07-01,"Coffee Recipe Book",Pune,600,10200,562200
1976,2023-07-02,"Coffee Recipe Book",Delhi,600,9000,571200
1996,2023-07-04,"Coffee Recipe Book",Delhi,600,10800,592200
1997,2023-07-04,"Coffee Recipe Book",Kolkata,600,10200,592200
2026,2023-07-07,"Coffee Recipe Book",Jaipur,600,10200,614400
2025,2023-07-07,"Coffee Recipe Book",Chennai,600,12000,614400
2038,2023-07-08,"Coffee Recipe Book",Chennai,600,11400,625800
2119,2023-07-16,"Coffee Recipe Book",Jaipur,600,6000,631800
2131,2023-07-17,"Coffee Recipe Book",Pune,600,4800,636600
2142,2023-07-18,"Coffee Recipe Book",Surat,600,4200,652200
2143,2023-07-18,"Coffee Recipe Book",Lucknow,600,11400,652200
2153,2023-07-19,"Coffee Recipe Book",Pune,600,3600,655800
2165,2023-07-20,"Coffee Recipe Book",Pune,600,6000,661800
2182,2023-07-21,"Coffee Recipe Book",Chennai,600,3600,665400
2209,2023-07-23,"Coffee Recipe Book",Pune,600,12000,677400
2221,2023-07-24,"Coffee Recipe Book",Pune,600,4200,685200
2220,2023-07-24,"Coffee Recipe Book",Pune,600,3600,685200
2272,2023-07-29,"Coffee Recipe Book",Jaipur,600,11400,696600
7,2023-01-01,"Coffee-Themed Notebook",Nagpur,300,2100,2100
31,2023-01-03,"Coffee-Themed Notebook",Bangalore,300,2400,4500
87,2023-01-10,"Coffee-Themed Notebook",Nagpur,300,2700,13500
88,2023-01-10,"Coffee-Themed Notebook",Lucknow,300,2100,13500
86,2023-01-10,"Coffee-Themed Notebook",Pune,300,4200,13500
123,2023-01-14,"Coffee-Themed Notebook",Delhi,300,5100,18600
155,2023-01-17,"Coffee-Themed Notebook",Pune,300,2400,21000
168,2023-01-18,"Coffee-Themed Notebook",Surat,300,6000,27000
259,2023-01-26,"Coffee-Themed Notebook",Delhi,300,3300,30300
345,2023-02-02,"Coffee-Themed Notebook",Chennai,300,2100,32400
372,2023-02-05,"Coffee-Themed Notebook",Chennai,300,1800,34200
389,2023-02-07,"Coffee-Themed Notebook",Pune,300,2400,36600
397,2023-02-08,"Coffee-Themed Notebook",Bangalore,300,3300,39900
424,2023-02-10,"Coffee-Themed Notebook",Pune,300,2700,42600
452,2023-02-13,"Coffee-Themed Notebook",Pune,300,3000,45600
463,2023-02-14,"Coffee-Themed Notebook",Delhi,300,4500,50100
480,2023-02-15,"Coffee-Themed Notebook",Jaipur,300,4800,54900
502,2023-02-17,"Coffee-Themed Notebook",Pune,300,3000,57900
514,2023-02-19,"Coffee-Themed Notebook",Surat,300,3900,67200
513,2023-02-19,"Coffee-Themed Notebook",Chennai,300,5400,67200
591,2023-02-25,"Coffee-Themed Notebook",Chennai,300,1500,68700
605,2023-02-26,"Coffee-Themed Notebook",Chennai,300,1500,70200
674,2023-03-03,"Coffee-Themed Notebook",Bangalore,300,5700,77400
673,2023-03-03,"Coffee-Themed Notebook",Mumbai,300,1500,77400
711,2023-03-06,"Coffee-Themed Notebook",Chennai,300,3600,87000
710,2023-03-06,"Coffee-Themed Notebook",Kolkata,300,6000,87000
724,2023-03-07,"Coffee-Themed Notebook",Kanpur,300,2400,89400
829,2023-03-16,"Coffee-Themed Notebook",Delhi,300,2400,91800
929,2023-03-27,"Coffee-Themed Notebook",Bangalore,300,1500,93300
945,2023-03-29,"Coffee-Themed Notebook",Ahmedabad,300,1800,99000
946,2023-03-29,"Coffee-Themed Notebook",Jaipur,300,3900,99000
979,2023-03-31,"Coffee-Themed Notebook",Pune,300,6000,105000
1008,2023-04-02,"Coffee-Themed Notebook",Pune,300,2100,109200
1009,2023-04-02,"Coffee-Themed Notebook",Mumbai,300,2100,109200
1019,2023-04-03,"Coffee-Themed Notebook",Surat,300,1500,110700
1109,2023-04-11,"Coffee-Themed Notebook",Jaipur,300,2100,112800
1142,2023-04-14,"Coffee-Themed Notebook",Pune,300,5100,117900
1152,2023-04-15,"Coffee-Themed Notebook",Bangalore,300,4200,122100
1173,2023-04-18,"Coffee-Themed Notebook",Bangalore,300,1500,123600
1204,2023-04-21,"Coffee-Themed Notebook",Delhi,300,4800,128400
1232,2023-04-23,"Coffee-Themed Notebook",Pune,300,5100,133500
1310,2023-04-30,"Coffee-Themed Notebook",Chennai,300,5700,144900
1309,2023-04-30,"Coffee-Themed Notebook",Delhi,300,5700,144900
1331,2023-05-01,"Coffee-Themed Notebook",Pune,300,1800,149700
1332,2023-05-01,"Coffee-Themed Notebook",Delhi,300,3000,149700
1342,2023-05-02,"Coffee-Themed Notebook",Mumbai,300,2400,152100
1376,2023-05-05,"Coffee-Themed Notebook",Bangalore,300,1800,156600
1377,2023-05-05,"Coffee-Themed Notebook",Mumbai,300,2700,156600
1387,2023-05-06,"Coffee-Themed Notebook",Pune,300,1500,158100
1397,2023-05-07,"Coffee-Themed Notebook",Chennai,300,2700,160800
1425,2023-05-09,"Coffee-Themed Notebook",Surat,300,3600,164400
1445,2023-05-11,"Coffee-Themed Notebook",Bangalore,300,4500,168900
1480,2023-05-14,"Coffee-Themed Notebook",Chennai,300,4800,173700
1553,2023-05-21,"Coffee-Themed Notebook",Jaipur,300,2100,175800
1566,2023-05-22,"Coffee-Themed Notebook",Surat,300,5400,186600
1565,2023-05-22,"Coffee-Themed Notebook",Chennai,300,5400,186600
1578,2023-05-23,"Coffee-Themed Notebook",Indore,300,5100,191700
1608,2023-05-26,"Coffee-Themed Notebook",Bangalore,300,4500,196200
1720,2023-06-05,"Coffee-Themed Notebook",Chennai,300,1500,202200
1719,2023-06-05,"Coffee-Themed Notebook",Chennai,300,4500,202200
1805,2023-06-13,"Coffee-Themed Notebook",Chennai,300,4800,207000
1818,2023-06-14,"Coffee-Themed Notebook",Lucknow,300,3000,210000
1829,2023-06-15,"Coffee-Themed Notebook",Kolkata,300,1800,211800
1852,2023-06-18,"Coffee-Themed Notebook",Bangalore,300,3900,215700
1905,2023-06-25,"Coffee-Themed Notebook",Chennai,300,2700,218400
1909,2023-06-26,"Coffee-Themed Notebook",Jaipur,300,3600,222000
1943,2023-06-30,"Coffee-Themed Notebook",Mumbai,300,1800,223800
1964,2023-07-01,"Coffee-Themed Notebook",Jaipur,300,5700,229500
1977,2023-07-02,"Coffee-Themed Notebook",Pune,300,4500,234000
2016,2023-07-06,"Coffee-Themed Notebook",Jaipur,300,2100,236100
2040,2023-07-08,"Coffee-Themed Notebook",Kolkata,300,3900,240000
2231,2023-07-25,"Coffee-Themed Notebook",Chennai,300,3600,243600
2262,2023-07-28,"Coffee-Themed Notebook",Bangalore,300,3300,246900
2294,2023-07-31,"Coffee-Themed Notebook",Bangalore,300,3900,255900
2293,2023-07-31,"Coffee-Themed Notebook",Jaipur,300,5100,255900
2306,2023-08-01,"Coffee-Themed Notebook",Pune,300,3900,259800
5,2023-01-01,"Coffee-Themed T-Shirt",Pune,600,6600,6600
73,2023-01-09,"Coffee-Themed T-Shirt",Bangalore,600,7800,14400
82,2023-01-10,"Coffee-Themed T-Shirt",Delhi,600,11400,25800
102,2023-01-12,"Coffee-Themed T-Shirt",Chennai,600,3600,29400
150,2023-01-17,"Coffee-Themed T-Shirt",Pune,600,4800,42000
151,2023-01-17,"Coffee-Themed T-Shirt",Bangalore,600,7800,42000
166,2023-01-18,"Coffee-Themed T-Shirt",Delhi,600,7800,49800
229,2023-01-24,"Coffee-Themed T-Shirt",Jaipur,600,4200,57600
230,2023-01-24,"Coffee-Themed T-Shirt",Bangalore,600,3600,57600
244,2023-01-25,"Coffee-Themed T-Shirt",Delhi,600,12000,69600
251,2023-01-26,"Coffee-Themed T-Shirt",Bangalore,600,4800,74400
266,2023-01-27,"Coffee-Themed T-Shirt",Bangalore,600,3000,77400
282,2023-01-29,"Coffee-Themed T-Shirt",Hyderabad,600,10800,88200
328,2023-02-01,"Coffee-Themed T-Shirt",Pune,600,9000,97200
367,2023-02-05,"Coffee-Themed T-Shirt",Delhi,600,4200,101400
430,2023-02-11,"Coffee-Themed T-Shirt",Chennai,600,9600,111000
440,2023-02-12,"Coffee-Themed T-Shirt",Bangalore,600,8400,119400
459,2023-02-14,"Coffee-Themed T-Shirt",Mumbai,600,12000,131400
472,2023-02-15,"Coffee-Themed T-Shirt",Jaipur,600,12000,143400
492,2023-02-16,"Coffee-Themed T-Shirt",Chennai,600,4200,147600
532,2023-02-21,"Coffee-Themed T-Shirt",Bangalore,600,11400,171000
533,2023-02-21,"Coffee-Themed T-Shirt",Jaipur,600,12000,171000
577,2023-02-24,"Coffee-Themed T-Shirt",Chennai,600,3600,184200
576,2023-02-24,"Coffee-Themed T-Shirt",Chennai,600,9600,184200
666,2023-03-03,"Coffee-Themed T-Shirt",Delhi,600,10200,194400
699,2023-03-05,"Coffee-Themed T-Shirt",Bangalore,600,12000,206400
719,2023-03-07,"Coffee-Themed T-Shirt",Bangalore,600,3600,210000
752,2023-03-10,"Coffee-Themed T-Shirt",Bangalore,600,8400,218400
803,2023-03-14,"Coffee-Themed T-Shirt",Bangalore,600,12000,238800
804,2023-03-14,"Coffee-Themed T-Shirt",Jaipur,600,8400,238800
813,2023-03-15,"Coffee-Themed T-Shirt",Pune,600,4800,252600
814,2023-03-15,"Coffee-Themed T-Shirt",Chennai,600,9000,252600
849,2023-03-18,"Coffee-Themed T-Shirt",Pune,600,4800,257400
899,2023-03-24,"Coffee-Themed T-Shirt",Pune,600,6600,264000
916,2023-03-26,"Coffee-Themed T-Shirt",Pune,600,7800,271800
926,2023-03-27,"Coffee-Themed T-Shirt",Pune,600,4200,276000
955,2023-03-30,"Coffee-Themed T-Shirt",Jaipur,600,11400,287400
1001,2023-04-02,"Coffee-Themed T-Shirt",Jaipur,600,7200,304800
1000,2023-04-02,"Coffee-Themed T-Shirt",Pune,600,10200,304800
1066,2023-04-08,"Coffee-Themed T-Shirt",Kanpur,600,8400,319200
1067,2023-04-08,"Coffee-Themed T-Shirt",Nagpur,600,6000,319200
1148,2023-04-15,"Coffee-Themed T-Shirt",Bangalore,600,3600,322800
1169,2023-04-18,"Coffee-Themed T-Shirt",Jaipur,600,3000,325800
1179,2023-04-19,"Coffee-Themed T-Shirt",Jaipur,600,6000,331800
1200,2023-04-21,"Coffee-Themed T-Shirt",Bangalore,600,9600,341400
1238,2023-04-24,"Coffee-Themed T-Shirt",Jaipur,600,3000,344400
1259,2023-04-26,"Coffee-Themed T-Shirt",Pune,600,3600,348000
1271,2023-04-27,"Coffee-Themed T-Shirt",Surat,600,5400,353400
1383,2023-05-06,"Coffee-Themed T-Shirt",Pune,600,4200,369000
1384,2023-05-06,"Coffee-Themed T-Shirt",Pune,600,11400,369000
1421,2023-05-09,"Coffee-Themed T-Shirt",Hyderabad,600,6600,375600
1453,2023-05-12,"Coffee-Themed T-Shirt",Delhi,600,10800,386400
1473,2023-05-14,"Coffee-Themed T-Shirt",Jaipur,600,4200,390600
1494,2023-05-16,"Coffee-Themed T-Shirt",Bangalore,600,6000,396600
1533,2023-05-19,"Coffee-Themed T-Shirt",Pune,600,3600,400200
1546,2023-05-21,"Coffee-Themed T-Shirt",Pune,600,3600,403800
1584,2023-05-24,"Coffee-Themed T-Shirt",Bangalore,600,11400,415200
1602,2023-05-26,"Coffee-Themed T-Shirt",Mumbai,600,3600,430800
1601,2023-05-26,"Coffee-Themed T-Shirt",Chennai,600,12000,430800
1624,2023-05-28,"Coffee-Themed T-Shirt",Pune,600,4800,435600
1649,2023-05-31,"Coffee-Themed T-Shirt",Chennai,600,12000,447600
1705,2023-06-04,"Coffee-Themed T-Shirt",Surat,600,8400,459600
1706,2023-06-04,"Coffee-Themed T-Shirt",Surat,600,3600,459600
1754,2023-06-08,"Coffee-Themed T-Shirt",Bangalore,600,7800,485400
1755,2023-06-08,"Coffee-Themed T-Shirt",Pune,600,6000,485400
1756,2023-06-08,"Coffee-Themed T-Shirt",Surat,600,12000,485400
1790,2023-06-11,"Coffee-Themed T-Shirt",Chennai,600,5400,494400
1791,2023-06-11,"Coffee-Themed T-Shirt",Chennai,600,3600,494400
1825,2023-06-15,"Coffee-Themed T-Shirt",Bangalore,600,10200,504600
1836,2023-06-16,"Coffee-Themed T-Shirt",Chennai,600,6600,517800
1837,2023-06-16,"Coffee-Themed T-Shirt",Pune,600,6600,517800
1843,2023-06-17,"Coffee-Themed T-Shirt",Ahmedabad,600,5400,523200
1877,2023-06-22,"Coffee-Themed T-Shirt",Bangalore,600,5400,531600
1878,2023-06-22,"Coffee-Themed T-Shirt",Pune,600,3000,531600
1890,2023-06-23,"Coffee-Themed T-Shirt",Pune,600,9600,541200
2022,2023-07-07,"Coffee-Themed T-Shirt",Jaipur,600,5400,546600
2047,2023-07-09,"Coffee-Themed T-Shirt",Nagpur,600,3000,549600
2064,2023-07-11,"Coffee-Themed T-Shirt",Bangalore,600,5400,555000
2079,2023-07-12,"Coffee-Themed T-Shirt",Pune,600,5400,560400
2141,2023-07-18,"Coffee-Themed T-Shirt",Delhi,600,6600,567000
2227,2023-07-25,"Coffee-Themed T-Shirt",Pune,600,5400,572400
2260,2023-07-28,"Coffee-Themed T-Shirt",Mumbai,600,4200,576600
1,2023-01-01,"Cold Brew Coffee Pack (6 Bottles)",Pune,900,10800,10800
8,2023-01-02,"Cold Brew Coffee Pack (6 Bottles)",Chennai,900,13500,24300
32,2023-01-04,"Cold Brew Coffee Pack (6 Bottles)",Jaipur,900,9000,33300
71,2023-01-09,"Cold Brew Coffee Pack (6 Bottles)",Bangalore,900,9900,43200
108,2023-01-13,"Cold Brew Coffee Pack (6 Bottles)",Chennai,900,11700,54900
180,2023-01-20,"Cold Brew Coffee Pack (6 Bottles)",Pune,900,8100,63000
197,2023-01-22,"Cold Brew Coffee Pack (6 Bottles)",Hyderabad,900,13500,76500
205,2023-01-23,"Cold Brew Coffee Pack (6 Bottles)",Bangalore,900,18000,94500
216,2023-01-24,"Cold Brew Coffee Pack (6 Bottles)",Mumbai,900,14400,125100
217,2023-01-24,"Cold Brew Coffee Pack (6 Bottles)",Delhi,900,16200,125100
236,2023-01-25,"Cold Brew Coffee Pack (6 Bottles)",Delhi,900,5400,130500
260,2023-01-27,"Cold Brew Coffee Pack (6 Bottles)",Bangalore,900,12600,154800
261,2023-01-27,"Cold Brew Coffee Pack (6 Bottles)",Jaipur,900,11700,154800
289,2023-01-30,"Cold Brew Coffee Pack (6 Bottles)",Bangalore,900,10800,165600
320,2023-02-01,"Cold Brew Coffee Pack (6 Bottles)",Chennai,900,16200,181800
399,2023-02-09,"Cold Brew Coffee Pack (6 Bottles)",Pune,900,7200,189000
415,2023-02-10,"Cold Brew Coffee Pack (6 Bottles)",Chennai,900,11700,200700
436,2023-02-12,"Cold Brew Coffee Pack (6 Bottles)",Pune,900,12600,213300
455,2023-02-14,"Cold Brew Coffee Pack (6 Bottles)",Pune,900,9900,233100
454,2023-02-14,"Cold Brew Coffee Pack (6 Bottles)",Bangalore,900,9900,233100
483,2023-02-16,"Cold Brew Coffee Pack (6 Bottles)",Chennai,900,8100,250200
482,2023-02-16,"Cold Brew Coffee Pack (6 Bottles)",Delhi,900,9000,250200
508,2023-02-19,"Cold Brew Coffee Pack (6 Bottles)",Pune,900,9900,260100
540,2023-02-22,"Cold Brew Coffee Pack (6 Bottles)",Chennai,900,9900,270000
555,2023-02-23,"Cold Brew Coffee Pack (6 Bottles)",Jaipur,900,4500,274500
593,2023-02-26,"Cold Brew Coffee Pack (6 Bottles)",Pune,900,11700,286200
726,2023-03-08,"Cold Brew Coffee Pack (6 Bottles)",Surat,900,16200,302400
747,2023-03-10,"Cold Brew Coffee Pack (6 Bottles)",Pune,900,4500,306900
798,2023-03-14,"Cold Brew Coffee Pack (6 Bottles)",Jaipur,900,15300,322200
808,2023-03-15,"Cold Brew Coffee Pack (6 Bottles)",Pune,900,5400,327600
843,2023-03-18,"Cold Brew Coffee Pack (6 Bottles)",Surat,900,6300,333900
896,2023-03-24,"Cold Brew Coffee Pack (6 Bottles)",Pune,900,9000,342900
903,2023-03-25,"Cold Brew Coffee Pack (6 Bottles)",Pune,900,9900,352800
921,2023-03-27,"Cold Brew Coffee Pack (6 Bottles)",Delhi,900,10800,363600
962,2023-03-31,"Cold Brew Coffee Pack (6 Bottles)",Ahmedabad,900,7200,382500
963,2023-03-31,"Cold Brew Coffee Pack (6 Bottles)",Chennai,900,11700,382500
1050,2023-04-07,"Cold Brew Coffee Pack (6 Bottles)",Delhi,900,14400,396900
1072,2023-04-09,"Cold Brew Coffee Pack (6 Bottles)",Bangalore,900,14400,421200
1073,2023-04-09,"Cold Brew Coffee Pack (6 Bottles)",Surat,900,9900,421200
1092,2023-04-10,"Cold Brew Coffee Pack (6 Bottles)",Bangalore,900,8100,429300
1111,2023-04-12,"Cold Brew Coffee Pack (6 Bottles)",Jaipur,900,18000,447300
1117,2023-04-13,"Cold Brew Coffee Pack (6 Bottles)",Chennai,900,6300,453600
1128,2023-04-14,"Cold Brew Coffee Pack (6 Bottles)",Chennai,900,18000,471600
1205,2023-04-22,"Cold Brew Coffee Pack (6 Bottles)",Pune,900,16200,487800
1218,2023-04-23,"Cold Brew Coffee Pack (6 Bottles)",Delhi,900,9000,496800
1243,2023-04-25,"Cold Brew Coffee Pack (6 Bottles)",Indore,900,9000,505800
1264,2023-04-27,"Cold Brew Coffee Pack (6 Bottles)",Jaipur,900,7200,513000
1294,2023-04-29,"Cold Brew Coffee Pack (6 Bottles)",Jaipur,900,7200,527400
1295,2023-04-29,"Cold Brew Coffee Pack (6 Bottles)",Pune,900,7200,527400
1312,2023-05-01,"Cold Brew Coffee Pack (6 Bottles)",Hyderabad,900,11700,556200
1313,2023-05-01,"Cold Brew Coffee Pack (6 Bottles)",Jaipur,900,17100,556200
1378,2023-05-06,"Cold Brew Coffee Pack (6 Bottles)",Pune,900,10800,567000
1410,2023-05-09,"Cold Brew Coffee Pack (6 Bottles)",Jaipur,900,18000,585000
1426,2023-05-10,"Cold Brew Coffee Pack (6 Bottles)",Jaipur,900,18000,603000
1446,2023-05-12,"Cold Brew Coffee Pack (6 Bottles)",Kanpur,900,11700,614700
1490,2023-05-16,"Cold Brew Coffee Pack (6 Bottles)",Bangalore,900,13500,628200
1501,2023-05-17,"Cold Brew Coffee Pack (6 Bottles)",Pune,900,9000,637200
1526,2023-05-19,"Cold Brew Coffee Pack (6 Bottles)",Ahmedabad,900,4500,641700
1556,2023-05-22,"Cold Brew Coffee Pack (6 Bottles)",Jaipur,900,16200,657900
1568,2023-05-23,"Cold Brew Coffee Pack (6 Bottles)",Chennai,900,14400,672300
1591,2023-05-25,"Cold Brew Coffee Pack (6 Bottles)",Mumbai,900,4500,676800
1628,2023-05-29,"Cold Brew Coffee Pack (6 Bottles)",Pune,900,13500,690300
1654,2023-06-01,"Cold Brew Coffee Pack (6 Bottles)",Ahmedabad,900,9900,700200
1681,2023-06-03,"Cold Brew Coffee Pack (6 Bottles)",Pune,900,14400,731700
1682,2023-06-03,"Cold Brew Coffee Pack (6 Bottles)",Delhi,900,17100,731700
1739,2023-06-07,"Cold Brew Coffee Pack (6 Bottles)",Chennai,900,4500,736200
1768,2023-06-10,"Cold Brew Coffee Pack (6 Bottles)",Chennai,900,9000,757800
1767,2023-06-10,"Cold Brew Coffee Pack (6 Bottles)",Pune,900,12600,757800
1794,2023-06-12,"Cold Brew Coffee Pack (6 Bottles)",Ahmedabad,900,17100,774900
1839,2023-06-17,"Cold Brew Coffee Pack (6 Bottles)",Bangalore,900,9900,784800
1906,2023-06-26,"Cold Brew Coffee Pack (6 Bottles)",Bangalore,900,12600,807300
1907,2023-06-26,"Cold Brew Coffee Pack (6 Bottles)",Delhi,900,9900,807300
1918,2023-06-28,"Cold Brew Coffee Pack (6 Bottles)",Pune,900,8100,815400
1928,2023-06-29,"Cold Brew Coffee Pack (6 Bottles)",Bangalore,900,11700,836100
1929,2023-06-29,"Cold Brew Coffee Pack (6 Bottles)",Bangalore,900,9000,836100
1945,2023-07-01,"Cold Brew Coffee Pack (6 Bottles)",Surat,900,10800,846900
1980,2023-07-03,"Cold Brew Coffee Pack (6 Bottles)",Pune,900,8100,855000
1987,2023-07-04,"Cold Brew Coffee Pack (6 Bottles)",Jaipur,900,14400,869400
2017,2023-07-07,"Cold Brew Coffee Pack (6 Bottles)",Chennai,900,10800,880200
2041,2023-07-09,"Cold Brew Coffee Pack (6 Bottles)",Chennai,900,11700,891900
2050,2023-07-10,"Cold Brew Coffee Pack (6 Bottles)",Nagpur,900,13500,905400
2070,2023-07-12,"Cold Brew Coffee Pack (6 Bottles)",Jaipur,900,13500,918900
2090,2023-07-14,"Cold Brew Coffee Pack (6 Bottles)",Chennai,900,17100,947700
2091,2023-07-14,"Cold Brew Coffee Pack (6 Bottles)",Mumbai,900,11700,947700
2108,2023-07-16,"Cold Brew Coffee Pack (6 Bottles)",Delhi,900,4500,961200
2107,2023-07-16,"Cold Brew Coffee Pack (6 Bottles)",Bangalore,900,9000,961200
2121,2023-07-17,"Cold Brew Coffee Pack (6 Bottles)",Pune,900,9000,970200
2133,2023-07-18,"Cold Brew Coffee Pack (6 Bottles)",Jaipur,900,13500,983700
2155,2023-07-20,"Cold Brew Coffee Pack (6 Bottles)",Bangalore,900,16200,999900
2185,2023-07-22,"Cold Brew Coffee Pack (6 Bottles)",Delhi,900,6300,1006200
2200,2023-07-23,"Cold Brew Coffee Pack (6 Bottles)",Bangalore,900,18000,1038600
2201,2023-07-23,"Cold Brew Coffee Pack (6 Bottles)",Hyderabad,900,14400,1038600
2297,2023-08-01,"Cold Brew Coffee Pack (6 Bottles)",Jaipur,900,9000,1062000
2296,2023-08-01,"Cold Brew Coffee Pack (6 Bottles)",Bangalore,900,14400,1062000
3579,2023-10-02,"Cold Brew Coffee Pack (6 Bottles)",Bangalore,900,12600,1074600
3615,2023-10-03,"Cold Brew Coffee Pack (6 Bottles)",Bangalore,900,7200,1081800
3638,2023-10-04,"Cold Brew Coffee Pack (6 Bottles)",Jaipur,900,6300,1095300
3639,2023-10-04,"Cold Brew Coffee Pack (6 Bottles)",Chennai,900,7200,1095300
3668,2023-10-05,"Cold Brew Coffee Pack (6 Bottles)",Chennai,900,14400,1137600
3667,2023-10-05,"Cold Brew Coffee Pack (6 Bottles)",Pune,900,6300,1137600
3669,2023-10-05,"Cold Brew Coffee Pack (6 Bottles)",Kanpur,900,8100,1137600
3666,2023-10-05,"Cold Brew Coffee Pack (6 Bottles)",Pune,900,13500,1137600
3699,2023-10-06,"Cold Brew Coffee Pack (6 Bottles)",Pune,900,4500,1170900
3698,2023-10-06,"Cold Brew Coffee Pack (6 Bottles)",Pune,900,16200,1170900
3697,2023-10-06,"Cold Brew Coffee Pack (6 Bottles)",Delhi,900,12600,1170900
3730,2023-10-07,"Cold Brew Coffee Pack (6 Bottles)",Pune,900,4500,1215900
3732,2023-10-07,"Cold Brew Coffee Pack (6 Bottles)",Bangalore,900,14400,1215900
3729,2023-10-07,"Cold Brew Coffee Pack (6 Bottles)",Jaipur,900,7200,1215900
3731,2023-10-07,"Cold Brew Coffee Pack (6 Bottles)",Kolkata,900,8100,1215900
3733,2023-10-07,"Cold Brew Coffee Pack (6 Bottles)",Jaipur,900,10800,1215900
3764,2023-10-08,"Cold Brew Coffee Pack (6 Bottles)",Kolkata,900,11700,1266300
3766,2023-10-08,"Cold Brew Coffee Pack (6 Bottles)",Pune,900,7200,1266300
3763,2023-10-08,"Cold Brew Coffee Pack (6 Bottles)",Bangalore,900,7200,1266300
3762,2023-10-08,"Cold Brew Coffee Pack (6 Bottles)",Bangalore,900,12600,1266300
3765,2023-10-08,"Cold Brew Coffee Pack (6 Bottles)",Chennai,900,11700,1266300
3781,2023-10-09,"Cold Brew Coffee Pack (6 Bottles)",Chennai,900,9000,1332000
3780,2023-10-09,"Cold Brew Coffee Pack (6 Bottles)",Chennai,900,7200,1332000
3786,2023-10-09,"Cold Brew Coffee Pack (6 Bottles)",Pune,900,9000,1332000
3785,2023-10-09,"Cold Brew Coffee Pack (6 Bottles)",Pune,900,9900,1332000
3783,2023-10-09,"Cold Brew Coffee Pack (6 Bottles)",Bangalore,900,8100,1332000
3784,2023-10-09,"Cold Brew Coffee Pack (6 Bottles)",Pune,900,7200,1332000
3782,2023-10-09,"Cold Brew Coffee Pack (6 Bottles)",Surat,900,15300,1332000
3812,2023-10-10,"Cold Brew Coffee Pack (6 Bottles)",Kanpur,900,14400,1364400
3811,2023-10-10,"Cold Brew Coffee Pack (6 Bottles)",Chennai,900,18000,1364400
3842,2023-10-11,"Cold Brew Coffee Pack (6 Bottles)",Pune,900,5400,1387800
3841,2023-10-11,"Cold Brew Coffee Pack (6 Bottles)",Bangalore,900,18000,1387800
3868,2023-10-12,"Cold Brew Coffee Pack (6 Bottles)",Chennai,900,16200,1424700
3866,2023-10-12,"Cold Brew Coffee Pack (6 Bottles)",Pune,900,14400,1424700
3867,2023-10-12,"Cold Brew Coffee Pack (6 Bottles)",Delhi,900,6300,1424700
3899,2023-10-13,"Cold Brew Coffee Pack (6 Bottles)",Surat,900,9900,1470600
3901,2023-10-13,"Cold Brew Coffee Pack (6 Bottles)",Bangalore,900,9000,1470600
3900,2023-10-13,"Cold Brew Coffee Pack (6 Bottles)",Indore,900,13500,1470600
3898,2023-10-13,"Cold Brew Coffee Pack (6 Bottles)",Chennai,900,13500,1470600
3929,2023-10-14,"Cold Brew Coffee Pack (6 Bottles)",Chennai,900,14400,1547100
3928,2023-10-14,"Cold Brew Coffee Pack (6 Bottles)",Kanpur,900,12600,1547100
3930,2023-10-14,"Cold Brew Coffee Pack (6 Bottles)",Pune,900,16200,1547100
3925,2023-10-14,"Cold Brew Coffee Pack (6 Bottles)",Jaipur,900,9000,1547100
3927,2023-10-14,"Cold Brew Coffee Pack (6 Bottles)",Bangalore,900,9000,1547100
3926,2023-10-14,"Cold Brew Coffee Pack (6 Bottles)",Bangalore,900,15300,1547100
3958,2023-10-15,"Cold Brew Coffee Pack (6 Bottles)",Pune,900,12600,1595700
3959,2023-10-15,"Cold Brew Coffee Pack (6 Bottles)",Mumbai,900,13500,1595700
3960,2023-10-15,"Cold Brew Coffee Pack (6 Bottles)",Kanpur,900,6300,1595700
3961,2023-10-15,"Cold Brew Coffee Pack (6 Bottles)",Hyderabad,900,16200,1595700
3984,2023-10-16,"Cold Brew Coffee Pack (6 Bottles)",Bangalore,900,4500,1623600
3985,2023-10-16,"Cold Brew Coffee Pack (6 Bottles)",Jaipur,900,17100,1623600
3983,2023-10-16,"Cold Brew Coffee Pack (6 Bottles)",Jaipur,900,6300,1623600
4011,2023-10-17,"Cold Brew Coffee Pack (6 Bottles)",Pune,900,11700,1635300
4031,2023-10-18,"Cold Brew Coffee Pack (6 Bottles)",Pune,900,6300,1641600
4059,2023-10-19,"Cold Brew Coffee Pack (6 Bottles)",Jaipur,900,7200,1648800
4085,2023-10-20,"Cold Brew Coffee Pack (6 Bottles)",Pune,900,11700,1660500
4107,2023-10-21,"Cold Brew Coffee Pack (6 Bottles)",Ahmedabad,900,12600,1705500
4105,2023-10-21,"Cold Brew Coffee Pack (6 Bottles)",Bangalore,900,13500,1705500
4108,2023-10-21,"Cold Brew Coffee Pack (6 Bottles)",Bangalore,900,10800,1705500
4106,2023-10-21,"Cold Brew Coffee Pack (6 Bottles)",Chennai,900,8100,1705500
4132,2023-10-22,"Cold Brew Coffee Pack (6 Bottles)",Chennai,900,16200,1769400
4130,2023-10-22,"Cold Brew Coffee Pack (6 Bottles)",Delhi,900,17100,1769400
4131,2023-10-22,"Cold Brew Coffee Pack (6 Bottles)",Chennai,900,15300,1769400
4128,2023-10-22,"Cold Brew Coffee Pack (6 Bottles)",Lucknow,900,4500,1769400
4129,2023-10-22,"Cold Brew Coffee Pack (6 Bottles)",Pune,900,10800,1769400
4161,2023-10-23,"Cold Brew Coffee Pack (6 Bottles)",Pune,900,11700,1789200
4160,2023-10-23,"Cold Brew Coffee Pack (6 Bottles)",Pune,900,8100,1789200
4193,2023-10-24,"Cold Brew Coffee Pack (6 Bottles)",Pune,900,12600,1809900
4192,2023-10-24,"Cold Brew Coffee Pack (6 Bottles)",Delhi,900,8100,1809900
4222,2023-10-25,"Cold Brew Coffee Pack (6 Bottles)",Lucknow,900,13500,1843200
4221,2023-10-25,"Cold Brew Coffee Pack (6 Bottles)",Pune,900,5400,1843200
4220,2023-10-25,"Cold Brew Coffee Pack (6 Bottles)",Delhi,900,14400,1843200
4240,2023-10-26,"Cold Brew Coffee Pack (6 Bottles)",Kanpur,900,12600,1876500
4241,2023-10-26,"Cold Brew Coffee Pack (6 Bottles)",Bangalore,900,13500,1876500
4242,2023-10-26,"Cold Brew Coffee Pack (6 Bottles)",Bangalore,900,7200,1876500
4264,2023-10-27,"Cold Brew Coffee Pack (6 Bottles)",Bangalore,900,11700,1888200
4303,2023-10-28,"Cold Brew Coffee Pack (6 Bottles)",Nagpur,900,11700,1899900
4335,2023-10-29,"Cold Brew Coffee Pack (6 Bottles)",Delhi,900,17100,1944900
4338,2023-10-29,"Cold Brew Coffee Pack (6 Bottles)",Chennai,900,14400,1944900
4336,2023-10-29,"Cold Brew Coffee Pack (6 Bottles)",Mumbai,900,6300,1944900
4337,2023-10-29,"Cold Brew Coffee Pack (6 Bottles)",Jaipur,900,7200,1944900
4360,2023-10-30,"Cold Brew Coffee Pack (6 Bottles)",Nagpur,900,4500,1973700
4359,2023-10-30,"Cold Brew Coffee Pack (6 Bottles)",Pune,900,6300,1973700
4358,2023-10-30,"Cold Brew Coffee Pack (6 Bottles)",Jaipur,900,18000,1973700
4371,2023-10-31,"Cold Brew Coffee Pack (6 Bottles)",Delhi,900,15300,2012400
4370,2023-10-31,"Cold Brew Coffee Pack (6 Bottles)",Pune,900,10800,2012400
4369,2023-10-31,"Cold Brew Coffee Pack (6 Bottles)",Bangalore,900,12600,2012400
4390,2023-11-01,"Cold Brew Coffee Pack (6 Bottles)",Bangalore,900,9000,2021400
4428,2023-11-02,"Cold Brew Coffee Pack (6 Bottles)",Bangalore,900,10800,2076300
4430,2023-11-02,"Cold Brew Coffee Pack (6 Bottles)",Bangalore,900,18000,2076300
4431,2023-11-02,"Cold Brew Coffee Pack (6 Bottles)",Chennai,900,7200,2076300
4429,2023-11-02,"Cold Brew Coffee Pack (6 Bottles)",Jaipur,900,9900,2076300
4432,2023-11-02,"Cold Brew Coffee Pack (6 Bottles)",Delhi,900,9000,2076300
4467,2023-11-03,"Cold Brew Coffee Pack (6 Bottles)",Pune,900,11700,2100600
4468,2023-11-03,"Cold Brew Coffee Pack (6 Bottles)",Hyderabad,900,12600,2100600
4499,2023-11-04,"Cold Brew Coffee Pack (6 Bottles)",Bangalore,900,6300,2145600
4498,2023-11-04,"Cold Brew Coffee Pack (6 Bottles)",Bangalore,900,16200,2145600
4497,2023-11-04,"Cold Brew Coffee Pack (6 Bottles)",Chennai,900,4500,2145600
4496,2023-11-04,"Cold Brew Coffee Pack (6 Bottles)",Chennai,900,18000,2145600
4530,2023-11-05,"Cold Brew Coffee Pack (6 Bottles)",Chennai,900,9900,2226600
4533,2023-11-05,"Cold Brew Coffee Pack (6 Bottles)",Pune,900,7200,2226600
4534,2023-11-05,"Cold Brew Coffee Pack (6 Bottles)",Pune,900,7200,2226600
4535,2023-11-05,"Cold Brew Coffee Pack (6 Bottles)",Pune,900,17100,2226600
4532,2023-11-05,"Cold Brew Coffee Pack (6 Bottles)",Delhi,900,7200,2226600
4536,2023-11-05,"Cold Brew Coffee Pack (6 Bottles)",Pune,900,7200,2226600
4531,2023-11-05,"Cold Brew Coffee Pack (6 Bottles)",Bangalore,900,12600,2226600
4528,2023-11-05,"Cold Brew Coffee Pack (6 Bottles)",Bangalore,900,8100,2226600
4529,2023-11-05,"Cold Brew Coffee Pack (6 Bottles)",Delhi,900,4500,2226600
4565,2023-11-06,"Cold Brew Coffee Pack (6 Bottles)",Pune,900,10800,2299500
4566,2023-11-06,"Cold Brew Coffee Pack (6 Bottles)",Pune,900,7200,2299500
4568,2023-11-06,"Cold Brew Coffee Pack (6 Bottles)",Bangalore,900,18000,2299500
4563,2023-11-06,"Cold Brew Coffee Pack (6 Bottles)",Kanpur,900,9900,2299500
4567,2023-11-06,"Cold Brew Coffee Pack (6 Bottles)",Indore,900,10800,2299500
4564,2023-11-06,"Cold Brew Coffee Pack (6 Bottles)",Delhi,900,16200,2299500
4594,2023-11-07,"Cold Brew Coffee Pack (6 Bottles)",Bangalore,900,4500,2304000
4621,2023-11-08,"Cold Brew Coffee Pack (6 Bottles)",Pune,900,6300,2333700
4620,2023-11-08,"Cold Brew Coffee Pack (6 Bottles)",Jaipur,900,9000,2333700
4622,2023-11-08,"Cold Brew Coffee Pack (6 Bottles)",Pune,900,14400,2333700
4653,2023-11-09,"Cold Brew Coffee Pack (6 Bottles)",Mumbai,900,11700,2369700
4652,2023-11-09,"Cold Brew Coffee Pack (6 Bottles)",Chennai,900,14400,2369700
4651,2023-11-09,"Cold Brew Coffee Pack (6 Bottles)",Pune,900,9900,2369700
4678,2023-11-10,"Cold Brew Coffee Pack (6 Bottles)",Bangalore,900,7200,2399400
4677,2023-11-10,"Cold Brew Coffee Pack (6 Bottles)",Bangalore,900,15300,2399400
4676,2023-11-10,"Cold Brew Coffee Pack (6 Bottles)",Kanpur,900,7200,2399400
4711,2023-11-11,"Cold Brew Coffee Pack (6 Bottles)",Ahmedabad,900,18000,2434500
4713,2023-11-11,"Cold Brew Coffee Pack (6 Bottles)",Ahmedabad,900,4500,2434500
4712,2023-11-11,"Cold Brew Coffee Pack (6 Bottles)",Kolkata,900,12600,2434500
4737,2023-11-12,"Cold Brew Coffee Pack (6 Bottles)",Jaipur,900,14400,2460600
4736,2023-11-12,"Cold Brew Coffee Pack (6 Bottles)",Pune,900,5400,2460600
4738,2023-11-12,"Cold Brew Coffee Pack (6 Bottles)",Chennai,900,6300,2460600
4769,2023-11-13,"Cold Brew Coffee Pack (6 Bottles)",Chennai,900,13500,2491200
4768,2023-11-13,"Cold Brew Coffee Pack (6 Bottles)",Mumbai,900,17100,2491200
4802,2023-11-14,"Cold Brew Coffee Pack (6 Bottles)",Indore,900,11700,2519100
4801,2023-11-14,"Cold Brew Coffee Pack (6 Bottles)",Jaipur,900,16200,2519100
4841,2023-11-15,"Cold Brew Coffee Pack (6 Bottles)",Nagpur,900,6300,2576700
4842,2023-11-15,"Cold Brew Coffee Pack (6 Bottles)",Ahmedabad,900,12600,2576700
4838,2023-11-15,"Cold Brew Coffee Pack (6 Bottles)",Delhi,900,9900,2576700
4839,2023-11-15,"Cold Brew Coffee Pack (6 Bottles)",Chennai,900,11700,2576700
4840,2023-11-15,"Cold Brew Coffee Pack (6 Bottles)",Kolkata,900,9900,2576700
4837,2023-11-15,"Cold Brew Coffee Pack (6 Bottles)",Delhi,900,7200,2576700
4866,2023-11-16,"Cold Brew Coffee Pack (6 Bottles)",Jaipur,900,15300,2592000
4889,2023-11-17,"Cold Brew Coffee Pack (6 Bottles)",Kolkata,900,15300,2607300
4914,2023-11-18,"Cold Brew Coffee Pack (6 Bottles)",Pune,900,16200,2623500
4955,2023-11-19,"Cold Brew Coffee Pack (6 Bottles)",Pune,900,9000,2674800
4953,2023-11-19,"Cold Brew Coffee Pack (6 Bottles)",Pune,900,4500,2674800
4952,2023-11-19,"Cold Brew Coffee Pack (6 Bottles)",Pune,900,12600,2674800
4956,2023-11-19,"Cold Brew Coffee Pack (6 Bottles)",Pune,900,11700,2674800
4954,2023-11-19,"Cold Brew Coffee Pack (6 Bottles)",Chennai,900,13500,2674800
4986,2023-11-20,"Cold Brew Coffee Pack (6 Bottles)",Jaipur,900,5400,2698200
4987,2023-11-20,"Cold Brew Coffee Pack (6 Bottles)",Indore,900,18000,2698200
5012,2023-11-21,"Cold Brew Coffee Pack (6 Bottles)",Jaipur,900,5400,2703600
5039,2023-11-22,"Cold Brew Coffee Pack (6 Bottles)",Pune,900,14400,2726100
5038,2023-11-22,"Cold Brew Coffee Pack (6 Bottles)",Pune,900,8100,2726100
5068,2023-11-23,"Cold Brew Coffee Pack (6 Bottles)",Kolkata,900,9900,2736000
5092,2023-11-24,"Cold Brew Coffee Pack (6 Bottles)",Jaipur,900,9900,2752200
5093,2023-11-24,"Cold Brew Coffee Pack (6 Bottles)",Bangalore,900,6300,2752200
5112,2023-11-25,"Cold Brew Coffee Pack (6 Bottles)",Bangalore,900,11700,2763900
5138,2023-11-26,"Cold Brew Coffee Pack (6 Bottles)",Pune,900,7200,2811600
5140,2023-11-26,"Cold Brew Coffee Pack (6 Bottles)",Pune,900,7200,2811600
5139,2023-11-26,"Cold Brew Coffee Pack (6 Bottles)",Lucknow,900,5400,2811600
5141,2023-11-26,"Cold Brew Coffee Pack (6 Bottles)",Delhi,900,18000,2811600
5137,2023-11-26,"Cold Brew Coffee Pack (6 Bottles)",Jaipur,900,9900,2811600
5165,2023-11-27,"Cold Brew Coffee Pack (6 Bottles)",Kanpur,900,13500,2830500
5164,2023-11-27,"Cold Brew Coffee Pack (6 Bottles)",Mumbai,900,5400,2830500
5200,2023-11-28,"Cold Brew Coffee Pack (6 Bottles)",Pune,900,5400,2881800
5202,2023-11-28,"Cold Brew Coffee Pack (6 Bottles)",Delhi,900,8100,2881800
5201,2023-11-28,"Cold Brew Coffee Pack (6 Bottles)",Jaipur,900,11700,2881800
5198,2023-11-28,"Cold Brew Coffee Pack (6 Bottles)",Mumbai,900,8100,2881800
5199,2023-11-28,"Cold Brew Coffee Pack (6 Bottles)",Chennai,900,18000,2881800
5220,2023-11-29,"Cold Brew Coffee Pack (6 Bottles)",Jaipur,900,7200,2889000
5256,2023-11-30,"Cold Brew Coffee Pack (6 Bottles)",Chennai,900,10800,2949300
5257,2023-11-30,"Cold Brew Coffee Pack (6 Bottles)",Delhi,900,15300,2949300
5259,2023-11-30,"Cold Brew Coffee Pack (6 Bottles)",Delhi,900,16200,2949300
5258,2023-11-30,"Cold Brew Coffee Pack (6 Bottles)",Ahmedabad,900,18000,2949300
5283,2023-12-01,"Cold Brew Coffee Pack (6 Bottles)",Pune,900,16200,3008700
5286,2023-12-01,"Cold Brew Coffee Pack (6 Bottles)",Chennai,900,9900,3008700
5284,2023-12-01,"Cold Brew Coffee Pack (6 Bottles)",Kanpur,900,9000,3008700
5285,2023-12-01,"Cold Brew Coffee Pack (6 Bottles)",Surat,900,12600,3008700
5282,2023-12-01,"Cold Brew Coffee Pack (6 Bottles)",Pune,900,6300,3008700
5287,2023-12-01,"Cold Brew Coffee Pack (6 Bottles)",Pune,900,5400,3008700
5345,2023-12-02,"Cold Brew Coffee Pack (6 Bottles)",Bangalore,900,18000,3039300
5344,2023-12-02,"Cold Brew Coffee Pack (6 Bottles)",Pune,900,12600,3039300
5379,2023-12-03,"Cold Brew Coffee Pack (6 Bottles)",Lucknow,900,17100,3103200
5383,2023-12-03,"Cold Brew Coffee Pack (6 Bottles)",Chennai,900,13500,3103200
5381,2023-12-03,"Cold Brew Coffee Pack (6 Bottles)",Bangalore,900,9900,3103200
5382,2023-12-03,"Cold Brew Coffee Pack (6 Bottles)",Kanpur,900,15300,3103200
5380,2023-12-03,"Cold Brew Coffee Pack (6 Bottles)",Surat,900,8100,3103200
5406,2023-12-04,"Cold Brew Coffee Pack (6 Bottles)",Chennai,900,9900,3113100
5438,2023-12-05,"Cold Brew Coffee Pack (6 Bottles)",Chennai,900,4500,3157200
5434,2023-12-05,"Cold Brew Coffee Pack (6 Bottles)",Pune,900,9000,3157200
5437,2023-12-05,"Cold Brew Coffee Pack (6 Bottles)",Kolkata,900,7200,3157200
5435,2023-12-05,"Cold Brew Coffee Pack (6 Bottles)",Delhi,900,5400,3157200
5436,2023-12-05,"Cold Brew Coffee Pack (6 Bottles)",Bangalore,900,18000,3157200
5456,2023-12-06,"Cold Brew Coffee Pack (6 Bottles)",Chennai,900,14400,3181500
5457,2023-12-06,"Cold Brew Coffee Pack (6 Bottles)",Delhi,900,9900,3181500
5512,2023-12-08,"Cold Brew Coffee Pack (6 Bottles)",Ahmedabad,900,16200,3240000
5511,2023-12-08,"Cold Brew Coffee Pack (6 Bottles)",Pune,900,6300,3240000
5510,2023-12-08,"Cold Brew Coffee Pack (6 Bottles)",Jaipur,900,18000,3240000
5513,2023-12-08,"Cold Brew Coffee Pack (6 Bottles)",Jaipur,900,10800,3240000
5514,2023-12-08,"Cold Brew Coffee Pack (6 Bottles)",Jaipur,900,7200,3240000
5548,2023-12-09,"Cold Brew Coffee Pack (6 Bottles)",Hyderabad,900,16200,3305700
5549,2023-12-09,"Cold Brew Coffee Pack (6 Bottles)",Chennai,900,16200,3305700
5546,2023-12-09,"Cold Brew Coffee Pack (6 Bottles)",Chennai,900,18000,3305700
5547,2023-12-09,"Cold Brew Coffee Pack (6 Bottles)",Pune,900,15300,3305700
5579,2023-12-10,"Cold Brew Coffee Pack (6 Bottles)",Bangalore,900,18000,3323700
5609,2023-12-11,"Cold Brew Coffee Pack (6 Bottles)",Jaipur,900,13500,3376800
5611,2023-12-11,"Cold Brew Coffee Pack (6 Bottles)",Chennai,900,12600,3376800
5610,2023-12-11,"Cold Brew Coffee Pack (6 Bottles)",Jaipur,900,9000,3376800
5612,2023-12-11,"Cold Brew Coffee Pack (6 Bottles)",Jaipur,900,18000,3376800
5633,2023-12-12,"Cold Brew Coffee Pack (6 Bottles)",Pune,900,10800,3403800
5634,2023-12-12,"Cold Brew Coffee Pack (6 Bottles)",Pune,900,16200,3403800
5659,2023-12-13,"Cold Brew Coffee Pack (6 Bottles)",Bangalore,900,16200,3429000
5658,2023-12-13,"Cold Brew Coffee Pack (6 Bottles)",Jaipur,900,9000,3429000
5681,2023-12-14,"Cold Brew Coffee Pack (6 Bottles)",Jaipur,900,9900,3449700
5680,2023-12-14,"Cold Brew Coffee Pack (6 Bottles)",Delhi,900,10800,3449700
5704,2023-12-15,"Cold Brew Coffee Pack (6 Bottles)",Pune,900,6300,3465900
5705,2023-12-15,"Cold Brew Coffee Pack (6 Bottles)",Bangalore,900,9900,3465900
5727,2023-12-16,"Cold Brew Coffee Pack (6 Bottles)",Chennai,900,12600,3478500
5754,2023-12-17,"Cold Brew Coffee Pack (6 Bottles)",Chennai,900,15300,3550500
5758,2023-12-17,"Cold Brew Coffee Pack (6 Bottles)",Jaipur,900,5400,3550500
5753,2023-12-17,"Cold Brew Coffee Pack (6 Bottles)",Pune,900,15300,3550500
5756,2023-12-17,"Cold Brew Coffee Pack (6 Bottles)",Jaipur,900,13500,3550500
5757,2023-12-17,"Cold Brew Coffee Pack (6 Bottles)",Pune,900,6300,3550500
5755,2023-12-17,"Cold Brew Coffee Pack (6 Bottles)",Bangalore,900,16200,3550500
5785,2023-12-18,"Cold Brew Coffee Pack (6 Bottles)",Delhi,900,10800,3582000
5783,2023-12-18,"Cold Brew Coffee Pack (6 Bottles)",Pune,900,16200,3582000
5784,2023-12-18,"Cold Brew Coffee Pack (6 Bottles)",Pune,900,4500,3582000
6505,2024-01-11,"Cold Brew Coffee Pack (6 Bottles)",Lucknow,900,9900,3628800
6504,2024-01-11,"Cold Brew Coffee Pack (6 Bottles)",Bangalore,900,5400,3628800
6506,2024-01-11,"Cold Brew Coffee Pack (6 Bottles)",Bangalore,900,8100,3628800
6507,2024-01-11,"Cold Brew Coffee Pack (6 Bottles)",Delhi,900,5400,3628800
6502,2024-01-11,"Cold Brew Coffee Pack (6 Bottles)",Pune,900,12600,3628800
6503,2024-01-11,"Cold Brew Coffee Pack (6 Bottles)",Kolkata,900,5400,3628800
6529,2024-01-12,"Cold Brew Coffee Pack (6 Bottles)",Bangalore,900,15300,3713400
6525,2024-01-12,"Cold Brew Coffee Pack (6 Bottles)",Bangalore,900,11700,3713400
6532,2024-01-12,"Cold Brew Coffee Pack (6 Bottles)",Bangalore,900,10800,3713400
6528,2024-01-12,"Cold Brew Coffee Pack (6 Bottles)",Chennai,900,11700,3713400
6531,2024-01-12,"Cold Brew Coffee Pack (6 Bottles)",Chennai,900,9000,3713400
6526,2024-01-12,"Cold Brew Coffee Pack (6 Bottles)",Chennai,900,7200,3713400
6527,2024-01-12,"Cold Brew Coffee Pack (6 Bottles)",Jaipur,900,6300,3713400
6530,2024-01-12,"Cold Brew Coffee Pack (6 Bottles)",Delhi,900,12600,3713400
6562,2024-01-13,"Cold Brew Coffee Pack (6 Bottles)",Pune,900,14400,3798900
6566,2024-01-13,"Cold Brew Coffee Pack (6 Bottles)",Chennai,900,16200,3798900
6563,2024-01-13,"Cold Brew Coffee Pack (6 Bottles)",Surat,900,14400,3798900
6565,2024-01-13,"Cold Brew Coffee Pack (6 Bottles)",Jaipur,900,9900,3798900
6564,2024-01-13,"Cold Brew Coffee Pack (6 Bottles)",Bangalore,900,4500,3798900
6568,2024-01-13,"Cold Brew Coffee Pack (6 Bottles)",Kolkata,900,5400,3798900
6567,2024-01-13,"Cold Brew Coffee Pack (6 Bottles)",Jaipur,900,9900,3798900
6561,2024-01-13,"Cold Brew Coffee Pack (6 Bottles)",Hyderabad,900,10800,3798900
6597,2024-01-14,"Cold Brew Coffee Pack (6 Bottles)",Pune,900,8100,3819600
6596,2024-01-14,"Cold Brew Coffee Pack (6 Bottles)",Indore,900,12600,3819600
6619,2024-01-15,"Cold Brew Coffee Pack (6 Bottles)",Kolkata,900,12600,3895200
6618,2024-01-15,"Cold Brew Coffee Pack (6 Bottles)",Pune,900,11700,3895200
6617,2024-01-15,"Cold Brew Coffee Pack (6 Bottles)",Jaipur,900,18000,3895200
6616,2024-01-15,"Cold Brew Coffee Pack (6 Bottles)",Kanpur,900,8100,3895200
6621,2024-01-15,"Cold Brew Coffee Pack (6 Bottles)",Bangalore,900,14400,3895200
6620,2024-01-15,"Cold Brew Coffee Pack (6 Bottles)",Delhi,900,10800,3895200
6645,2024-01-16,"Cold Brew Coffee Pack (6 Bottles)",Hyderabad,900,4500,3916800
6647,2024-01-16,"Cold Brew Coffee Pack (6 Bottles)",Mumbai,900,8100,3916800
6646,2024-01-16,"Cold Brew Coffee Pack (6 Bottles)",Pune,900,9000,3916800
6675,2024-01-17,"Cold Brew Coffee Pack (6 Bottles)",Ahmedabad,900,5400,3986100
6676,2024-01-17,"Cold Brew Coffee Pack (6 Bottles)",Lucknow,900,4500,3986100
6674,2024-01-17,"Cold Brew Coffee Pack (6 Bottles)",Ahmedabad,900,16200,3986100
6673,2024-01-17,"Cold Brew Coffee Pack (6 Bottles)",Kanpur,900,6300,3986100
6672,2024-01-17,"Cold Brew Coffee Pack (6 Bottles)",Chennai,900,13500,3986100
6677,2024-01-17,"Cold Brew Coffee Pack (6 Bottles)",Bangalore,900,14400,3986100
6678,2024-01-17,"Cold Brew Coffee Pack (6 Bottles)",Hyderabad,900,9000,3986100
6700,2024-01-18,"Cold Brew Coffee Pack (6 Bottles)",Nagpur,900,9000,4070700
6701,2024-01-18,"Cold Brew Coffee Pack (6 Bottles)",Ahmedabad,900,17100,4070700
6705,2024-01-18,"Cold Brew Coffee Pack (6 Bottles)",Surat,900,14400,4070700
6702,2024-01-18,"Cold Brew Coffee Pack (6 Bottles)",Pune,900,11700,4070700
6703,2024-01-18,"Cold Brew Coffee Pack (6 Bottles)",Bangalore,900,10800,4070700
6704,2024-01-18,"Cold Brew Coffee Pack (6 Bottles)",Chennai,900,13500,4070700
6699,2024-01-18,"Cold Brew Coffee Pack (6 Bottles)",Chennai,900,8100,4070700
6726,2024-01-19,"Cold Brew Coffee Pack (6 Bottles)",Chennai,900,5400,4140900
6727,2024-01-19,"Cold Brew Coffee Pack (6 Bottles)",Delhi,900,12600,4140900
6731,2024-01-19,"Cold Brew Coffee Pack (6 Bottles)",Pune,900,6300,4140900
6730,2024-01-19,"Cold Brew Coffee Pack (6 Bottles)",Delhi,900,4500,4140900
6732,2024-01-19,"Cold Brew Coffee Pack (6 Bottles)",Jaipur,900,14400,4140900
6725,2024-01-19,"Cold Brew Coffee Pack (6 Bottles)",Pune,900,8100,4140900
6729,2024-01-19,"Cold Brew Coffee Pack (6 Bottles)",Hyderabad,900,13500,4140900
6728,2024-01-19,"Cold Brew Coffee Pack (6 Bottles)",Pune,900,5400,4140900
6753,2024-01-20,"Cold Brew Coffee Pack (6 Bottles)",Lucknow,900,11700,4207500
6757,2024-01-20,"Cold Brew Coffee Pack (6 Bottles)",Surat,900,18000,4207500
6754,2024-01-20,"Cold Brew Coffee Pack (6 Bottles)",Kanpur,900,9900,4207500
6756,2024-01-20,"Cold Brew Coffee Pack (6 Bottles)",Chennai,900,4500,4207500
6755,2024-01-20,"Cold Brew Coffee Pack (6 Bottles)",Jaipur,900,12600,4207500
6758,2024-01-20,"Cold Brew Coffee Pack (6 Bottles)",Kolkata,900,9900,4207500
6785,2024-01-21,"Cold Brew Coffee Pack (6 Bottles)",Pune,900,11700,4339800
6795,2024-01-21,"Cold Brew Coffee Pack (6 Bottles)",Chennai,900,10800,4339800
6791,2024-01-21,"Cold Brew Coffee Pack (6 Bottles)",Chennai,900,17100,4339800
6787,2024-01-21,"Cold Brew Coffee Pack (6 Bottles)",Chennai,900,12600,4339800
6788,2024-01-21,"Cold Brew Coffee Pack (6 Bottles)",Chennai,900,13500,4339800
6792,2024-01-21,"Cold Brew Coffee Pack (6 Bottles)",Jaipur,900,4500,4339800
6790,2024-01-21,"Cold Brew Coffee Pack (6 Bottles)",Delhi,900,9000,4339800
6794,2024-01-21,"Cold Brew Coffee Pack (6 Bottles)",Pune,900,17100,4339800
6786,2024-01-21,"Cold Brew Coffee Pack (6 Bottles)",Indore,900,18000,4339800
6793,2024-01-21,"Cold Brew Coffee Pack (6 Bottles)",Bangalore,900,5400,4339800
6789,2024-01-21,"Cold Brew Coffee Pack (6 Bottles)",Bangalore,900,12600,4339800
6821,2024-01-22,"Cold Brew Coffee Pack (6 Bottles)",Bangalore,900,12600,4458600
6818,2024-01-22,"Cold Brew Coffee Pack (6 Bottles)",Jaipur,900,8100,4458600
6819,2024-01-22,"Cold Brew Coffee Pack (6 Bottles)",Jaipur,900,9000,4458600
6820,2024-01-22,"Cold Brew Coffee Pack (6 Bottles)",Pune,900,9000,4458600
6813,2024-01-22,"Cold Brew Coffee Pack (6 Bottles)",Jaipur,900,11700,4458600
6816,2024-01-22,"Cold Brew Coffee Pack (6 Bottles)",Delhi,900,15300,4458600
6812,2024-01-22,"Cold Brew Coffee Pack (6 Bottles)",Pune,900,18000,4458600
6814,2024-01-22,"Cold Brew Coffee Pack (6 Bottles)",Pune,900,9900,4458600
6815,2024-01-22,"Cold Brew Coffee Pack (6 Bottles)",Indore,900,12600,4458600
6817,2024-01-22,"Cold Brew Coffee Pack (6 Bottles)",Kolkata,900,12600,4458600
6840,2024-01-23,"Cold Brew Coffee Pack (6 Bottles)",Surat,900,14400,4535100
6841,2024-01-23,"Cold Brew Coffee Pack (6 Bottles)",Jaipur,900,5400,4535100
6842,2024-01-23,"Cold Brew Coffee Pack (6 Bottles)",Bangalore,900,6300,4535100
6838,2024-01-23,"Cold Brew Coffee Pack (6 Bottles)",Pune,900,9900,4535100
6837,2024-01-23,"Cold Brew Coffee Pack (6 Bottles)",Chennai,900,17100,4535100
6839,2024-01-23,"Cold Brew Coffee Pack (6 Bottles)",Delhi,900,18000,4535100
6843,2024-01-23,"Cold Brew Coffee Pack (6 Bottles)",Pune,900,5400,4535100
6873,2024-01-24,"Cold Brew Coffee Pack (6 Bottles)",Jaipur,900,6300,4604400
6870,2024-01-24,"Cold Brew Coffee Pack (6 Bottles)",Jaipur,900,4500,4604400
6869,2024-01-24,"Cold Brew Coffee Pack (6 Bottles)",Jaipur,900,11700,4604400
6867,2024-01-24,"Cold Brew Coffee Pack (6 Bottles)",Ahmedabad,900,14400,4604400
6871,2024-01-24,"Cold Brew Coffee Pack (6 Bottles)",Jaipur,900,8100,4604400
6872,2024-01-24,"Cold Brew Coffee Pack (6 Bottles)",Jaipur,900,16200,4604400
6868,2024-01-24,"Cold Brew Coffee Pack (6 Bottles)",Delhi,900,8100,4604400
6892,2024-01-25,"Cold Brew Coffee Pack (6 Bottles)",Pune,900,10800,4662900
6890,2024-01-25,"Cold Brew Coffee Pack (6 Bottles)",Bangalore,900,4500,4662900
6891,2024-01-25,"Cold Brew Coffee Pack (6 Bottles)",Bangalore,900,6300,4662900
6894,2024-01-25,"Cold Brew Coffee Pack (6 Bottles)",Surat,900,11700,4662900
6893,2024-01-25,"Cold Brew Coffee Pack (6 Bottles)",Pune,900,8100,4662900
6889,2024-01-25,"Cold Brew Coffee Pack (6 Bottles)",Mumbai,900,17100,4662900
6923,2024-01-26,"Cold Brew Coffee Pack (6 Bottles)",Delhi,900,15300,4734000
6925,2024-01-26,"Cold Brew Coffee Pack (6 Bottles)",Nagpur,900,16200,4734000
6924,2024-01-26,"Cold Brew Coffee Pack (6 Bottles)",Bangalore,900,7200,4734000
6920,2024-01-26,"Cold Brew Coffee Pack (6 Bottles)",Bangalore,900,7200,4734000
6921,2024-01-26,"Cold Brew Coffee Pack (6 Bottles)",Bangalore,900,14400,4734000
6922,2024-01-26,"Cold Brew Coffee Pack (6 Bottles)",Bangalore,900,4500,4734000
6919,2024-01-26,"Cold Brew Coffee Pack (6 Bottles)",Chennai,900,6300,4734000
6951,2024-01-27,"Cold Brew Coffee Pack (6 Bottles)",Chennai,900,7200,4762800
6952,2024-01-27,"Cold Brew Coffee Pack (6 Bottles)",Ahmedabad,900,5400,4762800
6953,2024-01-27,"Cold Brew Coffee Pack (6 Bottles)",Hyderabad,900,16200,4762800
6977,2024-01-28,"Cold Brew Coffee Pack (6 Bottles)",Pune,900,11700,4818600
6975,2024-01-28,"Cold Brew Coffee Pack (6 Bottles)",Mumbai,900,18000,4818600
6974,2024-01-28,"Cold Brew Coffee Pack (6 Bottles)",Bangalore,900,9900,4818600
6976,2024-01-28,"Cold Brew Coffee Pack (6 Bottles)",Bangalore,900,16200,4818600
7005,2024-01-29,"Cold Brew Coffee Pack (6 Bottles)",Chennai,900,17100,4975200
7009,2024-01-29,"Cold Brew Coffee Pack (6 Bottles)",Bangalore,900,12600,4975200
7001,2024-01-29,"Cold Brew Coffee Pack (6 Bottles)",Chennai,900,12600,4975200
7000,2024-01-29,"Cold Brew Coffee Pack (6 Bottles)",Indore,900,12600,4975200
7008,2024-01-29,"Cold Brew Coffee Pack (6 Bottles)",Delhi,900,7200,4975200
7007,2024-01-29,"Cold Brew Coffee Pack (6 Bottles)",Pune,900,12600,4975200
7004,2024-01-29,"Cold Brew Coffee Pack (6 Bottles)",Delhi,900,15300,4975200
7010,2024-01-29,"Cold Brew Coffee Pack (6 Bottles)",Pune,900,4500,4975200
7003,2024-01-29,"Cold Brew Coffee Pack (6 Bottles)",Kolkata,900,17100,4975200
7011,2024-01-29,"Cold Brew Coffee Pack (6 Bottles)",Kolkata,900,18000,4975200
7002,2024-01-29,"Cold Brew Coffee Pack (6 Bottles)",Delhi,900,16200,4975200
7006,2024-01-29,"Cold Brew Coffee Pack (6 Bottles)",Kanpur,900,10800,4975200
7035,2024-01-30,"Cold Brew Coffee Pack (6 Bottles)",Mumbai,900,9000,5064300
7032,2024-01-30,"Cold Brew Coffee Pack (6 Bottles)",Pune,900,7200,5064300
7033,2024-01-30,"Cold Brew Coffee Pack (6 Bottles)",Chennai,900,11700,5064300
7036,2024-01-30,"Cold Brew Coffee Pack (6 Bottles)",Mumbai,900,11700,5064300
7031,2024-01-30,"Cold Brew Coffee Pack (6 Bottles)",Surat,900,8100,5064300
7030,2024-01-30,"Cold Brew Coffee Pack (6 Bottles)",Kolkata,900,5400,5064300
7034,2024-01-30,"Cold Brew Coffee Pack (6 Bottles)",Kanpur,900,18000,5064300
7037,2024-01-30,"Cold Brew Coffee Pack (6 Bottles)",Surat,900,18000,5064300
7056,2024-01-31,"Cold Brew Coffee Pack (6 Bottles)",Pune,900,15300,5121000
7057,2024-01-31,"Cold Brew Coffee Pack (6 Bottles)",Chennai,900,15300,5121000
7059,2024-01-31,"Cold Brew Coffee Pack (6 Bottles)",Bangalore,900,12600,5121000
7058,2024-01-31,"Cold Brew Coffee Pack (6 Bottles)",Pune,900,13500,5121000
7084,2024-02-01,"Cold Brew Coffee Pack (6 Bottles)",Jaipur,900,16200,5202900
7085,2024-02-01,"Cold Brew Coffee Pack (6 Bottles)",Ahmedabad,900,16200,5202900
7082,2024-02-01,"Cold Brew Coffee Pack (6 Bottles)",Chennai,900,18000,5202900
7083,2024-02-01,"Cold Brew Coffee Pack (6 Bottles)",Pune,900,12600,5202900
7081,2024-02-01,"Cold Brew Coffee Pack (6 Bottles)",Kanpur,900,11700,5202900
7086,2024-02-01,"Cold Brew Coffee Pack (6 Bottles)",Pune,900,7200,5202900
7108,2024-02-02,"Cold Brew Coffee Pack (6 Bottles)",Hyderabad,900,14400,5252400
7109,2024-02-02,"Cold Brew Coffee Pack (6 Bottles)",Bangalore,900,16200,5252400
7106,2024-02-02,"Cold Brew Coffee Pack (6 Bottles)",Bangalore,900,7200,5252400
7107,2024-02-02,"Cold Brew Coffee Pack (6 Bottles)",Pune,900,11700,5252400
7127,2024-02-03,"Cold Brew Coffee Pack (6 Bottles)",Pune,900,6300,5291100
7128,2024-02-03,"Cold Brew Coffee Pack (6 Bottles)",Chennai,900,18000,5291100
7126,2024-02-03,"Cold Brew Coffee Pack (6 Bottles)",Lucknow,900,14400,5291100
7159,2024-02-04,"Cold Brew Coffee Pack (6 Bottles)",Pune,900,6300,5378400
7155,2024-02-04,"Cold Brew Coffee Pack (6 Bottles)",Jaipur,900,8100,5378400
7153,2024-02-04,"Cold Brew Coffee Pack (6 Bottles)",Delhi,900,4500,5378400
7156,2024-02-04,"Cold Brew Coffee Pack (6 Bottles)",Mumbai,900,16200,5378400
7158,2024-02-04,"Cold Brew Coffee Pack (6 Bottles)",Ahmedabad,900,14400,5378400
7161,2024-02-04,"Cold Brew Coffee Pack (6 Bottles)",Chennai,900,16200,5378400
7157,2024-02-04,"Cold Brew Coffee Pack (6 Bottles)",Bangalore,900,9000,5378400
7160,2024-02-04,"Cold Brew Coffee Pack (6 Bottles)",Chennai,900,8100,5378400
7154,2024-02-04,"Cold Brew Coffee Pack (6 Bottles)",Pune,900,4500,5378400
7182,2024-02-05,"Cold Brew Coffee Pack (6 Bottles)",Pune,900,7200,5448600
7186,2024-02-05,"Cold Brew Coffee Pack (6 Bottles)",Surat,900,17100,5448600
7185,2024-02-05,"Cold Brew Coffee Pack (6 Bottles)",Bangalore,900,9000,5448600
7184,2024-02-05,"Cold Brew Coffee Pack (6 Bottles)",Bangalore,900,8100,5448600
7187,2024-02-05,"Cold Brew Coffee Pack (6 Bottles)",Pune,900,14400,5448600
7183,2024-02-05,"Cold Brew Coffee Pack (6 Bottles)",Chennai,900,14400,5448600
7209,2024-02-06,"Cold Brew Coffee Pack (6 Bottles)",Chennai,900,14400,5491800
7210,2024-02-06,"Cold Brew Coffee Pack (6 Bottles)",Chennai,900,14400,5491800
7208,2024-02-06,"Cold Brew Coffee Pack (6 Bottles)",Pune,900,14400,5491800
7243,2024-02-07,"Cold Brew Coffee Pack (6 Bottles)",Kolkata,900,17100,5607000
7245,2024-02-07,"Cold Brew Coffee Pack (6 Bottles)",Mumbai,900,17100,5607000
7242,2024-02-07,"Cold Brew Coffee Pack (6 Bottles)",Mumbai,900,7200,5607000
7244,2024-02-07,"Cold Brew Coffee Pack (6 Bottles)",Kolkata,900,15300,5607000
7238,2024-02-07,"Cold Brew Coffee Pack (6 Bottles)",Nagpur,900,17100,5607000
7239,2024-02-07,"Cold Brew Coffee Pack (6 Bottles)",Surat,900,10800,5607000
7240,2024-02-07,"Cold Brew Coffee Pack (6 Bottles)",Pune,900,7200,5607000
7241,2024-02-07,"Cold Brew Coffee Pack (6 Bottles)",Delhi,900,6300,5607000
7237,2024-02-07,"Cold Brew Coffee Pack (6 Bottles)",Jaipur,900,17100,5607000
7276,2024-02-08,"Cold Brew Coffee Pack (6 Bottles)",Kolkata,900,15300,5727600
7271,2024-02-08,"Cold Brew Coffee Pack (6 Bottles)",Jaipur,900,18000,5727600
7274,2024-02-08,"Cold Brew Coffee Pack (6 Bottles)",Delhi,900,5400,5727600
7273,2024-02-08,"Cold Brew Coffee Pack (6 Bottles)",Pune,900,8100,5727600
7268,2024-02-08,"Cold Brew Coffee Pack (6 Bottles)",Kolkata,900,4500,5727600
7266,2024-02-08,"Cold Brew Coffee Pack (6 Bottles)",Kolkata,900,17100,5727600
7272,2024-02-08,"Cold Brew Coffee Pack (6 Bottles)",Pune,900,5400,5727600
7269,2024-02-08,"Cold Brew Coffee Pack (6 Bottles)",Pune,900,10800,5727600
7270,2024-02-08,"Cold Brew Coffee Pack (6 Bottles)",Chennai,900,14400,5727600
7267,2024-02-08,"Cold Brew Coffee Pack (6 Bottles)",Bangalore,900,17100,5727600
7275,2024-02-08,"Cold Brew Coffee Pack (6 Bottles)",Bangalore,900,4500,5727600
7304,2024-02-09,"Cold Brew Coffee Pack (6 Bottles)",Bangalore,900,6300,5787900
7301,2024-02-09,"Cold Brew Coffee Pack (6 Bottles)",Delhi,900,18000,5787900
7300,2024-02-09,"Cold Brew Coffee Pack (6 Bottles)",Pune,900,8100,5787900
7299,2024-02-09,"Cold Brew Coffee Pack (6 Bottles)",Jaipur,900,7200,5787900
7303,2024-02-09,"Cold Brew Coffee Pack (6 Bottles)",Jaipur,900,7200,5787900
7302,2024-02-09,"Cold Brew Coffee Pack (6 Bottles)",Delhi,900,13500,5787900
7334,2024-02-10,"Cold Brew Coffee Pack (6 Bottles)",Delhi,900,10800,5886000
7337,2024-02-10,"Cold Brew Coffee Pack (6 Bottles)",Bangalore,900,9900,5886000
7339,2024-02-10,"Cold Brew Coffee Pack (6 Bottles)",Jaipur,900,9000,5886000
7338,2024-02-10,"Cold Brew Coffee Pack (6 Bottles)",Pune,900,4500,5886000
7332,2024-02-10,"Cold Brew Coffee Pack (6 Bottles)",Hyderabad,900,15300,5886000
7335,2024-02-10,"Cold Brew Coffee Pack (6 Bottles)",Pune,900,16200,5886000
7333,2024-02-10,"Cold Brew Coffee Pack (6 Bottles)",Chennai,900,17100,5886000
7336,2024-02-10,"Cold Brew Coffee Pack (6 Bottles)",Kolkata,900,15300,5886000
7368,2024-02-11,"Cold Brew Coffee Pack (6 Bottles)",Mumbai,900,18000,6004800
7370,2024-02-11,"Cold Brew Coffee Pack (6 Bottles)",Jaipur,900,16200,6004800
7364,2024-02-11,"Cold Brew Coffee Pack (6 Bottles)",Bangalore,900,13500,6004800
7365,2024-02-11,"Cold Brew Coffee Pack (6 Bottles)",Delhi,900,6300,6004800
7371,2024-02-11,"Cold Brew Coffee Pack (6 Bottles)",Nagpur,900,12600,6004800
7363,2024-02-11,"Cold Brew Coffee Pack (6 Bottles)",Chennai,900,16200,6004800
7367,2024-02-11,"Cold Brew Coffee Pack (6 Bottles)",Jaipur,900,16200,6004800
7366,2024-02-11,"Cold Brew Coffee Pack (6 Bottles)",Delhi,900,9000,6004800
7369,2024-02-11,"Cold Brew Coffee Pack (6 Bottles)",Pune,900,10800,6004800
7408,2024-02-12,"Cold Brew Coffee Pack (6 Bottles)",Delhi,900,4500,6136200
7412,2024-02-12,"Cold Brew Coffee Pack (6 Bottles)",Bangalore,900,8100,6136200
7410,2024-02-12,"Cold Brew Coffee Pack (6 Bottles)",Surat,900,12600,6136200
7415,2024-02-12,"Cold Brew Coffee Pack (6 Bottles)",Indore,900,8100,6136200
7405,2024-02-12,"Cold Brew Coffee Pack (6 Bottles)",Kanpur,900,15300,6136200
7404,2024-02-12,"Cold Brew Coffee Pack (6 Bottles)",Indore,900,18000,6136200
7406,2024-02-12,"Cold Brew Coffee Pack (6 Bottles)",Nagpur,900,17100,6136200
7409,2024-02-12,"Cold Brew Coffee Pack (6 Bottles)",Jaipur,900,17100,6136200
7407,2024-02-12,"Cold Brew Coffee Pack (6 Bottles)",Jaipur,900,4500,6136200
7413,2024-02-12,"Cold Brew Coffee Pack (6 Bottles)",Jaipur,900,5400,6136200
7414,2024-02-12,"Cold Brew Coffee Pack (6 Bottles)",Nagpur,900,7200,6136200
7403,2024-02-12,"Cold Brew Coffee Pack (6 Bottles)",Chennai,900,7200,6136200
7411,2024-02-12,"Cold Brew Coffee Pack (6 Bottles)",Chennai,900,6300,6136200
7444,2024-02-13,"Cold Brew Coffee Pack (6 Bottles)",Delhi,900,12600,6200100
7442,2024-02-13,"Cold Brew Coffee Pack (6 Bottles)",Bangalore,900,16200,6200100
7441,2024-02-13,"Cold Brew Coffee Pack (6 Bottles)",Pune,900,15300,6200100
7443,2024-02-13,"Cold Brew Coffee Pack (6 Bottles)",Kanpur,900,10800,6200100
7445,2024-02-13,"Cold Brew Coffee Pack (6 Bottles)",Jaipur,900,9000,6200100
7475,2024-02-14,"Cold Brew Coffee Pack (6 Bottles)",Kolkata,900,16200,6271200
7476,2024-02-14,"Cold Brew Coffee Pack (6 Bottles)",Mumbai,900,8100,6271200
7477,2024-02-14,"Cold Brew Coffee Pack (6 Bottles)",Mumbai,900,8100,6271200
7474,2024-02-14,"Cold Brew Coffee Pack (6 Bottles)",Chennai,900,4500,6271200
7472,2024-02-14,"Cold Brew Coffee Pack (6 Bottles)",Pune,900,8100,6271200
7473,2024-02-14,"Cold Brew Coffee Pack (6 Bottles)",Chennai,900,17100,6271200
7478,2024-02-14,"Cold Brew Coffee Pack (6 Bottles)",Bangalore,900,9000,6271200
7491,2024-02-15,"Cold Brew Coffee Pack (6 Bottles)",Pune,900,14400,6336000
7494,2024-02-15,"Cold Brew Coffee Pack (6 Bottles)",Pune,900,9900,6336000
7492,2024-02-15,"Cold Brew Coffee Pack (6 Bottles)",Delhi,900,11700,6336000
7493,2024-02-15,"Cold Brew Coffee Pack (6 Bottles)",Delhi,900,4500,6336000
7496,2024-02-15,"Cold Brew Coffee Pack (6 Bottles)",Chennai,900,17100,6336000
7495,2024-02-15,"Cold Brew Coffee Pack (6 Bottles)",Jaipur,900,7200,6336000
7528,2024-02-16,"Cold Brew Coffee Pack (6 Bottles)",Delhi,900,14400,6392700
7529,2024-02-16,"Cold Brew Coffee Pack (6 Bottles)",Pune,900,9000,6392700
7526,2024-02-16,"Cold Brew Coffee Pack (6 Bottles)",Ahmedabad,900,11700,6392700
7527,2024-02-16,"Cold Brew Coffee Pack (6 Bottles)",Bangalore,900,9000,6392700
7525,2024-02-16,"Cold Brew Coffee Pack (6 Bottles)",Chennai,900,12600,6392700
7552,2024-02-17,"Cold Brew Coffee Pack (6 Bottles)",Chennai,900,7200,6506100
7554,2024-02-17,"Cold Brew Coffee Pack (6 Bottles)",Pune,900,14400,6506100
7545,2024-02-17,"Cold Brew Coffee Pack (6 Bottles)",Delhi,900,6300,6506100
7551,2024-02-17,"Cold Brew Coffee Pack (6 Bottles)",Kanpur,900,15300,6506100
7547,2024-02-17,"Cold Brew Coffee Pack (6 Bottles)",Pune,900,12600,6506100
7550,2024-02-17,"Cold Brew Coffee Pack (6 Bottles)",Delhi,900,10800,6506100
7549,2024-02-17,"Cold Brew Coffee Pack (6 Bottles)",Bangalore,900,15300,6506100
7553,2024-02-17,"Cold Brew Coffee Pack (6 Bottles)",Bangalore,900,8100,6506100
7544,2024-02-17,"Cold Brew Coffee Pack (6 Bottles)",Pune,900,12600,6506100
7546,2024-02-17,"Cold Brew Coffee Pack (6 Bottles)",Pune,900,5400,6506100
7548,2024-02-17,"Cold Brew Coffee Pack (6 Bottles)",Mumbai,900,5400,6506100
7584,2024-02-18,"Cold Brew Coffee Pack (6 Bottles)",Chennai,900,4500,6563700
7581,2024-02-18,"Cold Brew Coffee Pack (6 Bottles)",Pune,900,5400,6563700
7580,2024-02-18,"Cold Brew Coffee Pack (6 Bottles)",Jaipur,900,5400,6563700
7579,2024-02-18,"Cold Brew Coffee Pack (6 Bottles)",Pune,900,16200,6563700
7583,2024-02-18,"Cold Brew Coffee Pack (6 Bottles)",Bangalore,900,10800,6563700
7582,2024-02-18,"Cold Brew Coffee Pack (6 Bottles)",Bangalore,900,15300,6563700
7610,2024-02-19,"Cold Brew Coffee Pack (6 Bottles)",Chennai,900,5400,6671700
7614,2024-02-19,"Cold Brew Coffee Pack (6 Bottles)",Ahmedabad,900,12600,6671700
7612,2024-02-19,"Cold Brew Coffee Pack (6 Bottles)",Ahmedabad,900,11700,6671700
7613,2024-02-19,"Cold Brew Coffee Pack (6 Bottles)",Kolkata,900,16200,6671700
7609,2024-02-19,"Cold Brew Coffee Pack (6 Bottles)",Kanpur,900,16200,6671700
7615,2024-02-19,"Cold Brew Coffee Pack (6 Bottles)",Jaipur,900,9900,6671700
7608,2024-02-19,"Cold Brew Coffee Pack (6 Bottles)",Mumbai,900,18000,6671700
7611,2024-02-19,"Cold Brew Coffee Pack (6 Bottles)",Chennai,900,18000,6671700
7637,2024-02-20,"Cold Brew Coffee Pack (6 Bottles)",Pune,900,5400,6741900
7636,2024-02-20,"Cold Brew Coffee Pack (6 Bottles)",Bangalore,900,4500,6741900
7638,2024-02-20,"Cold Brew Coffee Pack (6 Bottles)",Jaipur,900,14400,6741900
7640,2024-02-20,"Cold Brew Coffee Pack (6 Bottles)",Delhi,900,10800,6741900
7639,2024-02-20,"Cold Brew Coffee Pack (6 Bottles)",Delhi,900,7200,6741900
7641,2024-02-20,"Cold Brew Coffee Pack (6 Bottles)",Pune,900,14400,6741900
7635,2024-02-20,"Cold Brew Coffee Pack (6 Bottles)",Kanpur,900,13500,6741900
7659,2024-02-21,"Cold Brew Coffee Pack (6 Bottles)",Pune,900,13500,6807600
7660,2024-02-21,"Cold Brew Coffee Pack (6 Bottles)",Indore,900,13500,6807600
7658,2024-02-21,"Cold Brew Coffee Pack (6 Bottles)",Chennai,900,10800,6807600
7656,2024-02-21,"Cold Brew Coffee Pack (6 Bottles)",Chennai,900,5400,6807600
7657,2024-02-21,"Cold Brew Coffee Pack (6 Bottles)",Lucknow,900,6300,6807600
7655,2024-02-21,"Cold Brew Coffee Pack (6 Bottles)",Jaipur,900,16200,6807600
7693,2024-02-22,"Cold Brew Coffee Pack (6 Bottles)",Indore,900,16200,6863400
7691,2024-02-22,"Cold Brew Coffee Pack (6 Bottles)",Kanpur,900,4500,6863400
7690,2024-02-22,"Cold Brew Coffee Pack (6 Bottles)",Pune,900,17100,6863400
7689,2024-02-22,"Cold Brew Coffee Pack (6 Bottles)",Bangalore,900,6300,6863400
7694,2024-02-22,"Cold Brew Coffee Pack (6 Bottles)",Bangalore,900,7200,6863400
7692,2024-02-22,"Cold Brew Coffee Pack (6 Bottles)",Chennai,900,4500,6863400
7714,2024-02-23,"Cold Brew Coffee Pack (6 Bottles)",Jaipur,900,18000,6972300
7715,2024-02-23,"Cold Brew Coffee Pack (6 Bottles)",Ahmedabad,900,8100,6972300
7717,2024-02-23,"Cold Brew Coffee Pack (6 Bottles)",Mumbai,900,13500,6972300
7718,2024-02-23,"Cold Brew Coffee Pack (6 Bottles)",Delhi,900,5400,6972300
7711,2024-02-23,"Cold Brew Coffee Pack (6 Bottles)",Delhi,900,11700,6972300
7720,2024-02-23,"Cold Brew Coffee Pack (6 Bottles)",Kanpur,900,14400,6972300
7719,2024-02-23,"Cold Brew Coffee Pack (6 Bottles)",Mumbai,900,8100,6972300
7716,2024-02-23,"Cold Brew Coffee Pack (6 Bottles)",Bangalore,900,9000,6972300
7712,2024-02-23,"Cold Brew Coffee Pack (6 Bottles)",Bangalore,900,6300,6972300
7713,2024-02-23,"Cold Brew Coffee Pack (6 Bottles)",Pune,900,14400,6972300
7743,2024-02-24,"Cold Brew Coffee Pack (6 Bottles)",Jaipur,900,16200,7042500
7745,2024-02-24,"Cold Brew Coffee Pack (6 Bottles)",Pune,900,5400,7042500
7742,2024-02-24,"Cold Brew Coffee Pack (6 Bottles)",Chennai,900,13500,7042500
7741,2024-02-24,"Cold Brew Coffee Pack (6 Bottles)",Bangalore,900,11700,7042500
7744,2024-02-24,"Cold Brew Coffee Pack (6 Bottles)",Bangalore,900,9000,7042500
7746,2024-02-24,"Cold Brew Coffee Pack (6 Bottles)",Mumbai,900,14400,7042500
7777,2024-02-25,"Cold Brew Coffee Pack (6 Bottles)",Pune,900,17100,7184700
7778,2024-02-25,"Cold Brew Coffee Pack (6 Bottles)",Pune,900,5400,7184700
7774,2024-02-25,"Cold Brew Coffee Pack (6 Bottles)",Pune,900,4500,7184700
7769,2024-02-25,"Cold Brew Coffee Pack (6 Bottles)",Lucknow,900,9900,7184700
7772,2024-02-25,"Cold Brew Coffee Pack (6 Bottles)",Jaipur,900,14400,7184700
7768,2024-02-25,"Cold Brew Coffee Pack (6 Bottles)",Pune,900,15300,7184700
7776,2024-02-25,"Cold Brew Coffee Pack (6 Bottles)",Pune,900,17100,7184700
7773,2024-02-25,"Cold Brew Coffee Pack (6 Bottles)",Jaipur,900,18000,7184700
7771,2024-02-25,"Cold Brew Coffee Pack (6 Bottles)",Bangalore,900,6300,7184700
7770,2024-02-25,"Cold Brew Coffee Pack (6 Bottles)",Bangalore,900,16200,7184700
7775,2024-02-25,"Cold Brew Coffee Pack (6 Bottles)",Chennai,900,7200,7184700
7767,2024-02-25,"Cold Brew Coffee Pack (6 Bottles)",Chennai,900,5400,7184700
7766,2024-02-25,"Cold Brew Coffee Pack (6 Bottles)",Jaipur,900,5400,7184700
7807,2024-02-26,"Cold Brew Coffee Pack (6 Bottles)",Ahmedabad,900,14400,7275600
7803,2024-02-26,"Cold Brew Coffee Pack (6 Bottles)",Kolkata,900,12600,7275600
7806,2024-02-26,"Cold Brew Coffee Pack (6 Bottles)",Indore,900,13500,7275600
7805,2024-02-26,"Cold Brew Coffee Pack (6 Bottles)",Kanpur,900,4500,7275600
7808,2024-02-26,"Cold Brew Coffee Pack (6 Bottles)",Kolkata,900,5400,7275600
7801,2024-02-26,"Cold Brew Coffee Pack (6 Bottles)",Delhi,900,5400,7275600
7800,2024-02-26,"Cold Brew Coffee Pack (6 Bottles)",Hyderabad,900,9000,7275600
7804,2024-02-26,"Cold Brew Coffee Pack (6 Bottles)",Nagpur,900,7200,7275600
7802,2024-02-26,"Cold Brew Coffee Pack (6 Bottles)",Jaipur,900,6300,7275600
7799,2024-02-26,"Cold Brew Coffee Pack (6 Bottles)",Bangalore,900,12600,7275600
7830,2024-02-27,"Cold Brew Coffee Pack (6 Bottles)",Bangalore,900,5400,7332300
7827,2024-02-27,"Cold Brew Coffee Pack (6 Bottles)",Pune,900,14400,7332300
7831,2024-02-27,"Cold Brew Coffee Pack (6 Bottles)",Jaipur,900,5400,7332300
7828,2024-02-27,"Cold Brew Coffee Pack (6 Bottles)",Jaipur,900,9900,7332300
7829,2024-02-27,"Cold Brew Coffee Pack (6 Bottles)",Delhi,900,8100,7332300
7832,2024-02-27,"Cold Brew Coffee Pack (6 Bottles)",Chennai,900,13500,7332300
7867,2024-02-28,"Cold Brew Coffee Pack (6 Bottles)",Bangalore,900,9000,7393500
7864,2024-02-28,"Cold Brew Coffee Pack (6 Bottles)",Bangalore,900,12600,7393500
7866,2024-02-28,"Cold Brew Coffee Pack (6 Bottles)",Bangalore,900,14400,7393500
7869,2024-02-28,"Cold Brew Coffee Pack (6 Bottles)",Delhi,900,5400,7393500
7868,2024-02-28,"Cold Brew Coffee Pack (6 Bottles)",Mumbai,900,13500,7393500
7865,2024-02-28,"Cold Brew Coffee Pack (6 Bottles)",Hyderabad,900,6300,7393500
7888,2024-02-29,"Cold Brew Coffee Pack (6 Bottles)",Surat,900,14400,7500600
7887,2024-02-29,"Cold Brew Coffee Pack (6 Bottles)",Pune,900,14400,7500600
7886,2024-02-29,"Cold Brew Coffee Pack (6 Bottles)",Jaipur,900,11700,7500600
7890,2024-02-29,"Cold Brew Coffee Pack (6 Bottles)",Delhi,900,13500,7500600
7891,2024-02-29,"Cold Brew Coffee Pack (6 Bottles)",Delhi,900,15300,7500600
7892,2024-02-29,"Cold Brew Coffee Pack (6 Bottles)",Mumbai,900,18000,7500600
7893,2024-02-29,"Cold Brew Coffee Pack (6 Bottles)",Delhi,900,10800,7500600
7889,2024-02-29,"Cold Brew Coffee Pack (6 Bottles)",Jaipur,900,9000,7500600
7937,2024-03-01,"Cold Brew Coffee Pack (6 Bottles)",Ahmedabad,900,16200,7696800
7936,2024-03-01,"Cold Brew Coffee Pack (6 Bottles)",Pune,900,18000,7696800
7939,2024-03-01,"Cold Brew Coffee Pack (6 Bottles)",Pune,900,7200,7696800
7926,2024-03-01,"Cold Brew Coffee Pack (6 Bottles)",Bangalore,900,10800,7696800
7933,2024-03-01,"Cold Brew Coffee Pack (6 Bottles)",Bangalore,900,13500,7696800
7928,2024-03-01,"Cold Brew Coffee Pack (6 Bottles)",Chennai,900,7200,7696800
7924,2024-03-01,"Cold Brew Coffee Pack (6 Bottles)",Pune,900,18000,7696800
7935,2024-03-01,"Cold Brew Coffee Pack (6 Bottles)",Chennai,900,13500,7696800
7930,2024-03-01,"Cold Brew Coffee Pack (6 Bottles)",Mumbai,900,7200,7696800
7932,2024-03-01,"Cold Brew Coffee Pack (6 Bottles)",Kolkata,900,13500,7696800
7931,2024-03-01,"Cold Brew Coffee Pack (6 Bottles)",Pune,900,16200,7696800
7934,2024-03-01,"Cold Brew Coffee Pack (6 Bottles)",Kanpur,900,6300,7696800
7927,2024-03-01,"Cold Brew Coffee Pack (6 Bottles)",Pune,900,13500,7696800
7925,2024-03-01,"Cold Brew Coffee Pack (6 Bottles)",Pune,900,12600,7696800
7929,2024-03-01,"Cold Brew Coffee Pack (6 Bottles)",Ahmedabad,900,16200,7696800
7938,2024-03-01,"Cold Brew Coffee Pack (6 Bottles)",Delhi,900,6300,7696800
7994,2024-03-02,"Cold Brew Coffee Pack (6 Bottles)",Pune,900,13500,7888500
7982,2024-03-02,"Cold Brew Coffee Pack (6 Bottles)",Delhi,900,4500,7888500
7987,2024-03-02,"Cold Brew Coffee Pack (6 Bottles)",Chennai,900,13500,7888500
7996,2024-03-02,"Cold Brew Coffee Pack (6 Bottles)",Bangalore,900,7200,7888500
7988,2024-03-02,"Cold Brew Coffee Pack (6 Bottles)",Jaipur,900,15300,7888500
7979,2024-03-02,"Cold Brew Coffee Pack (6 Bottles)",Pune,900,9000,7888500
7998,2024-03-02,"Cold Brew Coffee Pack (6 Bottles)",Pune,900,4500,7888500
7986,2024-03-02,"Cold Brew Coffee Pack (6 Bottles)",Nagpur,900,14400,7888500
7995,2024-03-02,"Cold Brew Coffee Pack (6 Bottles)",Ahmedabad,900,6300,7888500
7991,2024-03-02,"Cold Brew Coffee Pack (6 Bottles)",Pune,900,14400,7888500
7981,2024-03-02,"Cold Brew Coffee Pack (6 Bottles)",Pune,900,14400,7888500
7989,2024-03-02,"Cold Brew Coffee Pack (6 Bottles)",Surat,900,4500,7888500
7985,2024-03-02,"Cold Brew Coffee Pack (6 Bottles)",Delhi,900,5400,7888500
7990,2024-03-02,"Cold Brew Coffee Pack (6 Bottles)",Delhi,900,13500,7888500
7997,2024-03-02,"Cold Brew Coffee Pack (6 Bottles)",Jaipur,900,5400,7888500
7993,2024-03-02,"Cold Brew Coffee Pack (6 Bottles)",Pune,900,4500,7888500
7999,2024-03-02,"Cold Brew Coffee Pack (6 Bottles)",Pune,900,6300,7888500
7992,2024-03-02,"Cold Brew Coffee Pack (6 Bottles)",Pune,900,7200,7888500
7983,2024-03-02,"Cold Brew Coffee Pack (6 Bottles)",Delhi,900,8100,7888500
7984,2024-03-02,"Cold Brew Coffee Pack (6 Bottles)",Pune,900,4500,7888500
7980,2024-03-02,"Cold Brew Coffee Pack (6 Bottles)",Chennai,900,15300,7888500
8038,2024-03-03,"Cold Brew Coffee Pack (6 Bottles)",Chennai,900,11700,7946100
8040,2024-03-03,"Cold Brew Coffee Pack (6 Bottles)",Jaipur,900,8100,7946100
8036,2024-03-03,"Cold Brew Coffee Pack (6 Bottles)",Kolkata,900,8100,7946100
8035,2024-03-03,"Cold Brew Coffee Pack (6 Bottles)",Kolkata,900,5400,7946100
8037,2024-03-03,"Cold Brew Coffee Pack (6 Bottles)",Pune,900,17100,7946100
8039,2024-03-03,"Cold Brew Coffee Pack (6 Bottles)",Pune,900,7200,7946100
8065,2024-03-04,"Cold Brew Coffee Pack (6 Bottles)",Delhi,900,6300,8020800
8066,2024-03-04,"Cold Brew Coffee Pack (6 Bottles)",Indore,900,6300,8020800
8063,2024-03-04,"Cold Brew Coffee Pack (6 Bottles)",Delhi,900,14400,8020800
8061,2024-03-04,"Cold Brew Coffee Pack (6 Bottles)",Chennai,900,5400,8020800
8064,2024-03-04,"Cold Brew Coffee Pack (6 Bottles)",Pune,900,10800,8020800
8062,2024-03-04,"Cold Brew Coffee Pack (6 Bottles)",Jaipur,900,17100,8020800
8068,2024-03-04,"Cold Brew Coffee Pack (6 Bottles)",Surat,900,7200,8020800
8067,2024-03-04,"Cold Brew Coffee Pack (6 Bottles)",Nagpur,900,7200,8020800
8100,2024-03-05,"Cold Brew Coffee Pack (6 Bottles)",Kolkata,900,16200,8131500
8094,2024-03-05,"Cold Brew Coffee Pack (6 Bottles)",Pune,900,4500,8131500
8098,2024-03-05,"Cold Brew Coffee Pack (6 Bottles)",Hyderabad,900,11700,8131500
8097,2024-03-05,"Cold Brew Coffee Pack (6 Bottles)",Lucknow,900,5400,8131500
8096,2024-03-05,"Cold Brew Coffee Pack (6 Bottles)",Bangalore,900,18000,8131500
8102,2024-03-05,"Cold Brew Coffee Pack (6 Bottles)",Bangalore,900,6300,8131500
8099,2024-03-05,"Cold Brew Coffee Pack (6 Bottles)",Delhi,900,15300,8131500
8093,2024-03-05,"Cold Brew Coffee Pack (6 Bottles)",Pune,900,4500,8131500
8095,2024-03-05,"Cold Brew Coffee Pack (6 Bottles)",Kanpur,900,14400,8131500
8101,2024-03-05,"Cold Brew Coffee Pack (6 Bottles)",Chennai,900,14400,8131500
8139,2024-03-06,"Cold Brew Coffee Pack (6 Bottles)",Chennai,900,16200,8249400
8135,2024-03-06,"Cold Brew Coffee Pack (6 Bottles)",Chennai,900,15300,8249400
8137,2024-03-06,"Cold Brew Coffee Pack (6 Bottles)",Pune,900,8100,8249400
8133,2024-03-06,"Cold Brew Coffee Pack (6 Bottles)",Hyderabad,900,14400,8249400
8134,2024-03-06,"Cold Brew Coffee Pack (6 Bottles)",Surat,900,15300,8249400
8140,2024-03-06,"Cold Brew Coffee Pack (6 Bottles)",Indore,900,17100,8249400
8138,2024-03-06,"Cold Brew Coffee Pack (6 Bottles)",Bangalore,900,14400,8249400
8136,2024-03-06,"Cold Brew Coffee Pack (6 Bottles)",Pune,900,17100,8249400
8162,2024-03-07,"Cold Brew Coffee Pack (6 Bottles)",Chennai,900,13500,8292600
8163,2024-03-07,"Cold Brew Coffee Pack (6 Bottles)",Delhi,900,7200,8292600
8164,2024-03-07,"Cold Brew Coffee Pack (6 Bottles)",Bangalore,900,15300,8292600
8161,2024-03-07,"Cold Brew Coffee Pack (6 Bottles)",Surat,900,7200,8292600
8185,2024-03-08,"Cold Brew Coffee Pack (6 Bottles)",Jaipur,900,17100,8447400
8186,2024-03-08,"Cold Brew Coffee Pack (6 Bottles)",Chennai,900,9000,8447400
8195,2024-03-08,"Cold Brew Coffee Pack (6 Bottles)",Chennai,900,7200,8447400
8193,2024-03-08,"Cold Brew Coffee Pack (6 Bottles)",Chennai,900,9900,8447400
8187,2024-03-08,"Cold Brew Coffee Pack (6 Bottles)",Kanpur,900,10800,8447400
8196,2024-03-08,"Cold Brew Coffee Pack (6 Bottles)",Jaipur,900,12600,8447400
8184,2024-03-08,"Cold Brew Coffee Pack (6 Bottles)",Delhi,900,12600,8447400
8191,2024-03-08,"Cold Brew Coffee Pack (6 Bottles)",Bangalore,900,11700,8447400
8192,2024-03-08,"Cold Brew Coffee Pack (6 Bottles)",Bangalore,900,15300,8447400
8188,2024-03-08,"Cold Brew Coffee Pack (6 Bottles)",Pune,900,15300,8447400
8183,2024-03-08,"Cold Brew Coffee Pack (6 Bottles)",Pune,900,8100,8447400
8194,2024-03-08,"Cold Brew Coffee Pack (6 Bottles)",Lucknow,900,5400,8447400
8190,2024-03-08,"Cold Brew Coffee Pack (6 Bottles)",Hyderabad,900,9900,8447400
8189,2024-03-08,"Cold Brew Coffee Pack (6 Bottles)",Pune,900,9900,8447400
8223,2024-03-09,"Cold Brew Coffee Pack (6 Bottles)",Jaipur,900,7200,8574300
8224,2024-03-09,"Cold Brew Coffee Pack (6 Bottles)",Delhi,900,16200,8574300
8220,2024-03-09,"Cold Brew Coffee Pack (6 Bottles)",Lucknow,900,11700,8574300
8218,2024-03-09,"Cold Brew Coffee Pack (6 Bottles)",Surat,900,8100,8574300
8221,2024-03-09,"Cold Brew Coffee Pack (6 Bottles)",Pune,900,5400,8574300
8225,2024-03-09,"Cold Brew Coffee Pack (6 Bottles)",Chennai,900,17100,8574300
8217,2024-03-09,"Cold Brew Coffee Pack (6 Bottles)",Chennai,900,17100,8574300
8219,2024-03-09,"Cold Brew Coffee Pack (6 Bottles)",Chennai,900,18000,8574300
8227,2024-03-09,"Cold Brew Coffee Pack (6 Bottles)",Bangalore,900,15300,8574300
8226,2024-03-09,"Cold Brew Coffee Pack (6 Bottles)",Pune,900,4500,8574300
8222,2024-03-09,"Cold Brew Coffee Pack (6 Bottles)",Mumbai,900,6300,8574300
8247,2024-03-10,"Cold Brew Coffee Pack (6 Bottles)",Delhi,900,16200,8682300
8244,2024-03-10,"Cold Brew Coffee Pack (6 Bottles)",Pune,900,10800,8682300
8245,2024-03-10,"Cold Brew Coffee Pack (6 Bottles)",Pune,900,16200,8682300
8246,2024-03-10,"Cold Brew Coffee Pack (6 Bottles)",Delhi,900,9900,8682300
8250,2024-03-10,"Cold Brew Coffee Pack (6 Bottles)",Surat,900,18000,8682300
8243,2024-03-10,"Cold Brew Coffee Pack (6 Bottles)",Pune,900,13500,8682300
8249,2024-03-10,"Cold Brew Coffee Pack (6 Bottles)",Chennai,900,16200,8682300
8248,2024-03-10,"Cold Brew Coffee Pack (6 Bottles)",Chennai,900,7200,8682300
8271,2024-03-11,"Cold Brew Coffee Pack (6 Bottles)",Chennai,900,5400,8755200
8273,2024-03-11,"Cold Brew Coffee Pack (6 Bottles)",Chennai,900,16200,8755200
8272,2024-03-11,"Cold Brew Coffee Pack (6 Bottles)",Pune,900,14400,8755200
8269,2024-03-11,"Cold Brew Coffee Pack (6 Bottles)",Delhi,900,12600,8755200
8268,2024-03-11,"Cold Brew Coffee Pack (6 Bottles)",Bangalore,900,10800,8755200
8270,2024-03-11,"Cold Brew Coffee Pack (6 Bottles)",Bangalore,900,13500,8755200
8302,2024-03-12,"Cold Brew Coffee Pack (6 Bottles)",Kanpur,900,8100,8802000
8300,2024-03-12,"Cold Brew Coffee Pack (6 Bottles)",Surat,900,5400,8802000
8304,2024-03-12,"Cold Brew Coffee Pack (6 Bottles)",Chennai,900,11700,8802000
8303,2024-03-12,"Cold Brew Coffee Pack (6 Bottles)",Chennai,900,7200,8802000
8301,2024-03-12,"Cold Brew Coffee Pack (6 Bottles)",Ahmedabad,900,5400,8802000
8305,2024-03-12,"Cold Brew Coffee Pack (6 Bottles)",Pune,900,9000,8802000
8329,2024-03-13,"Cold Brew Coffee Pack (6 Bottles)",Delhi,900,9000,8916300
8325,2024-03-13,"Cold Brew Coffee Pack (6 Bottles)",Surat,900,18000,8916300
8328,2024-03-13,"Cold Brew Coffee Pack (6 Bottles)",Ahmedabad,900,15300,8916300
8322,2024-03-13,"Cold Brew Coffee Pack (6 Bottles)",Delhi,900,14400,8916300
8326,2024-03-13,"Cold Brew Coffee Pack (6 Bottles)",Bangalore,900,14400,8916300
8327,2024-03-13,"Cold Brew Coffee Pack (6 Bottles)",Bangalore,900,12600,8916300
8324,2024-03-13,"Cold Brew Coffee Pack (6 Bottles)",Pune,900,18000,8916300
8323,2024-03-13,"Cold Brew Coffee Pack (6 Bottles)",Jaipur,900,12600,8916300
8351,2024-03-14,"Cold Brew Coffee Pack (6 Bottles)",Delhi,900,13500,8991900
8350,2024-03-14,"Cold Brew Coffee Pack (6 Bottles)",Pune,900,10800,8991900
8355,2024-03-14,"Cold Brew Coffee Pack (6 Bottles)",Jaipur,900,9900,8991900
8352,2024-03-14,"Cold Brew Coffee Pack (6 Bottles)",Bangalore,900,9900,8991900
8356,2024-03-14,"Cold Brew Coffee Pack (6 Bottles)",Bangalore,900,5400,8991900
8354,2024-03-14,"Cold Brew Coffee Pack (6 Bottles)",Pune,900,12600,8991900
8353,2024-03-14,"Cold Brew Coffee Pack (6 Bottles)",Chennai,900,13500,8991900
8387,2024-03-15,"Cold Brew Coffee Pack (6 Bottles)",Chennai,900,17100,9100800
8385,2024-03-15,"Cold Brew Coffee Pack (6 Bottles)",Delhi,900,9900,9100800
8386,2024-03-15,"Cold Brew Coffee Pack (6 Bottles)",Delhi,900,9900,9100800
8388,2024-03-15,"Cold Brew Coffee Pack (6 Bottles)",Kolkata,900,17100,9100800
8389,2024-03-15,"Cold Brew Coffee Pack (6 Bottles)",Ahmedabad,900,11700,9100800
8383,2024-03-15,"Cold Brew Coffee Pack (6 Bottles)",Pune,900,7200,9100800
8390,2024-03-15,"Cold Brew Coffee Pack (6 Bottles)",Pune,900,15300,9100800
8382,2024-03-15,"Cold Brew Coffee Pack (6 Bottles)",Bangalore,900,10800,9100800
8384,2024-03-15,"Cold Brew Coffee Pack (6 Bottles)",Bangalore,900,9900,9100800
8410,2024-03-16,"Cold Brew Coffee Pack (6 Bottles)",Bangalore,900,4500,9166500
8413,2024-03-16,"Cold Brew Coffee Pack (6 Bottles)",Bangalore,900,17100,9166500
8412,2024-03-16,"Cold Brew Coffee Pack (6 Bottles)",Bangalore,900,10800,9166500
8414,2024-03-16,"Cold Brew Coffee Pack (6 Bottles)",Pune,900,10800,9166500
8411,2024-03-16,"Cold Brew Coffee Pack (6 Bottles)",Kanpur,900,9900,9166500
8415,2024-03-16,"Cold Brew Coffee Pack (6 Bottles)",Pune,900,12600,9166500
8450,2024-03-17,"Cold Brew Coffee Pack (6 Bottles)",Jaipur,900,4500,9231300
8449,2024-03-17,"Cold Brew Coffee Pack (6 Bottles)",Jaipur,900,16200,9231300
8447,2024-03-17,"Cold Brew Coffee Pack (6 Bottles)",Nagpur,900,5400,9231300
8446,2024-03-17,"Cold Brew Coffee Pack (6 Bottles)",Chennai,900,18000,9231300
8445,2024-03-17,"Cold Brew Coffee Pack (6 Bottles)",Delhi,900,12600,9231300
8448,2024-03-17,"Cold Brew Coffee Pack (6 Bottles)",Jaipur,900,8100,9231300
8473,2024-03-18,"Cold Brew Coffee Pack (6 Bottles)",Jaipur,900,9000,9342000
8479,2024-03-18,"Cold Brew Coffee Pack (6 Bottles)",Ahmedabad,900,18000,9342000
8475,2024-03-18,"Cold Brew Coffee Pack (6 Bottles)",Jaipur,900,18000,9342000
8471,2024-03-18,"Cold Brew Coffee Pack (6 Bottles)",Hyderabad,900,6300,9342000
8472,2024-03-18,"Cold Brew Coffee Pack (6 Bottles)",Delhi,900,8100,9342000
8477,2024-03-18,"Cold Brew Coffee Pack (6 Bottles)",Pune,900,12600,9342000
8478,2024-03-18,"Cold Brew Coffee Pack (6 Bottles)",Bangalore,900,16200,9342000
8474,2024-03-18,"Cold Brew Coffee Pack (6 Bottles)",Chennai,900,18000,9342000
8476,2024-03-18,"Cold Brew Coffee Pack (6 Bottles)",Chennai,900,4500,9342000
8510,2024-03-19,"Cold Brew Coffee Pack (6 Bottles)",Chennai,900,9000,9431100
8511,2024-03-19,"Cold Brew Coffee Pack (6 Bottles)",Chennai,900,14400,9431100
8513,2024-03-19,"Cold Brew Coffee Pack (6 Bottles)",Indore,900,14400,9431100
8516,2024-03-19,"Cold Brew Coffee Pack (6 Bottles)",Jaipur,900,6300,9431100
8509,2024-03-19,"Cold Brew Coffee Pack (6 Bottles)",Surat,900,9000,9431100
8515,2024-03-19,"Cold Brew Coffee Pack (6 Bottles)",Lucknow,900,12600,9431100
8514,2024-03-19,"Cold Brew Coffee Pack (6 Bottles)",Chennai,900,9000,9431100
8512,2024-03-19,"Cold Brew Coffee Pack (6 Bottles)",Kanpur,900,14400,9431100
8538,2024-03-20,"Cold Brew Coffee Pack (6 Bottles)",Jaipur,900,13500,9481500
8536,2024-03-20,"Cold Brew Coffee Pack (6 Bottles)",Delhi,900,8100,9481500
8534,2024-03-20,"Cold Brew Coffee Pack (6 Bottles)",Kolkata,900,11700,9481500
8535,2024-03-20,"Cold Brew Coffee Pack (6 Bottles)",Bangalore,900,9000,9481500
8537,2024-03-20,"Cold Brew Coffee Pack (6 Bottles)",Bangalore,900,8100,9481500
8556,2024-03-21,"Cold Brew Coffee Pack (6 Bottles)",Bangalore,900,16200,9532800
8557,2024-03-21,"Cold Brew Coffee Pack (6 Bottles)",Pune,900,7200,9532800
8559,2024-03-21,"Cold Brew Coffee Pack (6 Bottles)",Chennai,900,6300,9532800
8558,2024-03-21,"Cold Brew Coffee Pack (6 Bottles)",Mumbai,900,7200,9532800
8555,2024-03-21,"Cold Brew Coffee Pack (6 Bottles)",Jaipur,900,14400,9532800
8588,2024-03-22,"Cold Brew Coffee Pack (6 Bottles)",Nagpur,900,7200,9644400
8591,2024-03-22,"Cold Brew Coffee Pack (6 Bottles)",Pune,900,5400,9644400
8593,2024-03-22,"Cold Brew Coffee Pack (6 Bottles)",Jaipur,900,9000,9644400
8595,2024-03-22,"Cold Brew Coffee Pack (6 Bottles)",Jaipur,900,13500,9644400
8585,2024-03-22,"Cold Brew Coffee Pack (6 Bottles)",Bangalore,900,9900,9644400
8592,2024-03-22,"Cold Brew Coffee Pack (6 Bottles)",Bangalore,900,6300,9644400
8586,2024-03-22,"Cold Brew Coffee Pack (6 Bottles)",Pune,900,14400,9644400
8594,2024-03-22,"Cold Brew Coffee Pack (6 Bottles)",Delhi,900,5400,9644400
8587,2024-03-22,"Cold Brew Coffee Pack (6 Bottles)",Delhi,900,17100,9644400
8590,2024-03-22,"Cold Brew Coffee Pack (6 Bottles)",Jaipur,900,9000,9644400
8589,2024-03-22,"Cold Brew Coffee Pack (6 Bottles)",Chennai,900,14400,9644400
8617,2024-03-23,"Cold Brew Coffee Pack (6 Bottles)",Chennai,900,4500,9768600
8621,2024-03-23,"Cold Brew Coffee Pack (6 Bottles)",Chennai,900,7200,9768600
8618,2024-03-23,"Cold Brew Coffee Pack (6 Bottles)",Mumbai,900,13500,9768600
8616,2024-03-23,"Cold Brew Coffee Pack (6 Bottles)",Jaipur,900,18000,9768600
8619,2024-03-23,"Cold Brew Coffee Pack (6 Bottles)",Pune,900,18000,9768600
8622,2024-03-23,"Cold Brew Coffee Pack (6 Bottles)",Jaipur,900,15300,9768600
8620,2024-03-23,"Cold Brew Coffee Pack (6 Bottles)",Jaipur,900,16200,9768600
8615,2024-03-23,"Cold Brew Coffee Pack (6 Bottles)",Delhi,900,4500,9768600
8623,2024-03-23,"Cold Brew Coffee Pack (6 Bottles)",Pune,900,14400,9768600
8624,2024-03-23,"Cold Brew Coffee Pack (6 Bottles)",Delhi,900,12600,9768600
8649,2024-03-24,"Cold Brew Coffee Pack (6 Bottles)",Jaipur,900,7200,9823500
8644,2024-03-24,"Cold Brew Coffee Pack (6 Bottles)",Chennai,900,6300,9823500
8648,2024-03-24,"Cold Brew Coffee Pack (6 Bottles)",Chennai,900,16200,9823500
8645,2024-03-24,"Cold Brew Coffee Pack (6 Bottles)",Kanpur,900,6300,9823500
8646,2024-03-24,"Cold Brew Coffee Pack (6 Bottles)",Pune,900,9900,9823500
8647,2024-03-24,"Cold Brew Coffee Pack (6 Bottles)",Delhi,900,9000,9823500
8679,2024-03-25,"Cold Brew Coffee Pack (6 Bottles)",Ahmedabad,900,16200,9904500
8678,2024-03-25,"Cold Brew Coffee Pack (6 Bottles)",Pune,900,9000,9904500
8680,2024-03-25,"Cold Brew Coffee Pack (6 Bottles)",Pune,900,9000,9904500
8682,2024-03-25,"Cold Brew Coffee Pack (6 Bottles)",Pune,900,13500,9904500
8683,2024-03-25,"Cold Brew Coffee Pack (6 Bottles)",Mumbai,900,7200,9904500
8677,2024-03-25,"Cold Brew Coffee Pack (6 Bottles)",Jaipur,900,4500,9904500
8681,2024-03-25,"Cold Brew Coffee Pack (6 Bottles)",Kanpur,900,14400,9904500
8676,2024-03-25,"Cold Brew Coffee Pack (6 Bottles)",Pune,900,7200,9904500
8707,2024-03-26,"Cold Brew Coffee Pack (6 Bottles)",Indore,900,10800,9980100
8703,2024-03-26,"Cold Brew Coffee Pack (6 Bottles)",Pune,900,6300,9980100
8709,2024-03-26,"Cold Brew Coffee Pack (6 Bottles)",Mumbai,900,6300,9980100
8708,2024-03-26,"Cold Brew Coffee Pack (6 Bottles)",Bangalore,900,4500,9980100
8706,2024-03-26,"Cold Brew Coffee Pack (6 Bottles)",Bangalore,900,17100,9980100
8704,2024-03-26,"Cold Brew Coffee Pack (6 Bottles)",Delhi,900,13500,9980100
8705,2024-03-26,"Cold Brew Coffee Pack (6 Bottles)",Chennai,900,9000,9980100
8702,2024-03-26,"Cold Brew Coffee Pack (6 Bottles)",Jaipur,900,8100,9980100
8726,2024-03-27,"Cold Brew Coffee Pack (6 Bottles)",Kanpur,900,17100,10094400
8727,2024-03-27,"Cold Brew Coffee Pack (6 Bottles)",Mumbai,900,17100,10094400
8730,2024-03-27,"Cold Brew Coffee Pack (6 Bottles)",Lucknow,900,7200,10094400
8729,2024-03-27,"Cold Brew Coffee Pack (6 Bottles)",Delhi,900,17100,10094400
8732,2024-03-27,"Cold Brew Coffee Pack (6 Bottles)",Bangalore,900,14400,10094400
8728,2024-03-27,"Cold Brew Coffee Pack (6 Bottles)",Bangalore,900,16200,10094400
8733,2024-03-27,"Cold Brew Coffee Pack (6 Bottles)",Pune,900,14400,10094400
8731,2024-03-27,"Cold Brew Coffee Pack (6 Bottles)",Nagpur,900,10800,10094400
8758,2024-03-28,"Cold Brew Coffee Pack (6 Bottles)",Delhi,900,17100,10195200
8759,2024-03-28,"Cold Brew Coffee Pack (6 Bottles)",Nagpur,900,17100,10195200
8752,2024-03-28,"Cold Brew Coffee Pack (6 Bottles)",Lucknow,900,6300,10195200
8756,2024-03-28,"Cold Brew Coffee Pack (6 Bottles)",Delhi,900,8100,10195200
8751,2024-03-28,"Cold Brew Coffee Pack (6 Bottles)",Jaipur,900,12600,10195200
8757,2024-03-28,"Cold Brew Coffee Pack (6 Bottles)",Jaipur,900,13500,10195200
8755,2024-03-28,"Cold Brew Coffee Pack (6 Bottles)",Jaipur,900,14400,10195200
8754,2024-03-28,"Cold Brew Coffee Pack (6 Bottles)",Chennai,900,5400,10195200
8753,2024-03-28,"Cold Brew Coffee Pack (6 Bottles)",Chennai,900,6300,10195200
8788,2024-03-29,"Cold Brew Coffee Pack (6 Bottles)",Chennai,900,5400,10267200
8791,2024-03-29,"Cold Brew Coffee Pack (6 Bottles)",Jaipur,900,15300,10267200
8790,2024-03-29,"Cold Brew Coffee Pack (6 Bottles)",Mumbai,900,17100,10267200
8793,2024-03-29,"Cold Brew Coffee Pack (6 Bottles)",Pune,900,11700,10267200
8794,2024-03-29,"Cold Brew Coffee Pack (6 Bottles)",Bangalore,900,8100,10267200
8789,2024-03-29,"Cold Brew Coffee Pack (6 Bottles)",Jaipur,900,9900,10267200
8792,2024-03-29,"Cold Brew Coffee Pack (6 Bottles)",Hyderabad,900,4500,10267200
8817,2024-03-30,"Cold Brew Coffee Pack (6 Bottles)",Hyderabad,900,10800,10305900
8820,2024-03-30,"Cold Brew Coffee Pack (6 Bottles)",Delhi,900,11700,10305900
8818,2024-03-30,"Cold Brew Coffee Pack (6 Bottles)",Surat,900,4500,10305900
8819,2024-03-30,"Cold Brew Coffee Pack (6 Bottles)",Chennai,900,11700,10305900
8846,2024-03-31,"Cold Brew Coffee Pack (6 Bottles)",Chennai,900,18000,10421160
8843,2024-03-31,"Cold Brew Coffee Pack (6 Bottles)",Chennai,900,10800,10421160
8842,2024-03-31,"Cold Brew Coffee Pack (6 Bottles)",Chennai,900,5400,10421160
8848,2024-03-31,"Cold Brew Coffee Pack (6 Bottles)",Jaipur,900,9000,10421160
8850,2024-03-31,"Cold Brew Coffee Pack (6 Bottles)",Jaipur,900,16200,10421160
8847,2024-03-31,"Cold Brew Coffee Pack (6 Bottles)",Jaipur,900,12600,10421160
8849,2024-03-31,"Cold Brew Coffee Pack (6 Bottles)",Bangalore,900,9960,10421160
8844,2024-03-31,"Cold Brew Coffee Pack (6 Bottles)",Nagpur,900,7200,10421160
8845,2024-03-31,"Cold Brew Coffee Pack (6 Bottles)",Jaipur,900,17100,10421160
8851,2024-03-31,"Cold Brew Coffee Pack (6 Bottles)",Delhi,900,9000,10421160
8869,2024-04-01,"Cold Brew Coffee Pack (6 Bottles)",Jaipur,900,11700,10451760
8868,2024-04-01,"Cold Brew Coffee Pack (6 Bottles)",Delhi,900,6300,10451760
8870,2024-04-01,"Cold Brew Coffee Pack (6 Bottles)",Nagpur,900,12600,10451760
8878,2024-04-02,"Cold Brew Coffee Pack (6 Bottles)",Jaipur,900,16200,10467960
8887,2024-04-03,"Cold Brew Coffee Pack (6 Bottles)",Hyderabad,900,4500,10472460
8893,2024-04-04,"Cold Brew Coffee Pack (6 Bottles)",Bangalore,900,9900,10503060
8896,2024-04-04,"Cold Brew Coffee Pack (6 Bottles)",Pune,900,7200,10503060
8894,2024-04-04,"Cold Brew Coffee Pack (6 Bottles)",Jaipur,900,8100,10503060
8895,2024-04-04,"Cold Brew Coffee Pack (6 Bottles)",Jaipur,900,5400,10503060
8907,2024-04-05,"Cold Brew Coffee Pack (6 Bottles)",Delhi,900,16200,10573260
8904,2024-04-05,"Cold Brew Coffee Pack (6 Bottles)",Chennai,900,15300,10573260
8906,2024-04-05,"Cold Brew Coffee Pack (6 Bottles)",Chennai,900,15300,10573260
8905,2024-04-05,"Cold Brew Coffee Pack (6 Bottles)",Bangalore,900,13500,10573260
8908,2024-04-05,"Cold Brew Coffee Pack (6 Bottles)",Bangalore,900,9900,10573260
8914,2024-04-06,"Cold Brew Coffee Pack (6 Bottles)",Delhi,900,13500,10586760
8922,2024-04-07,"Cold Brew Coffee Pack (6 Bottles)",Jaipur,900,15300,10609260
8921,2024-04-07,"Cold Brew Coffee Pack (6 Bottles)",Chennai,900,7200,10609260
8925,2024-04-08,"Cold Brew Coffee Pack (6 Bottles)",Ahmedabad,900,17100,10626360
8931,2024-04-09,"Cold Brew Coffee Pack (6 Bottles)",Indore,900,6300,10648860
8932,2024-04-09,"Cold Brew Coffee Pack (6 Bottles)",Chennai,900,6300,10648860
8933,2024-04-09,"Cold Brew Coffee Pack (6 Bottles)",Pune,900,9900,10648860
8939,2024-04-10,"Cold Brew Coffee Pack (6 Bottles)",Ahmedabad,900,9000,10672260
8938,2024-04-10,"Cold Brew Coffee Pack (6 Bottles)",Jaipur,900,14400,10672260
8946,2024-04-11,"Cold Brew Coffee Pack (6 Bottles)",Jaipur,900,7200,10697460
8947,2024-04-11,"Cold Brew Coffee Pack (6 Bottles)",Pune,900,11700,10697460
8948,2024-04-11,"Cold Brew Coffee Pack (6 Bottles)",Kolkata,900,6300,10697460
8964,2024-04-13,"Cold Brew Coffee Pack (6 Bottles)",Mumbai,900,9900,10713660
8963,2024-04-13,"Cold Brew Coffee Pack (6 Bottles)",Kanpur,900,6300,10713660
8971,2024-04-14,"Cold Brew Coffee Pack (6 Bottles)",Pune,900,18000,10736160
8970,2024-04-14,"Cold Brew Coffee Pack (6 Bottles)",Delhi,900,4500,10736160
8980,2024-04-15,"Cold Brew Coffee Pack (6 Bottles)",Bangalore,900,10800,10764960
8981,2024-04-15,"Cold Brew Coffee Pack (6 Bottles)",Bangalore,900,18000,10764960
8990,2024-04-16,"Cold Brew Coffee Pack (6 Bottles)",Pune,900,11700,10800060
8989,2024-04-16,"Cold Brew Coffee Pack (6 Bottles)",Jaipur,900,16200,10800060
8988,2024-04-16,"Cold Brew Coffee Pack (6 Bottles)",Surat,900,7200,10800060
8999,2024-04-17,"Cold Brew Coffee Pack (6 Bottles)",Jaipur,900,9000,10809060
9010,2024-04-18,"Cold Brew Coffee Pack (6 Bottles)",Chennai,900,9900,10827960
9009,2024-04-18,"Cold Brew Coffee Pack (6 Bottles)",Nagpur,900,9000,10827960
9024,2024-04-19,"Cold Brew Coffee Pack (6 Bottles)",Jaipur,900,14400,10873860
9023,2024-04-19,"Cold Brew Coffee Pack (6 Bottles)",Surat,900,7200,10873860
9022,2024-04-19,"Cold Brew Coffee Pack (6 Bottles)",Jaipur,900,11700,10873860
9021,2024-04-19,"Cold Brew Coffee Pack (6 Bottles)",Jaipur,900,12600,10873860
9031,2024-04-20,"Cold Brew Coffee Pack (6 Bottles)",Jaipur,900,5400,10887360
9032,2024-04-20,"Cold Brew Coffee Pack (6 Bottles)",Surat,900,8100,10887360
9047,2024-04-22,"Cold Brew Coffee Pack (6 Bottles)",Bangalore,900,9000,10900860
9048,2024-04-22,"Cold Brew Coffee Pack (6 Bottles)",Kanpur,900,4500,10900860
9063,2024-04-24,"Cold Brew Coffee Pack (6 Bottles)",Delhi,900,5400,10918860
9064,2024-04-24,"Cold Brew Coffee Pack (6 Bottles)",Pune,900,4500,10918860
9065,2024-04-24,"Cold Brew Coffee Pack (6 Bottles)",Jaipur,900,8100,10918860
9076,2024-04-25,"Cold Brew Coffee Pack (6 Bottles)",Pune,900,14400,10957560
9077,2024-04-25,"Cold Brew Coffee Pack (6 Bottles)",Chennai,900,17100,10957560
9075,2024-04-25,"Cold Brew Coffee Pack (6 Bottles)",Chennai,900,7200,10957560
9107,2024-04-29,"Cold Brew Coffee Pack (6 Bottles)",Pune,900,11700,10969260
9113,2024-04-30,"Cold Brew Coffee Pack (6 Bottles)",Delhi,900,18000,11005260
9111,2024-04-30,"Cold Brew Coffee Pack (6 Bottles)",Bangalore,900,9000,11005260
9112,2024-04-30,"Cold Brew Coffee Pack (6 Bottles)",Pune,900,9000,11005260
9121,2024-05-01,"Cold Brew Coffee Pack (6 Bottles)",Surat,900,8100,11092560
9123,2024-05-01,"Cold Brew Coffee Pack (6 Bottles)",Jaipur,900,10800,11092560
9125,2024-05-01,"Cold Brew Coffee Pack (6 Bottles)",Pune,900,13500,11092560
9127,2024-05-01,"Cold Brew Coffee Pack (6 Bottles)",Kanpur,900,17100,11092560
9122,2024-05-01,"Cold Brew Coffee Pack (6 Bottles)",Pune,900,9900,11092560
9124,2024-05-01,"Cold Brew Coffee Pack (6 Bottles)",Kanpur,900,5400,11092560
9128,2024-05-01,"Cold Brew Coffee Pack (6 Bottles)",Kolkata,900,11700,11092560
9126,2024-05-01,"Cold Brew Coffee Pack (6 Bottles)",Chennai,900,10800,11092560
9145,2024-05-02,"Cold Brew Coffee Pack (6 Bottles)",Ahmedabad,900,8100,11100660
9152,2024-05-03,"Cold Brew Coffee Pack (6 Bottles)",Jaipur,900,17100,11154660
9154,2024-05-03,"Cold Brew Coffee Pack (6 Bottles)",Lucknow,900,18000,11154660
9153,2024-05-03,"Cold Brew Coffee Pack (6 Bottles)",Pune,900,10800,11154660
9155,2024-05-03,"Cold Brew Coffee Pack (6 Bottles)",Jaipur,900,8100,11154660
9164,2024-05-04,"Cold Brew Coffee Pack (6 Bottles)",Surat,900,12600,11178060
9165,2024-05-04,"Cold Brew Coffee Pack (6 Bottles)",Delhi,900,10800,11178060
9173,2024-05-05,"Cold Brew Coffee Pack (6 Bottles)",Jaipur,900,5400,11183460
9184,2024-05-06,"Cold Brew Coffee Pack (6 Bottles)",Delhi,900,15300,11220360
9185,2024-05-06,"Cold Brew Coffee Pack (6 Bottles)",Jaipur,900,11700,11220360
9186,2024-05-06,"Cold Brew Coffee Pack (6 Bottles)",Hyderabad,900,9900,11220360
9191,2024-05-07,"Cold Brew Coffee Pack (6 Bottles)",Nagpur,900,16200,11251860
9190,2024-05-07,"Cold Brew Coffee Pack (6 Bottles)",Bangalore,900,15300,11251860
9208,2024-05-08,"Cold Brew Coffee Pack (6 Bottles)",Bangalore,900,11700,11307660
9206,2024-05-08,"Cold Brew Coffee Pack (6 Bottles)",Bangalore,900,9900,11307660
9210,2024-05-08,"Cold Brew Coffee Pack (6 Bottles)",Delhi,900,13500,11307660
9207,2024-05-08,"Cold Brew Coffee Pack (6 Bottles)",Kanpur,900,9900,11307660
9209,2024-05-08,"Cold Brew Coffee Pack (6 Bottles)",Pune,900,10800,11307660
9216,2024-05-09,"Cold Brew Coffee Pack (6 Bottles)",Bangalore,900,14400,11347260
9218,2024-05-09,"Cold Brew Coffee Pack (6 Bottles)",Indore,900,11700,11347260
9217,2024-05-09,"Cold Brew Coffee Pack (6 Bottles)",Pune,900,13500,11347260
9231,2024-05-10,"Cold Brew Coffee Pack (6 Bottles)",Delhi,900,15300,11387760
9230,2024-05-10,"Cold Brew Coffee Pack (6 Bottles)",Kanpur,900,10800,11387760
9229,2024-05-10,"Cold Brew Coffee Pack (6 Bottles)",Kolkata,900,14400,11387760
9240,2024-05-11,"Cold Brew Coffee Pack (6 Bottles)",Delhi,900,15300,11413860
9241,2024-05-11,"Cold Brew Coffee Pack (6 Bottles)",Delhi,900,10800,11413860
9267,2024-05-14,"Cold Brew Coffee Pack (6 Bottles)",Bangalore,900,8100,11442660
9269,2024-05-14,"Cold Brew Coffee Pack (6 Bottles)",Lucknow,900,11700,11442660
9268,2024-05-14,"Cold Brew Coffee Pack (6 Bottles)",Nagpur,900,9000,11442660
9280,2024-05-15,"Cold Brew Coffee Pack (6 Bottles)",Bangalore,900,18000,11460660
9291,2024-05-16,"Cold Brew Coffee Pack (6 Bottles)",Bangalore,900,10800,11504760
9289,2024-05-16,"Cold Brew Coffee Pack (6 Bottles)",Chennai,900,18000,11504760
9290,2024-05-16,"Cold Brew Coffee Pack (6 Bottles)",Pune,900,15300,11504760
9302,2024-05-17,"Cold Brew Coffee Pack (6 Bottles)",Jaipur,900,15300,11529960
9301,2024-05-17,"Cold Brew Coffee Pack (6 Bottles)",Mumbai,900,9900,11529960
9308,2024-05-18,"Cold Brew Coffee Pack (6 Bottles)",Bangalore,900,11700,11547960
9309,2024-05-18,"Cold Brew Coffee Pack (6 Bottles)",Bangalore,900,6300,11547960
9325,2024-05-20,"Cold Brew Coffee Pack (6 Bottles)",Pune,900,5400,11586660
9324,2024-05-20,"Cold Brew Coffee Pack (6 Bottles)",Surat,900,15300,11586660
9326,2024-05-20,"Cold Brew Coffee Pack (6 Bottles)",Pune,900,18000,11586660
9331,2024-05-21,"Cold Brew Coffee Pack (6 Bottles)",Kanpur,900,12600,11608260
9330,2024-05-21,"Cold Brew Coffee Pack (6 Bottles)",Delhi,900,9000,11608260
9336,2024-05-22,"Cold Brew Coffee Pack (6 Bottles)",Pune,900,15300,11636160
9335,2024-05-22,"Cold Brew Coffee Pack (6 Bottles)",Pune,900,12600,11636160
9344,2024-05-23,"Cold Brew Coffee Pack (6 Bottles)",Indore,900,7200,11643360
9357,2024-05-24,"Cold Brew Coffee Pack (6 Bottles)",Pune,900,4500,11676660
9354,2024-05-24,"Cold Brew Coffee Pack (6 Bottles)",Delhi,900,6300,11676660
9355,2024-05-24,"Cold Brew Coffee Pack (6 Bottles)",Indore,900,6300,11676660
9356,2024-05-24,"Cold Brew Coffee Pack (6 Bottles)",Delhi,900,16200,11676660
9366,2024-05-25,"Cold Brew Coffee Pack (6 Bottles)",Kanpur,900,11700,11716260
9367,2024-05-25,"Cold Brew Coffee Pack (6 Bottles)",Hyderabad,900,9000,11716260
9364,2024-05-25,"Cold Brew Coffee Pack (6 Bottles)",Jaipur,900,14400,11716260
9365,2024-05-25,"Cold Brew Coffee Pack (6 Bottles)",Chennai,900,4500,11716260
9376,2024-05-26,"Cold Brew Coffee Pack (6 Bottles)",Delhi,900,6300,11735160
9377,2024-05-26,"Cold Brew Coffee Pack (6 Bottles)",Pune,900,12600,11735160
9392,2024-05-27,"Cold Brew Coffee Pack (6 Bottles)",Bangalore,900,17100,11769360
9391,2024-05-27,"Cold Brew Coffee Pack (6 Bottles)",Chennai,900,10800,11769360
9393,2024-05-27,"Cold Brew Coffee Pack (6 Bottles)",Chennai,900,6300,11769360
9399,2024-05-28,"Cold Brew Coffee Pack (6 Bottles)",Pune,900,13500,11782860
9407,2024-05-29,"Cold Brew Coffee Pack (6 Bottles)",Bangalore,900,11700,11794560
9413,2024-05-30,"Cold Brew Coffee Pack (6 Bottles)",Bangalore,900,9900,11838660
9412,2024-05-30,"Cold Brew Coffee Pack (6 Bottles)",Delhi,900,18000,11838660
9414,2024-05-30,"Cold Brew Coffee Pack (6 Bottles)",Delhi,900,16200,11838660
9426,2024-05-31,"Cold Brew Coffee Pack (6 Bottles)",Delhi,900,9000,11870160
9424,2024-05-31,"Cold Brew Coffee Pack (6 Bottles)",Mumbai,900,10800,11870160
9425,2024-05-31,"Cold Brew Coffee Pack (6 Bottles)",Chennai,900,11700,11870160
9433,2024-06-01,"Cold Brew Coffee Pack (6 Bottles)",Bangalore,900,5400,11875560
9442,2024-06-03,"Cold Brew Coffee Pack (6 Bottles)",Jaipur,900,9900,11885460
9445,2024-06-04,"Cold Brew Coffee Pack (6 Bottles)",Pune,900,5400,11931360
9446,2024-06-04,"Cold Brew Coffee Pack (6 Bottles)",Jaipur,900,18000,11931360
9448,2024-06-04,"Cold Brew Coffee Pack (6 Bottles)",Kolkata,900,13500,11931360
9447,2024-06-04,"Cold Brew Coffee Pack (6 Bottles)",Kolkata,900,9000,11931360
9457,2024-06-05,"Cold Brew Coffee Pack (6 Bottles)",Pune,900,5400,11955660
9458,2024-06-05,"Cold Brew Coffee Pack (6 Bottles)",Chennai,900,6300,11955660
9456,2024-06-05,"Cold Brew Coffee Pack (6 Bottles)",Kanpur,900,12600,11955660
9464,2024-06-06,"Cold Brew Coffee Pack (6 Bottles)",Kanpur,900,10800,11977260
9465,2024-06-06,"Cold Brew Coffee Pack (6 Bottles)",Jaipur,900,10800,11977260
9470,2024-06-07,"Cold Brew Coffee Pack (6 Bottles)",Hyderabad,900,7200,11992560
9471,2024-06-07,"Cold Brew Coffee Pack (6 Bottles)",Chennai,900,8100,11992560
9476,2024-06-08,"Cold Brew Coffee Pack (6 Bottles)",Delhi,900,14400,12006960
9484,2024-06-09,"Cold Brew Coffee Pack (6 Bottles)",Surat,900,16200,12023160
9490,2024-06-10,"Cold Brew Coffee Pack (6 Bottles)",Chennai,900,13500,12036660
9503,2024-06-12,"Cold Brew Coffee Pack (6 Bottles)",Bangalore,900,12600,12086160
9502,2024-06-12,"Cold Brew Coffee Pack (6 Bottles)",Lucknow,900,4500,12086160
9504,2024-06-12,"Cold Brew Coffee Pack (6 Bottles)",Ahmedabad,900,9900,12086160
9505,2024-06-12,"Cold Brew Coffee Pack (6 Bottles)",Indore,900,16200,12086160
9501,2024-06-12,"Cold Brew Coffee Pack (6 Bottles)",Pune,900,6300,12086160
9509,2024-06-13,"Cold Brew Coffee Pack (6 Bottles)",Kanpur,900,8100,12107760
9510,2024-06-13,"Cold Brew Coffee Pack (6 Bottles)",Kanpur,900,13500,12107760
9522,2024-06-15,"Cold Brew Coffee Pack (6 Bottles)",Kolkata,900,14400,12132060
9521,2024-06-15,"Cold Brew Coffee Pack (6 Bottles)",Nagpur,900,9900,12132060
9535,2024-06-16,"Cold Brew Coffee Pack (6 Bottles)",Hyderabad,900,9900,12159960
9536,2024-06-16,"Cold Brew Coffee Pack (6 Bottles)",Pune,900,18000,12159960
9541,2024-06-17,"Cold Brew Coffee Pack (6 Bottles)",Kanpur,900,7200,12198660
9540,2024-06-17,"Cold Brew Coffee Pack (6 Bottles)",Chennai,900,14400,12198660
9539,2024-06-17,"Cold Brew Coffee Pack (6 Bottles)",Kolkata,900,17100,12198660
9550,2024-06-18,"Cold Brew Coffee Pack (6 Bottles)",Jaipur,900,6300,12222960
9551,2024-06-18,"Cold Brew Coffee Pack (6 Bottles)",Mumbai,900,7200,12222960
9552,2024-06-18,"Cold Brew Coffee Pack (6 Bottles)",Bangalore,900,10800,12222960
9555,2024-06-19,"Cold Brew Coffee Pack (6 Bottles)",Chennai,900,13500,12258960
9556,2024-06-19,"Cold Brew Coffee Pack (6 Bottles)",Mumbai,900,7200,12258960
9557,2024-06-19,"Cold Brew Coffee Pack (6 Bottles)",Delhi,900,15300,12258960
9560,2024-06-20,"Cold Brew Coffee Pack (6 Bottles)",Bangalore,900,14400,12280560
9561,2024-06-20,"Cold Brew Coffee Pack (6 Bottles)",Mumbai,900,7200,12280560
9569,2024-06-21,"Cold Brew Coffee Pack (6 Bottles)",Kanpur,900,14400,12306660
9568,2024-06-21,"Cold Brew Coffee Pack (6 Bottles)",Bangalore,900,11700,12306660
9576,2024-06-22,"Cold Brew Coffee Pack (6 Bottles)",Bangalore,900,17100,12375060
9578,2024-06-22,"Cold Brew Coffee Pack (6 Bottles)",Jaipur,900,17100,12375060
9580,2024-06-22,"Cold Brew Coffee Pack (6 Bottles)",Surat,900,11700,12375060
9577,2024-06-22,"Cold Brew Coffee Pack (6 Bottles)",Delhi,900,14400,12375060
9579,2024-06-22,"Cold Brew Coffee Pack (6 Bottles)",Delhi,900,8100,12375060
9589,2024-06-23,"Cold Brew Coffee Pack (6 Bottles)",Mumbai,900,17100,12448860
9592,2024-06-23,"Cold Brew Coffee Pack (6 Bottles)",Bangalore,900,6300,12448860
9591,2024-06-23,"Cold Brew Coffee Pack (6 Bottles)",Bangalore,900,11700,12448860
9587,2024-06-23,"Cold Brew Coffee Pack (6 Bottles)",Lucknow,900,9000,12448860
9590,2024-06-23,"Cold Brew Coffee Pack (6 Bottles)",Pune,900,12600,12448860
9586,2024-06-23,"Cold Brew Coffee Pack (6 Bottles)",Nagpur,900,4500,12448860
9588,2024-06-23,"Cold Brew Coffee Pack (6 Bottles)",Pune,900,12600,12448860
9598,2024-06-24,"Cold Brew Coffee Pack (6 Bottles)",Delhi,900,10800,12459660
9606,2024-06-25,"Cold Brew Coffee Pack (6 Bottles)",Jaipur,900,17100,12484860
9607,2024-06-25,"Cold Brew Coffee Pack (6 Bottles)",Chennai,900,8100,12484860
9619,2024-06-27,"Cold Brew Coffee Pack (6 Bottles)",Chennai,900,10800,12511860
9620,2024-06-27,"Cold Brew Coffee Pack (6 Bottles)",Bangalore,900,16200,12511860
9627,2024-06-28,"Cold Brew Coffee Pack (6 Bottles)",Ahmedabad,900,7200,12526260
9628,2024-06-28,"Cold Brew Coffee Pack (6 Bottles)",Jaipur,900,7200,12526260
9633,2024-06-29,"Cold Brew Coffee Pack (6 Bottles)",Delhi,900,8100,12553260
9632,2024-06-29,"Cold Brew Coffee Pack (6 Bottles)",Kolkata,900,7200,12553260
9634,2024-06-29,"Cold Brew Coffee Pack (6 Bottles)",Indore,900,11700,12553260
9641,2024-06-30,"Cold Brew Coffee Pack (6 Bottles)",Ahmedabad,900,12600,12582060
9642,2024-06-30,"Cold Brew Coffee Pack (6 Bottles)",Chennai,900,16200,12582060
9649,2024-07-01,"Cold Brew Coffee Pack (6 Bottles)",Ahmedabad,900,12600,12594660
9669,2024-07-03,"Cold Brew Coffee Pack (6 Bottles)",Delhi,900,9900,12609960
9670,2024-07-03,"Cold Brew Coffee Pack (6 Bottles)",Bangalore,900,5400,12609960
9690,2024-07-05,"Cold Brew Coffee Pack (6 Bottles)",Bangalore,900,14400,12665760
9689,2024-07-05,"Cold Brew Coffee Pack (6 Bottles)",Chennai,900,13500,12665760
9688,2024-07-05,"Cold Brew Coffee Pack (6 Bottles)",Chennai,900,9900,12665760
9687,2024-07-05,"Cold Brew Coffee Pack (6 Bottles)",Jaipur,900,18000,12665760
9697,2024-07-07,"Cold Brew Coffee Pack (6 Bottles)",Chennai,900,12600,12678360
9704,2024-07-08,"Cold Brew Coffee Pack (6 Bottles)",Jaipur,900,7200,12685560
9713,2024-07-09,"Cold Brew Coffee Pack (6 Bottles)",Chennai,900,4500,12690060
9721,2024-07-10,"Cold Brew Coffee Pack (6 Bottles)",Chennai,900,4500,12705360
9723,2024-07-10,"Cold Brew Coffee Pack (6 Bottles)",Delhi,900,5400,12705360
9722,2024-07-10,"Cold Brew Coffee Pack (6 Bottles)",Bangalore,900,5400,12705360
9734,2024-07-12,"Cold Brew Coffee Pack (6 Bottles)",Pune,900,4500,12709860
9742,2024-07-13,"Cold Brew Coffee Pack (6 Bottles)",Delhi,900,9000,12727860
9741,2024-07-13,"Cold Brew Coffee Pack (6 Bottles)",Chennai,900,9000,12727860
9750,2024-07-14,"Cold Brew Coffee Pack (6 Bottles)",Mumbai,900,10800,12788160
9752,2024-07-14,"Cold Brew Coffee Pack (6 Bottles)",Delhi,900,15300,12788160
9748,2024-07-14,"Cold Brew Coffee Pack (6 Bottles)",Kanpur,900,6300,12788160
9749,2024-07-14,"Cold Brew Coffee Pack (6 Bottles)",Kolkata,900,14400,12788160
9751,2024-07-14,"Cold Brew Coffee Pack (6 Bottles)",Jaipur,900,13500,12788160
9756,2024-07-15,"Cold Brew Coffee Pack (6 Bottles)",Bangalore,900,8100,12796260
9762,2024-07-16,"Cold Brew Coffee Pack (6 Bottles)",Pune,900,10800,12825060
9761,2024-07-16,"Cold Brew Coffee Pack (6 Bottles)",Kolkata,900,18000,12825060
9765,2024-07-17,"Cold Brew Coffee Pack (6 Bottles)",Surat,900,18000,12849360
9766,2024-07-17,"Cold Brew Coffee Pack (6 Bottles)",Chennai,900,6300,12849360
9772,2024-07-18,"Cold Brew Coffee Pack (6 Bottles)",Bangalore,900,14400,12874560
9771,2024-07-18,"Cold Brew Coffee Pack (6 Bottles)",Mumbai,900,10800,12874560
9780,2024-07-19,"Cold Brew Coffee Pack (6 Bottles)",Kanpur,900,9900,12884460
9791,2024-07-20,"Cold Brew Coffee Pack (6 Bottles)",Surat,900,13500,12906060
9790,2024-07-20,"Cold Brew Coffee Pack (6 Bottles)",Chennai,900,8100,12906060
9798,2024-07-21,"Cold Brew Coffee Pack (6 Bottles)",Nagpur,900,7200,12917760
9799,2024-07-21,"Cold Brew Coffee Pack (6 Bottles)",Chennai,900,4500,12917760
9804,2024-07-22,"Cold Brew Coffee Pack (6 Bottles)",Kanpur,900,18000,12967260
9803,2024-07-22,"Cold Brew Coffee Pack (6 Bottles)",Delhi,900,14400,12967260
9805,2024-07-22,"Cold Brew Coffee Pack (6 Bottles)",Lucknow,900,17100,12967260
9809,2024-07-23,"Cold Brew Coffee Pack (6 Bottles)",Bangalore,900,7200,12992460
9810,2024-07-23,"Cold Brew Coffee Pack (6 Bottles)",Chennai,900,18000,12992460
9820,2024-07-24,"Cold Brew Coffee Pack (6 Bottles)",Jaipur,900,16200,13008660
9829,2024-07-25,"Cold Brew Coffee Pack (6 Bottles)",Pune,900,5400,13025760
9828,2024-07-25,"Cold Brew Coffee Pack (6 Bottles)",Jaipur,900,11700,13025760
9834,2024-07-26,"Cold Brew Coffee Pack (6 Bottles)",Chennai,900,6300,13032060
9842,2024-07-27,"Cold Brew Coffee Pack (6 Bottles)",Chennai,900,8100,13066260
9841,2024-07-27,"Cold Brew Coffee Pack (6 Bottles)",Pune,900,9000,13066260
9843,2024-07-27,"Cold Brew Coffee Pack (6 Bottles)",Indore,900,17100,13066260
9850,2024-07-28,"Cold Brew Coffee Pack (6 Bottles)",Delhi,900,5400,13084260
9849,2024-07-28,"Cold Brew Coffee Pack (6 Bottles)",Lucknow,900,8100,13084260
9848,2024-07-28,"Cold Brew Coffee Pack (6 Bottles)",Kanpur,900,4500,13084260
9861,2024-07-30,"Cold Brew Coffee Pack (6 Bottles)",Jaipur,900,4500,13103160
9862,2024-07-30,"Cold Brew Coffee Pack (6 Bottles)",Pune,900,14400,13103160
9866,2024-07-31,"Cold Brew Coffee Pack (6 Bottles)",Kolkata,900,6300,13121160
9865,2024-07-31,"Cold Brew Coffee Pack (6 Bottles)",Bangalore,900,11700,13121160
9872,2024-08-01,"Cold Brew Coffee Pack (6 Bottles)",Delhi,900,15300,13136460
9880,2024-08-02,"Cold Brew Coffee Pack (6 Bottles)",Delhi,900,8100,13158960
9881,2024-08-02,"Cold Brew Coffee Pack (6 Bottles)",Pune,900,14400,13158960
9887,2024-08-03,"Cold Brew Coffee Pack (6 Bottles)",Jaipur,900,9900,13168860
9897,2024-08-04,"Cold Brew Coffee Pack (6 Bottles)",Jaipur,900,9900,13195860
9899,2024-08-04,"Cold Brew Coffee Pack (6 Bottles)",Pune,900,9900,13195860
9898,2024-08-04,"Cold Brew Coffee Pack (6 Bottles)",Kanpur,900,7200,13195860
9911,2024-08-05,"Cold Brew Coffee Pack (6 Bottles)",Surat,900,18000,13268760
9912,2024-08-05,"Cold Brew Coffee Pack (6 Bottles)",Jaipur,900,16200,13268760
9910,2024-08-05,"Cold Brew Coffee Pack (6 Bottles)",Pune,900,9000,13268760
9913,2024-08-05,"Cold Brew Coffee Pack (6 Bottles)",Chennai,900,17100,13268760
9914,2024-08-05,"Cold Brew Coffee Pack (6 Bottles)",Bangalore,900,12600,13268760
9926,2024-08-06,"Cold Brew Coffee Pack (6 Bottles)",Bangalore,900,13500,13319160
9924,2024-08-06,"Cold Brew Coffee Pack (6 Bottles)",Delhi,900,18000,13319160
9927,2024-08-06,"Cold Brew Coffee Pack (6 Bottles)",Surat,900,6300,13319160
9925,2024-08-06,"Cold Brew Coffee Pack (6 Bottles)",Nagpur,900,12600,13319160
9935,2024-08-07,"Cold Brew Coffee Pack (6 Bottles)",Kanpur,900,15300,13352460
9934,2024-08-07,"Cold Brew Coffee Pack (6 Bottles)",Pune,900,18000,13352460
9941,2024-08-08,"Cold Brew Coffee Pack (6 Bottles)",Surat,900,4500,13374960
9942,2024-08-08,"Cold Brew Coffee Pack (6 Bottles)",Pune,900,18000,13374960
9951,2024-08-09,"Cold Brew Coffee Pack (6 Bottles)",Pune,900,16200,13414560
9950,2024-08-09,"Cold Brew Coffee Pack (6 Bottles)",Mumbai,900,11700,13414560
9952,2024-08-09,"Cold Brew Coffee Pack (6 Bottles)",Mumbai,900,11700,13414560
9961,2024-08-10,"Cold Brew Coffee Pack (6 Bottles)",Mumbai,900,9000,13446060
9960,2024-08-10,"Cold Brew Coffee Pack (6 Bottles)",Pune,900,4500,13446060
9962,2024-08-10,"Cold Brew Coffee Pack (6 Bottles)",Delhi,900,12600,13446060
9959,2024-08-10,"Cold Brew Coffee Pack (6 Bottles)",Chennai,900,5400,13446060
9975,2024-08-11,"Cold Brew Coffee Pack (6 Bottles)",Delhi,900,7200,13500060
9974,2024-08-11,"Cold Brew Coffee Pack (6 Bottles)",Bangalore,900,8100,13500060
9973,2024-08-11,"Cold Brew Coffee Pack (6 Bottles)",Indore,900,18000,13500060
9971,2024-08-11,"Cold Brew Coffee Pack (6 Bottles)",Ahmedabad,900,16200,13500060
9972,2024-08-11,"Cold Brew Coffee Pack (6 Bottles)",Surat,900,4500,13500060
9981,2024-08-12,"Cold Brew Coffee Pack (6 Bottles)",Pune,900,6300,13506360
9993,2024-08-13,"Cold Brew Coffee Pack (6 Bottles)",Pune,900,17100,13523460
10002,2024-08-14,"Cold Brew Coffee Pack (6 Bottles)",Chennai,900,5400,13528860
10009,2024-08-15,"Cold Brew Coffee Pack (6 Bottles)",Jaipur,900,11700,13559460
10011,2024-08-15,"Cold Brew Coffee Pack (6 Bottles)",Jaipur,900,11700,13559460
10010,2024-08-15,"Cold Brew Coffee Pack (6 Bottles)",Mumbai,900,7200,13559460
10016,2024-08-16,"Cold Brew Coffee Pack (6 Bottles)",Pune,900,8100,13567560
10036,2024-08-20,"Cold Brew Coffee Pack (6 Bottles)",Jaipur,900,14400,13630560
10039,2024-08-20,"Cold Brew Coffee Pack (6 Bottles)",Jaipur,900,14400,13630560
10038,2024-08-20,"Cold Brew Coffee Pack (6 Bottles)",Chennai,900,5400,13630560
10037,2024-08-20,"Cold Brew Coffee Pack (6 Bottles)",Chennai,900,6300,13630560
10040,2024-08-20,"Cold Brew Coffee Pack (6 Bottles)",Mumbai,900,5400,13630560
10041,2024-08-20,"Cold Brew Coffee Pack (6 Bottles)",Delhi,900,17100,13630560
10049,2024-08-21,"Cold Brew Coffee Pack (6 Bottles)",Pune,900,18000,13648560
10059,2024-08-22,"Cold Brew Coffee Pack (6 Bottles)",Pune,900,17100,13698960
10060,2024-08-22,"Cold Brew Coffee Pack (6 Bottles)",Pune,900,6300,13698960
10061,2024-08-22,"Cold Brew Coffee Pack (6 Bottles)",Pune,900,7200,13698960
10057,2024-08-22,"Cold Brew Coffee Pack (6 Bottles)",Bangalore,900,13500,13698960
10058,2024-08-22,"Cold Brew Coffee Pack (6 Bottles)",Chennai,900,6300,13698960
10069,2024-08-23,"Cold Brew Coffee Pack (6 Bottles)",Chennai,900,16200,13764660
10070,2024-08-23,"Cold Brew Coffee Pack (6 Bottles)",Chennai,900,16200,13764660
10071,2024-08-23,"Cold Brew Coffee Pack (6 Bottles)",Delhi,900,12600,13764660
10068,2024-08-23,"Cold Brew Coffee Pack (6 Bottles)",Hyderabad,900,14400,13764660
10072,2024-08-23,"Cold Brew Coffee Pack (6 Bottles)",Bangalore,900,6300,13764660
10076,2024-08-24,"Cold Brew Coffee Pack (6 Bottles)",Bangalore,900,17100,13808760
10077,2024-08-24,"Cold Brew Coffee Pack (6 Bottles)",Surat,900,13500,13808760
10075,2024-08-24,"Cold Brew Coffee Pack (6 Bottles)",Delhi,900,13500,13808760
10081,2024-08-25,"Cold Brew Coffee Pack (6 Bottles)",Chennai,900,15300,13833960
10080,2024-08-25,"Cold Brew Coffee Pack (6 Bottles)",Pune,900,9900,13833960
10088,2024-08-26,"Cold Brew Coffee Pack (6 Bottles)",Lucknow,900,18000,13863660
10089,2024-08-26,"Cold Brew Coffee Pack (6 Bottles)",Pune,900,11700,13863660
10099,2024-08-27,"Cold Brew Coffee Pack (6 Bottles)",Kanpur,900,10800,13874460
10105,2024-08-28,"Cold Brew Coffee Pack (6 Bottles)",Pune,900,18000,13892460
10111,2024-08-29,"Cold Brew Coffee Pack (6 Bottles)",Delhi,900,13500,13912260
10110,2024-08-29,"Cold Brew Coffee Pack (6 Bottles)",Delhi,900,6300,13912260
10122,2024-08-31,"Cold Brew Coffee Pack (6 Bottles)",Nagpur,900,14400,13926660
10128,2024-09-01,"Cold Brew Coffee Pack (6 Bottles)",Bangalore,900,17100,13943760
10133,2024-09-02,"Cold Brew Coffee Pack (6 Bottles)",Kanpur,900,15300,13968960
10134,2024-09-02,"Cold Brew Coffee Pack (6 Bottles)",Pune,900,9900,13968960
10140,2024-09-03,"Cold Brew Coffee Pack (6 Bottles)",Delhi,900,12600,14012160
10139,2024-09-03,"Cold Brew Coffee Pack (6 Bottles)",Delhi,900,8100,14012160
10137,2024-09-03,"Cold Brew Coffee Pack (6 Bottles)",Delhi,900,18000,14012160
10138,2024-09-03,"Cold Brew Coffee Pack (6 Bottles)",Bangalore,900,4500,14012160
10153,2024-09-04,"Cold Brew Coffee Pack (6 Bottles)",Delhi,900,9900,14022060
10161,2024-09-05,"Cold Brew Coffee Pack (6 Bottles)",Pune,900,9000,14047260
10162,2024-09-05,"Cold Brew Coffee Pack (6 Bottles)",Pune,900,16200,14047260
10182,2024-09-07,"Cold Brew Coffee Pack (6 Bottles)",Bangalore,900,5400,14094960
10183,2024-09-07,"Cold Brew Coffee Pack (6 Bottles)",Mumbai,900,18000,14094960
10184,2024-09-07,"Cold Brew Coffee Pack (6 Bottles)",Chennai,900,12600,14094960
10181,2024-09-07,"Cold Brew Coffee Pack (6 Bottles)",Delhi,900,11700,14094960
10188,2024-09-08,"Cold Brew Coffee Pack (6 Bottles)",Jaipur,900,15300,14110260
10195,2024-09-09,"Cold Brew Coffee Pack (6 Bottles)",Jaipur,900,8100,14134560
10194,2024-09-09,"Cold Brew Coffee Pack (6 Bottles)",Surat,900,4500,14134560
10196,2024-09-09,"Cold Brew Coffee Pack (6 Bottles)",Chennai,900,11700,14134560
10201,2024-09-10,"Cold Brew Coffee Pack (6 Bottles)",Bangalore,900,13500,14148060
10207,2024-09-11,"Cold Brew Coffee Pack (6 Bottles)",Ahmedabad,900,11700,14159760
10211,2024-09-12,"Cold Brew Coffee Pack (6 Bottles)",Bangalore,900,14400,14200260
10212,2024-09-12,"Cold Brew Coffee Pack (6 Bottles)",Chennai,900,11700,14200260
10213,2024-09-12,"Cold Brew Coffee Pack (6 Bottles)",Delhi,900,14400,14200260
10227,2024-09-13,"Cold Brew Coffee Pack (6 Bottles)",Mumbai,900,13500,14246160
10228,2024-09-13,"Cold Brew Coffee Pack (6 Bottles)",Delhi,900,8100,14246160
10229,2024-09-13,"Cold Brew Coffee Pack (6 Bottles)",Pune,900,5400,14246160
10225,2024-09-13,"Cold Brew Coffee Pack (6 Bottles)",Chennai,900,11700,14246160
10226,2024-09-13,"Cold Brew Coffee Pack (6 Bottles)",Delhi,900,7200,14246160
10239,2024-09-14,"Cold Brew Coffee Pack (6 Bottles)",Delhi,900,8100,14288460
10238,2024-09-14,"Cold Brew Coffee Pack (6 Bottles)",Kanpur,900,13500,14288460
10240,2024-09-14,"Cold Brew Coffee Pack (6 Bottles)",Jaipur,900,6300,14288460
10241,2024-09-14,"Cold Brew Coffee Pack (6 Bottles)",Jaipur,900,14400,14288460
10246,2024-09-15,"Cold Brew Coffee Pack (6 Bottles)",Chennai,900,17100,14305560
10256,2024-09-17,"Cold Brew Coffee Pack (6 Bottles)",Pune,900,4500,14310060
10262,2024-09-18,"Cold Brew Coffee Pack (6 Bottles)",Jaipur,900,12600,14333460
10263,2024-09-18,"Cold Brew Coffee Pack (6 Bottles)",Kolkata,900,10800,14333460
10274,2024-09-19,"Cold Brew Coffee Pack (6 Bottles)",Chennai,900,14400,14361360
10275,2024-09-19,"Cold Brew Coffee Pack (6 Bottles)",Bangalore,900,9000,14361360
10273,2024-09-19,"Cold Brew Coffee Pack (6 Bottles)",Pune,900,4500,14361360
10288,2024-09-20,"Cold Brew Coffee Pack (6 Bottles)",Jaipur,900,18000,14449560
10287,2024-09-20,"Cold Brew Coffee Pack (6 Bottles)",Pune,900,15300,14449560
10286,2024-09-20,"Cold Brew Coffee Pack (6 Bottles)",Pune,900,5400,14449560
10285,2024-09-20,"Cold Brew Coffee Pack (6 Bottles)",Hyderabad,900,18000,14449560
10284,2024-09-20,"Cold Brew Coffee Pack (6 Bottles)",Bangalore,900,18000,14449560
10283,2024-09-20,"Cold Brew Coffee Pack (6 Bottles)",Pune,900,13500,14449560
10296,2024-09-21,"Cold Brew Coffee Pack (6 Bottles)",Delhi,900,12600,14493660
10298,2024-09-21,"Cold Brew Coffee Pack (6 Bottles)",Pune,900,14400,14493660
10297,2024-09-21,"Cold Brew Coffee Pack (6 Bottles)",Bangalore,900,8100,14493660
10295,2024-09-21,"Cold Brew Coffee Pack (6 Bottles)",Chennai,900,9000,14493660
10306,2024-09-22,"Cold Brew Coffee Pack (6 Bottles)",Jaipur,900,11700,14523360
10305,2024-09-22,"Cold Brew Coffee Pack (6 Bottles)",Bangalore,900,18000,14523360
10316,2024-09-24,"Cold Brew Coffee Pack (6 Bottles)",Jaipur,900,7200,14530560
10323,2024-09-25,"Cold Brew Coffee Pack (6 Bottles)",Chennai,900,15300,14616060
10326,2024-09-25,"Cold Brew Coffee Pack (6 Bottles)",Jaipur,900,4500,14616060
10324,2024-09-25,"Cold Brew Coffee Pack (6 Bottles)",Delhi,900,5400,14616060
10325,2024-09-25,"Cold Brew Coffee Pack (6 Bottles)",Delhi,900,9000,14616060
10327,2024-09-25,"Cold Brew Coffee Pack (6 Bottles)",Bangalore,900,11700,14616060
10328,2024-09-25,"Cold Brew Coffee Pack (6 Bottles)",Bangalore,900,11700,14616060
10322,2024-09-25,"Cold Brew Coffee Pack (6 Bottles)",Bangalore,900,14400,14616060
10329,2024-09-25,"Cold Brew Coffee Pack (6 Bottles)",Bangalore,900,13500,14616060
10342,2024-09-26,"Cold Brew Coffee Pack (6 Bottles)",Bangalore,900,15300,14663760
10340,2024-09-26,"Cold Brew Coffee Pack (6 Bottles)",Bangalore,900,12600,14663760
10338,2024-09-26,"Cold Brew Coffee Pack (6 Bottles)",Pune,900,9000,14663760
10339,2024-09-26,"Cold Brew Coffee Pack (6 Bottles)",Nagpur,900,5400,14663760
10341,2024-09-26,"Cold Brew Coffee Pack (6 Bottles)",Mumbai,900,5400,14663760
10346,2024-09-27,"Cold Brew Coffee Pack (6 Bottles)",Pune,900,7200,14684460
10345,2024-09-27,"Cold Brew Coffee Pack (6 Bottles)",Jaipur,900,13500,14684460
10354,2024-09-28,"Cold Brew Coffee Pack (6 Bottles)",Jaipur,900,7200,14704260
10353,2024-09-28,"Cold Brew Coffee Pack (6 Bottles)",Jaipur,900,12600,14704260
10361,2024-09-29,"Cold Brew Coffee Pack (6 Bottles)",Chennai,900,7200,14719560
10362,2024-09-29,"Cold Brew Coffee Pack (6 Bottles)",Ahmedabad,900,8100,14719560
10371,2024-09-30,"Cold Brew Coffee Pack (6 Bottles)",Chennai,900,8100,14733060
10370,2024-09-30,"Cold Brew Coffee Pack (6 Bottles)",Mumbai,900,5400,14733060
10385,2024-10-01,"Cold Brew Coffee Pack (6 Bottles)",Jaipur,900,16200,14770860
10384,2024-10-01,"Cold Brew Coffee Pack (6 Bottles)",Delhi,900,10800,14770860
10383,2024-10-01,"Cold Brew Coffee Pack (6 Bottles)",Kolkata,900,10800,14770860
41,2023-01-05,"Cold Brew Concentrate (500ml)",Kanpur,550,3850,11550
42,2023-01-05,"Cold Brew Concentrate (500ml)",Jaipur,550,7700,11550
72,2023-01-09,"Cold Brew Concentrate (500ml)",Jaipur,550,4400,15950
161,2023-01-18,"Cold Brew Concentrate (500ml)",Kanpur,550,3850,24750
162,2023-01-18,"Cold Brew Concentrate (500ml)",Chennai,550,4950,24750
173,2023-01-19,"Cold Brew Concentrate (500ml)",Jaipur,550,7700,32450
226,2023-01-24,"Cold Brew Concentrate (500ml)",Pune,550,4950,47300
225,2023-01-24,"Cold Brew Concentrate (500ml)",Delhi,550,9900,47300
295,2023-01-30,"Cold Brew Concentrate (500ml)",Jaipur,550,3300,50600
312,2023-01-31,"Cold Brew Concentrate (500ml)",Delhi,550,11000,61600
342,2023-02-02,"Cold Brew Concentrate (500ml)",Jaipur,550,3300,64900
375,2023-02-06,"Cold Brew Concentrate (500ml)",Bangalore,550,10450,75350
403,2023-02-09,"Cold Brew Concentrate (500ml)",Chennai,550,9900,85250
427,2023-02-11,"Cold Brew Concentrate (500ml)",Delhi,550,3300,88550
503,2023-02-18,"Cold Brew Concentrate (500ml)",Chennai,550,10450,99000
519,2023-02-20,"Cold Brew Concentrate (500ml)",Bangalore,550,8250,107250
529,2023-02-21,"Cold Brew Concentrate (500ml)",Pune,550,3300,110550
561,2023-02-23,"Cold Brew Concentrate (500ml)",Kolkata,550,5500,116050
573,2023-02-24,"Cold Brew Concentrate (500ml)",Pune,550,9900,125950
608,2023-02-27,"Cold Brew Concentrate (500ml)",Jaipur,550,7150,133100
616,2023-02-28,"Cold Brew Concentrate (500ml)",Delhi,550,2750,135850
716,2023-03-07,"Cold Brew Concentrate (500ml)",Jaipur,550,8250,144100
739,2023-03-09,"Cold Brew Concentrate (500ml)",Kolkata,550,8800,169950
742,2023-03-09,"Cold Brew Concentrate (500ml)",Jaipur,550,4950,169950
740,2023-03-09,"Cold Brew Concentrate (500ml)",Chennai,550,7150,169950
741,2023-03-09,"Cold Brew Concentrate (500ml)",Bangalore,550,4950,169950
766,2023-03-11,"Cold Brew Concentrate (500ml)",Bangalore,550,6600,176550
778,2023-03-12,"Cold Brew Concentrate (500ml)",Bangalore,550,6600,183150
800,2023-03-14,"Cold Brew Concentrate (500ml)",Pune,550,9900,193050
848,2023-03-18,"Cold Brew Concentrate (500ml)",Nagpur,550,11000,204050
898,2023-03-24,"Cold Brew Concentrate (500ml)",Chennai,550,11000,224950
897,2023-03-24,"Cold Brew Concentrate (500ml)",Lucknow,550,9900,224950
953,2023-03-30,"Cold Brew Concentrate (500ml)",Delhi,550,11000,235950
969,2023-03-31,"Cold Brew Concentrate (500ml)",Pune,550,10450,246400
984,2023-04-01,"Cold Brew Concentrate (500ml)",Jaipur,550,9350,255750
1029,2023-04-05,"Cold Brew Concentrate (500ml)",Hyderabad,550,4950,260700
1053,2023-04-07,"Cold Brew Concentrate (500ml)",Delhi,550,6050,266750
1065,2023-04-08,"Cold Brew Concentrate (500ml)",Indore,550,10450,279950
1064,2023-04-08,"Cold Brew Concentrate (500ml)",Chennai,550,2750,279950
1079,2023-04-09,"Cold Brew Concentrate (500ml)",Chennai,550,10450,299750
1078,2023-04-09,"Cold Brew Concentrate (500ml)",Pune,550,9350,299750
1097,2023-04-10,"Cold Brew Concentrate (500ml)",Jaipur,550,7150,317350
1096,2023-04-10,"Cold Brew Concentrate (500ml)",Jaipur,550,10450,317350
1133,2023-04-14,"Cold Brew Concentrate (500ml)",Mumbai,550,7150,324500
1146,2023-04-15,"Cold Brew Concentrate (500ml)",Pune,550,4400,328900
1155,2023-04-16,"Cold Brew Concentrate (500ml)",Chennai,550,2750,331650
1178,2023-04-19,"Cold Brew Concentrate (500ml)",Pune,550,11000,352000
1177,2023-04-19,"Cold Brew Concentrate (500ml)",Pune,550,9350,352000
1194,2023-04-21,"Cold Brew Concentrate (500ml)",Delhi,550,5500,363000
1193,2023-04-21,"Cold Brew Concentrate (500ml)",Bangalore,550,5500,363000
1223,2023-04-23,"Cold Brew Concentrate (500ml)",Mumbai,550,7700,370700
1246,2023-04-25,"Cold Brew Concentrate (500ml)",Pune,550,3300,374000
1316,2023-05-01,"Cold Brew Concentrate (500ml)",Hyderabad,550,3300,377300
1336,2023-05-02,"Cold Brew Concentrate (500ml)",Jaipur,550,5500,382800
1393,2023-05-07,"Cold Brew Concentrate (500ml)",Pune,550,8250,391050
1432,2023-05-10,"Cold Brew Concentrate (500ml)",Chennai,550,5500,396550
1442,2023-05-11,"Cold Brew Concentrate (500ml)",Jaipur,550,10450,407000
1460,2023-05-13,"Cold Brew Concentrate (500ml)",Delhi,550,11000,418000
1506,2023-05-17,"Cold Brew Concentrate (500ml)",Bangalore,550,5500,423500
1518,2023-05-18,"Cold Brew Concentrate (500ml)",Delhi,550,8250,431750
1529,2023-05-19,"Cold Brew Concentrate (500ml)",Pune,550,9900,441650
1599,2023-05-26,"Cold Brew Concentrate (500ml)",Chennai,550,10450,459250
1598,2023-05-26,"Cold Brew Concentrate (500ml)",Mumbai,550,7150,459250
1611,2023-05-27,"Cold Brew Concentrate (500ml)",Bangalore,550,3300,462550
1619,2023-05-28,"Cold Brew Concentrate (500ml)",Bangalore,550,6600,469150
1671,2023-06-02,"Cold Brew Concentrate (500ml)",Chennai,550,3850,484000
1670,2023-06-02,"Cold Brew Concentrate (500ml)",Jaipur,550,11000,484000
1687,2023-06-03,"Cold Brew Concentrate (500ml)",Bangalore,550,3850,492800
1686,2023-06-03,"Cold Brew Concentrate (500ml)",Pune,550,4950,492800
1744,2023-06-07,"Cold Brew Concentrate (500ml)",Jaipur,550,3300,496100
1786,2023-06-11,"Cold Brew Concentrate (500ml)",Pune,550,2750,498850
1800,2023-06-13,"Cold Brew Concentrate (500ml)",Delhi,550,11000,509850
1822,2023-06-15,"Cold Brew Concentrate (500ml)",Pune,550,2750,512600
1854,2023-06-19,"Cold Brew Concentrate (500ml)",Jaipur,550,7700,520300
1887,2023-06-23,"Cold Brew Concentrate (500ml)",Nagpur,550,2750,523050
1895,2023-06-24,"Cold Brew Concentrate (500ml)",Pune,550,4400,527450
1902,2023-06-25,"Cold Brew Concentrate (500ml)",Bangalore,550,10450,537900
1951,2023-07-01,"Cold Brew Concentrate (500ml)",Mumbai,550,5500,543400
2044,2023-07-09,"Cold Brew Concentrate (500ml)",Mumbai,550,4400,547800
2075,2023-07-12,"Cold Brew Concentrate (500ml)",Indore,550,4400,552200
2094,2023-07-14,"Cold Brew Concentrate (500ml)",Pune,550,6600,558800
2225,2023-07-25,"Cold Brew Concentrate (500ml)",Pune,550,6600,565400
2268,2023-07-29,"Cold Brew Concentrate (500ml)",Pune,550,6050,571450
2279,2023-07-30,"Cold Brew Concentrate (500ml)",Chennai,550,6050,577500
2290,2023-07-31,"Cold Brew Concentrate (500ml)",Delhi,550,7700,595650
2289,2023-07-31,"Cold Brew Concentrate (500ml)",Pune,550,10450,595650
2299,2023-08-01,"Cold Brew Concentrate (500ml)",Bangalore,550,11000,606650
2308,2023-08-02,"Cold Brew Concentrate (500ml)",Chennai,550,3300,609950
3596,2023-10-02,"Cold Brew Concentrate (500ml)",Lucknow,550,2750,622600
3594,2023-10-02,"Cold Brew Concentrate (500ml)",Pune,550,4950,622600
3595,2023-10-02,"Cold Brew Concentrate (500ml)",Indore,550,4950,622600
3633,2023-10-03,"Cold Brew Concentrate (500ml)",Chennai,550,11000,652850
3631,2023-10-03,"Cold Brew Concentrate (500ml)",Chennai,550,9900,652850
3632,2023-10-03,"Cold Brew Concentrate (500ml)",Bangalore,550,9350,652850
3664,2023-10-04,"Cold Brew Concentrate (500ml)",Jaipur,550,4950,677050
3663,2023-10-04,"Cold Brew Concentrate (500ml)",Pune,550,8800,677050
3662,2023-10-04,"Cold Brew Concentrate (500ml)",Pune,550,10450,677050
3693,2023-10-05,"Cold Brew Concentrate (500ml)",Delhi,550,8800,706200
3695,2023-10-05,"Cold Brew Concentrate (500ml)",Pune,550,8250,706200
3692,2023-10-05,"Cold Brew Concentrate (500ml)",Bangalore,550,3850,706200
3694,2023-10-05,"Cold Brew Concentrate (500ml)",Bangalore,550,8250,706200
3720,2023-10-06,"Cold Brew Concentrate (500ml)",Pune,550,8250,739750
3719,2023-10-06,"Cold Brew Concentrate (500ml)",Nagpur,550,11000,739750
3723,2023-10-06,"Cold Brew Concentrate (500ml)",Kolkata,550,7700,739750
3722,2023-10-06,"Cold Brew Concentrate (500ml)",Chennai,550,3850,739750
3721,2023-10-06,"Cold Brew Concentrate (500ml)",Kanpur,550,2750,739750
3775,2023-10-08,"Cold Brew Concentrate (500ml)",Mumbai,550,4400,751300
3776,2023-10-08,"Cold Brew Concentrate (500ml)",Pune,550,7150,751300
3809,2023-10-09,"Cold Brew Concentrate (500ml)",Pune,550,8800,768350
3808,2023-10-09,"Cold Brew Concentrate (500ml)",Hyderabad,550,8250,768350
3836,2023-10-10,"Cold Brew Concentrate (500ml)",Delhi,550,6050,807400
3837,2023-10-10,"Cold Brew Concentrate (500ml)",Chennai,550,7700,807400
3839,2023-10-10,"Cold Brew Concentrate (500ml)",Bangalore,550,6050,807400
3838,2023-10-10,"Cold Brew Concentrate (500ml)",Kolkata,550,11000,807400
3840,2023-10-10,"Cold Brew Concentrate (500ml)",Chennai,550,8250,807400
3862,2023-10-11,"Cold Brew Concentrate (500ml)",Jaipur,550,9350,844250
3859,2023-10-11,"Cold Brew Concentrate (500ml)",Pune,550,9900,844250
3861,2023-10-11,"Cold Brew Concentrate (500ml)",Lucknow,550,9350,844250
3860,2023-10-11,"Cold Brew Concentrate (500ml)",Pune,550,8250,844250
3895,2023-10-12,"Cold Brew Concentrate (500ml)",Pune,550,11000,855250
3922,2023-10-13,"Cold Brew Concentrate (500ml)",Jaipur,550,3300,877800
3921,2023-10-13,"Cold Brew Concentrate (500ml)",Chennai,550,5500,877800
3919,2023-10-13,"Cold Brew Concentrate (500ml)",Chennai,550,5500,877800
3920,2023-10-13,"Cold Brew Concentrate (500ml)",Bangalore,550,8250,877800
3955,2023-10-14,"Cold Brew Concentrate (500ml)",Surat,550,10450,910250
3954,2023-10-14,"Cold Brew Concentrate (500ml)",Mumbai,550,11000,910250
3953,2023-10-14,"Cold Brew Concentrate (500ml)",Jaipur,550,11000,910250
3980,2023-10-15,"Cold Brew Concentrate (500ml)",Delhi,550,7700,917950
4006,2023-10-16,"Cold Brew Concentrate (500ml)",Chennai,550,4400,931700
4005,2023-10-16,"Cold Brew Concentrate (500ml)",Delhi,550,9350,931700
4028,2023-10-17,"Cold Brew Concentrate (500ml)",Pune,550,3300,935000
4054,2023-10-18,"Cold Brew Concentrate (500ml)",Ahmedabad,550,7700,966900
4055,2023-10-18,"Cold Brew Concentrate (500ml)",Jaipur,550,4950,966900
4053,2023-10-18,"Cold Brew Concentrate (500ml)",Chennai,550,10450,966900
4052,2023-10-18,"Cold Brew Concentrate (500ml)",Delhi,550,8800,966900
4081,2023-10-19,"Cold Brew Concentrate (500ml)",Kolkata,550,7150,974050
4101,2023-10-20,"Cold Brew Concentrate (500ml)",Jaipur,550,11000,1014200
4100,2023-10-20,"Cold Brew Concentrate (500ml)",Pune,550,7700,1014200
4099,2023-10-20,"Cold Brew Concentrate (500ml)",Mumbai,550,8250,1014200
4102,2023-10-20,"Cold Brew Concentrate (500ml)",Kanpur,550,2750,1014200
4103,2023-10-20,"Cold Brew Concentrate (500ml)",Pune,550,10450,1014200
4125,2023-10-21,"Cold Brew Concentrate (500ml)",Pune,550,5500,1037850
4123,2023-10-21,"Cold Brew Concentrate (500ml)",Bangalore,550,10450,1037850
4124,2023-10-21,"Cold Brew Concentrate (500ml)",Jaipur,550,7700,1037850
4157,2023-10-22,"Cold Brew Concentrate (500ml)",Kolkata,550,10450,1082950
4153,2023-10-22,"Cold Brew Concentrate (500ml)",Pune,550,10450,1082950
4158,2023-10-22,"Cold Brew Concentrate (500ml)",Pune,550,9900,1082950
4156,2023-10-22,"Cold Brew Concentrate (500ml)",Pune,550,2750,1082950
4155,2023-10-22,"Cold Brew Concentrate (500ml)",Bangalore,550,5500,1082950
4154,2023-10-22,"Cold Brew Concentrate (500ml)",Chennai,550,6050,1082950
4215,2023-10-24,"Cold Brew Concentrate (500ml)",Nagpur,550,4400,1107150
4217,2023-10-24,"Cold Brew Concentrate (500ml)",Bangalore,550,10450,1107150
4216,2023-10-24,"Cold Brew Concentrate (500ml)",Delhi,550,9350,1107150
4237,2023-10-25,"Cold Brew Concentrate (500ml)",Chennai,550,2750,1115950
4236,2023-10-25,"Cold Brew Concentrate (500ml)",Pune,550,6050,1115950
4262,2023-10-26,"Cold Brew Concentrate (500ml)",Pune,550,3300,1119250
4298,2023-10-27,"Cold Brew Concentrate (500ml)",Pune,550,10450,1142900
4297,2023-10-27,"Cold Brew Concentrate (500ml)",Pune,550,8250,1142900
4296,2023-10-27,"Cold Brew Concentrate (500ml)",Delhi,550,4950,1142900
4330,2023-10-28,"Cold Brew Concentrate (500ml)",Chennai,550,8250,1158850
4329,2023-10-28,"Cold Brew Concentrate (500ml)",Chennai,550,4400,1158850
4328,2023-10-28,"Cold Brew Concentrate (500ml)",Kanpur,550,3300,1158850
4354,2023-10-29,"Cold Brew Concentrate (500ml)",Mumbai,550,6050,1177550
4353,2023-10-29,"Cold Brew Concentrate (500ml)",Bangalore,550,4950,1177550
4355,2023-10-29,"Cold Brew Concentrate (500ml)",Pune,550,7700,1177550
4367,2023-10-30,"Cold Brew Concentrate (500ml)",Delhi,550,9900,1197900
4368,2023-10-30,"Cold Brew Concentrate (500ml)",Pune,550,10450,1197900
4387,2023-10-31,"Cold Brew Concentrate (500ml)",Mumbai,550,10450,1217150
4388,2023-10-31,"Cold Brew Concentrate (500ml)",Jaipur,550,8800,1217150
4421,2023-11-01,"Cold Brew Concentrate (500ml)",Pune,550,9900,1261700
4424,2023-11-01,"Cold Brew Concentrate (500ml)",Jaipur,550,6050,1261700
4423,2023-11-01,"Cold Brew Concentrate (500ml)",Ahmedabad,550,8800,1261700
4422,2023-11-01,"Cold Brew Concentrate (500ml)",Pune,550,10450,1261700
4420,2023-11-01,"Cold Brew Concentrate (500ml)",Bangalore,550,9350,1261700
4464,2023-11-02,"Cold Brew Concentrate (500ml)",Bangalore,550,3850,1284800
4463,2023-11-02,"Cold Brew Concentrate (500ml)",Mumbai,550,4400,1284800
4461,2023-11-02,"Cold Brew Concentrate (500ml)",Jaipur,550,6600,1284800
4462,2023-11-02,"Cold Brew Concentrate (500ml)",Chennai,550,4400,1284800
4465,2023-11-02,"Cold Brew Concentrate (500ml)",Pune,550,3850,1284800
4491,2023-11-03,"Cold Brew Concentrate (500ml)",Pune,550,11000,1317250
4493,2023-11-03,"Cold Brew Concentrate (500ml)",Pune,550,7700,1317250
4492,2023-11-03,"Cold Brew Concentrate (500ml)",Chennai,550,9350,1317250
4490,2023-11-03,"Cold Brew Concentrate (500ml)",Kanpur,550,4400,1317250
4522,2023-11-04,"Cold Brew Concentrate (500ml)",Pune,550,5500,1331550
4523,2023-11-04,"Cold Brew Concentrate (500ml)",Chennai,550,6050,1331550
4521,2023-11-04,"Cold Brew Concentrate (500ml)",Indore,550,2750,1331550
4588,2023-11-06,"Cold Brew Concentrate (500ml)",Lucknow,550,6600,1361800
4590,2023-11-06,"Cold Brew Concentrate (500ml)",Chennai,550,7700,1361800
4587,2023-11-06,"Cold Brew Concentrate (500ml)",Chennai,550,8250,1361800
4589,2023-11-06,"Cold Brew Concentrate (500ml)",Kanpur,550,7700,1361800
4610,2023-11-07,"Cold Brew Concentrate (500ml)",Pune,550,6050,1379950
4612,2023-11-07,"Cold Brew Concentrate (500ml)",Pune,550,4950,1379950
4611,2023-11-07,"Cold Brew Concentrate (500ml)",Jaipur,550,7150,1379950
4645,2023-11-08,"Cold Brew Concentrate (500ml)",Pune,550,8800,1432750
4646,2023-11-08,"Cold Brew Concentrate (500ml)",Pune,550,9350,1432750
4643,2023-11-08,"Cold Brew Concentrate (500ml)",Chennai,550,10450,1432750
4642,2023-11-08,"Cold Brew Concentrate (500ml)",Chennai,550,2750,1432750
4644,2023-11-08,"Cold Brew Concentrate (500ml)",Bangalore,550,11000,1432750
4641,2023-11-08,"Cold Brew Concentrate (500ml)",Bangalore,550,10450,1432750
4673,2023-11-09,"Cold Brew Concentrate (500ml)",Pune,550,3300,1443200
4674,2023-11-09,"Cold Brew Concentrate (500ml)",Jaipur,550,7150,1443200
4705,2023-11-10,"Cold Brew Concentrate (500ml)",Indore,550,11000,1494350
4706,2023-11-10,"Cold Brew Concentrate (500ml)",Bangalore,550,9900,1494350
4707,2023-11-10,"Cold Brew Concentrate (500ml)",Bangalore,550,11000,1494350
4703,2023-11-10,"Cold Brew Concentrate (500ml)",Kanpur,550,9350,1494350
4704,2023-11-10,"Cold Brew Concentrate (500ml)",Pune,550,9900,1494350
4733,2023-11-11,"Cold Brew Concentrate (500ml)",Kanpur,550,9900,1524600
4732,2023-11-11,"Cold Brew Concentrate (500ml)",Pune,550,6050,1524600
4734,2023-11-11,"Cold Brew Concentrate (500ml)",Delhi,550,6050,1524600
4731,2023-11-11,"Cold Brew Concentrate (500ml)",Indore,550,3850,1524600
4735,2023-11-11,"Cold Brew Concentrate (500ml)",Chennai,550,4400,1524600
4763,2023-11-12,"Cold Brew Concentrate (500ml)",Chennai,550,8800,1554850
4764,2023-11-12,"Cold Brew Concentrate (500ml)",Jaipur,550,7150,1554850
4765,2023-11-12,"Cold Brew Concentrate (500ml)",Bangalore,550,7150,1554850
4762,2023-11-12,"Cold Brew Concentrate (500ml)",Pune,550,7150,1554850
4797,2023-11-13,"Cold Brew Concentrate (500ml)",Jaipur,550,7150,1566950
4798,2023-11-13,"Cold Brew Concentrate (500ml)",Bangalore,550,4950,1566950
4831,2023-11-14,"Cold Brew Concentrate (500ml)",Ahmedabad,550,4400,1576300
4832,2023-11-14,"Cold Brew Concentrate (500ml)",Mumbai,550,4950,1576300
4863,2023-11-15,"Cold Brew Concentrate (500ml)",Pune,550,9350,1589500
4864,2023-11-15,"Cold Brew Concentrate (500ml)",Kolkata,550,3850,1589500
4885,2023-11-16,"Cold Brew Concentrate (500ml)",Bangalore,550,4950,1594450
4909,2023-11-17,"Cold Brew Concentrate (500ml)",Bangalore,550,3850,1607100
4908,2023-11-17,"Cold Brew Concentrate (500ml)",Bangalore,550,8800,1607100
4946,2023-11-18,"Cold Brew Concentrate (500ml)",Mumbai,550,8800,1628000
4945,2023-11-18,"Cold Brew Concentrate (500ml)",Delhi,550,3300,1628000
4947,2023-11-18,"Cold Brew Concentrate (500ml)",Pune,550,5500,1628000
4944,2023-11-18,"Cold Brew Concentrate (500ml)",Pune,550,3300,1628000
4980,2023-11-19,"Cold Brew Concentrate (500ml)",Mumbai,550,4950,1632950
5006,2023-11-20,"Cold Brew Concentrate (500ml)",Pune,550,5500,1665400
5008,2023-11-20,"Cold Brew Concentrate (500ml)",Kanpur,550,6600,1665400
5009,2023-11-20,"Cold Brew Concentrate (500ml)",Pune,550,10450,1665400
5010,2023-11-20,"Cold Brew Concentrate (500ml)",Bangalore,550,2750,1665400
5007,2023-11-20,"Cold Brew Concentrate (500ml)",Chennai,550,7150,1665400
5033,2023-11-21,"Cold Brew Concentrate (500ml)",Bangalore,550,7700,1680250
5034,2023-11-21,"Cold Brew Concentrate (500ml)",Mumbai,550,7150,1680250
5059,2023-11-22,"Cold Brew Concentrate (500ml)",Chennai,550,10450,1718750
5062,2023-11-22,"Cold Brew Concentrate (500ml)",Hyderabad,550,3300,1718750
5061,2023-11-22,"Cold Brew Concentrate (500ml)",Delhi,550,6600,1718750
5063,2023-11-22,"Cold Brew Concentrate (500ml)",Pune,550,10450,1718750
5060,2023-11-22,"Cold Brew Concentrate (500ml)",Surat,550,7700,1718750
5089,2023-11-23,"Cold Brew Concentrate (500ml)",Chennai,550,6600,1725350
5108,2023-11-24,"Cold Brew Concentrate (500ml)",Chennai,550,4400,1746800
5109,2023-11-24,"Cold Brew Concentrate (500ml)",Kanpur,550,11000,1746800
5110,2023-11-24,"Cold Brew Concentrate (500ml)",Bangalore,550,6050,1746800
5133,2023-11-25,"Cold Brew Concentrate (500ml)",Bangalore,550,8250,1777600
5135,2023-11-25,"Cold Brew Concentrate (500ml)",Lucknow,550,6050,1777600
5132,2023-11-25,"Cold Brew Concentrate (500ml)",Surat,550,11000,1777600
5134,2023-11-25,"Cold Brew Concentrate (500ml)",Jaipur,550,5500,1777600
5161,2023-11-26,"Cold Brew Concentrate (500ml)",Delhi,550,4950,1802900
5160,2023-11-26,"Cold Brew Concentrate (500ml)",Bangalore,550,11000,1802900
5162,2023-11-26,"Cold Brew Concentrate (500ml)",Jaipur,550,9350,1802900
5250,2023-11-29,"Cold Brew Concentrate (500ml)",Kanpur,550,6050,1834250
5252,2023-11-29,"Cold Brew Concentrate (500ml)",Indore,550,6050,1834250
5251,2023-11-29,"Cold Brew Concentrate (500ml)",Chennai,550,8800,1834250
5253,2023-11-29,"Cold Brew Concentrate (500ml)",Pune,550,10450,1834250
5275,2023-11-30,"Cold Brew Concentrate (500ml)",Jaipur,550,4950,1839200
5342,2023-12-01,"Cold Brew Concentrate (500ml)",Surat,550,11000,1891450
5340,2023-12-01,"Cold Brew Concentrate (500ml)",Delhi,550,8250,1891450
5341,2023-12-01,"Cold Brew Concentrate (500ml)",Hyderabad,550,4400,1891450
5339,2023-12-01,"Cold Brew Concentrate (500ml)",Delhi,550,8250,1891450
5336,2023-12-01,"Cold Brew Concentrate (500ml)",Nagpur,550,3850,1891450
5338,2023-12-01,"Cold Brew Concentrate (500ml)",Kolkata,550,5500,1891450
5335,2023-12-01,"Cold Brew Concentrate (500ml)",Jaipur,550,3300,1891450
5337,2023-12-01,"Cold Brew Concentrate (500ml)",Bangalore,550,7700,1891450
5374,2023-12-02,"Cold Brew Concentrate (500ml)",Mumbai,550,8800,1906300
5375,2023-12-02,"Cold Brew Concentrate (500ml)",Pune,550,6050,1906300
5429,2023-12-04,"Cold Brew Concentrate (500ml)",Delhi,550,3850,1936550
5430,2023-12-04,"Cold Brew Concentrate (500ml)",Lucknow,550,6050,1936550
5428,2023-12-04,"Cold Brew Concentrate (500ml)",Ahmedabad,550,7150,1936550
5431,2023-12-04,"Cold Brew Concentrate (500ml)",Chennai,550,3300,1936550
5432,2023-12-04,"Cold Brew Concentrate (500ml)",Indore,550,9900,1936550
5455,2023-12-05,"Cold Brew Concentrate (500ml)",Pune,550,7150,1946450
5454,2023-12-05,"Cold Brew Concentrate (500ml)",Chennai,550,2750,1946450
5472,2023-12-06,"Cold Brew Concentrate (500ml)",Jaipur,550,7700,1969000
5471,2023-12-06,"Cold Brew Concentrate (500ml)",Jaipur,550,6600,1969000
5473,2023-12-06,"Cold Brew Concentrate (500ml)",Pune,550,8250,1969000
5506,2023-12-07,"Cold Brew Concentrate (500ml)",Pune,550,7700,1993750
5503,2023-12-07,"Cold Brew Concentrate (500ml)",Mumbai,550,9900,1993750
5505,2023-12-07,"Cold Brew Concentrate (500ml)",Nagpur,550,2750,1993750
5504,2023-12-07,"Cold Brew Concentrate (500ml)",Delhi,550,4400,1993750
5574,2023-12-09,"Cold Brew Concentrate (500ml)",Pune,550,7150,2022900
5573,2023-12-09,"Cold Brew Concentrate (500ml)",Pune,550,2750,2022900
5572,2023-12-09,"Cold Brew Concentrate (500ml)",Hyderabad,550,2750,2022900
5575,2023-12-09,"Cold Brew Concentrate (500ml)",Delhi,550,5500,2022900
5576,2023-12-09,"Cold Brew Concentrate (500ml)",Kolkata,550,11000,2022900
5605,2023-12-10,"Cold Brew Concentrate (500ml)",Delhi,550,9900,2051500
5606,2023-12-10,"Cold Brew Concentrate (500ml)",Delhi,550,9350,2051500
5604,2023-12-10,"Cold Brew Concentrate (500ml)",Chennai,550,9350,2051500
5655,2023-12-12,"Cold Brew Concentrate (500ml)",Chennai,550,7150,2076250
5656,2023-12-12,"Cold Brew Concentrate (500ml)",Pune,550,2750,2076250
5653,2023-12-12,"Cold Brew Concentrate (500ml)",Bangalore,550,4400,2076250
5652,2023-12-12,"Cold Brew Concentrate (500ml)",Pune,550,3850,2076250
5654,2023-12-12,"Cold Brew Concentrate (500ml)",Delhi,550,6600,2076250
5673,2023-12-13,"Cold Brew Concentrate (500ml)",Lucknow,550,6600,2097150
5675,2023-12-13,"Cold Brew Concentrate (500ml)",Kolkata,550,11000,2097150
5674,2023-12-13,"Cold Brew Concentrate (500ml)",Jaipur,550,3300,2097150
5701,2023-12-14,"Cold Brew Concentrate (500ml)",Bangalore,550,7700,2104850
5720,2023-12-15,"Cold Brew Concentrate (500ml)",Bangalore,550,4950,2119150
5722,2023-12-15,"Cold Brew Concentrate (500ml)",Jaipur,550,2750,2119150
5721,2023-12-15,"Cold Brew Concentrate (500ml)",Delhi,550,6600,2119150
5749,2023-12-16,"Cold Brew Concentrate (500ml)",Pune,550,7150,2134550
5750,2023-12-16,"Cold Brew Concentrate (500ml)",Pune,550,8250,2134550
5776,2023-12-17,"Cold Brew Concentrate (500ml)",Chennai,550,7700,2142250
5812,2023-12-18,"Cold Brew Concentrate (500ml)",Mumbai,550,5500,2185150
5815,2023-12-18,"Cold Brew Concentrate (500ml)",Nagpur,550,8800,2185150
5814,2023-12-18,"Cold Brew Concentrate (500ml)",Pune,550,6050,2185150
5813,2023-12-18,"Cold Brew Concentrate (500ml)",Ahmedabad,550,7150,2185150
5816,2023-12-18,"Cold Brew Concentrate (500ml)",Bangalore,550,6050,2185150
5811,2023-12-18,"Cold Brew Concentrate (500ml)",Bangalore,550,3850,2185150
5817,2023-12-18,"Cold Brew Concentrate (500ml)",Pune,550,5500,2185150
5832,2023-12-19,"Cold Brew Concentrate (500ml)",Pune,550,8250,2193400
14,2023-01-02,"Customizable Coffee Coaster Set",Pune,250,2000,2000
55,2023-01-06,"Customizable Coffee Coaster Set",Bangalore,250,3750,5750
70,2023-01-08,"Customizable Coffee Coaster Set",Mumbai,250,1500,11250
69,2023-01-08,"Customizable Coffee Coaster Set",Pune,250,4000,11250
112,2023-01-13,"Customizable Coffee Coaster Set",Pune,250,3000,14250
121,2023-01-14,"Customizable Coffee Coaster Set",Mumbai,250,3250,17500
177,2023-01-19,"Customizable Coffee Coaster Set",Delhi,250,3750,21250
234,2023-01-24,"Customizable Coffee Coaster Set",Indore,250,5000,26250
302,2023-01-30,"Customizable Coffee Coaster Set",Surat,250,3500,34250
301,2023-01-30,"Customizable Coffee Coaster Set",Chennai,250,4500,34250
316,2023-01-31,"Customizable Coffee Coaster Set",Mumbai,250,2000,36250
331,2023-02-01,"Customizable Coffee Coaster Set",Chennai,250,3250,39500
379,2023-02-06,"Customizable Coffee Coaster Set",Delhi,250,2750,42250
387,2023-02-07,"Customizable Coffee Coaster Set",Hyderabad,250,2500,44750
409,2023-02-09,"Customizable Coffee Coaster Set",Pune,250,3750,48500
433,2023-02-11,"Customizable Coffee Coaster Set",Pune,250,4000,52500
475,2023-02-15,"Customizable Coffee Coaster Set",Bangalore,250,5000,57500
493,2023-02-16,"Customizable Coffee Coaster Set",Jaipur,250,3250,60750
536,2023-02-21,"Customizable Coffee Coaster Set",Pune,250,2500,63250
579,2023-02-24,"Customizable Coffee Coaster Set",Pune,250,2500,67500
578,2023-02-24,"Customizable Coffee Coaster Set",Chennai,250,1750,67500
588,2023-02-25,"Customizable Coffee Coaster Set",Mumbai,250,4000,71500
619,2023-02-28,"Customizable Coffee Coaster Set",Kolkata,250,5000,76500
638,2023-03-01,"Customizable Coffee Coaster Set",Jaipur,250,4500,81000
657,2023-03-02,"Customizable Coffee Coaster Set",Mumbai,250,4000,85000
687,2023-03-04,"Customizable Coffee Coaster Set",Pune,250,2250,87250
703,2023-03-05,"Customizable Coffee Coaster Set",Pune,250,3000,90250
709,2023-03-06,"Customizable Coffee Coaster Set",Delhi,250,4000,94250
721,2023-03-07,"Customizable Coffee Coaster Set",Pune,250,1750,96000
730,2023-03-08,"Customizable Coffee Coaster Set",Ahmedabad,250,2500,98500
784,2023-03-12,"Customizable Coffee Coaster Set",Pune,250,2000,101750
785,2023-03-12,"Customizable Coffee Coaster Set",Delhi,250,1250,101750
796,2023-03-13,"Customizable Coffee Coaster Set",Pune,250,1500,103250
874,2023-03-21,"Customizable Coffee Coaster Set",Delhi,250,3500,106750
894,2023-03-23,"Customizable Coffee Coaster Set",Jaipur,250,3250,110000
901,2023-03-24,"Customizable Coffee Coaster Set",Delhi,250,4000,114000
919,2023-03-26,"Customizable Coffee Coaster Set",Chennai,250,2500,118000
918,2023-03-26,"Customizable Coffee Coaster Set",Bangalore,250,1500,118000
978,2023-03-31,"Customizable Coffee Coaster Set",Jaipur,250,1500,119500
1005,2023-04-02,"Customizable Coffee Coaster Set",Pune,250,1250,120750
1048,2023-04-06,"Customizable Coffee Coaster Set",Hyderabad,250,1500,122250
1085,2023-04-09,"Customizable Coffee Coaster Set",Chennai,250,2000,127250
1086,2023-04-09,"Customizable Coffee Coaster Set",Jaipur,250,3000,127250
1116,2023-04-12,"Customizable Coffee Coaster Set",Delhi,250,4250,131500
1124,2023-04-13,"Customizable Coffee Coaster Set",Delhi,250,3750,135250
1150,2023-04-15,"Customizable Coffee Coaster Set",Bangalore,250,4750,144750
1151,2023-04-15,"Customizable Coffee Coaster Set",Kolkata,250,4750,144750
1157,2023-04-16,"Customizable Coffee Coaster Set",Pune,250,3000,147750
1171,2023-04-18,"Customizable Coffee Coaster Set",Jaipur,250,1750,149500
1202,2023-04-21,"Customizable Coffee Coaster Set",Jaipur,250,1750,151250
1230,2023-04-23,"Customizable Coffee Coaster Set",Delhi,250,1750,153000
1262,2023-04-26,"Customizable Coffee Coaster Set",Chennai,250,3500,156500
1273,2023-04-27,"Customizable Coffee Coaster Set",Delhi,250,3000,159500
1325,2023-05-01,"Customizable Coffee Coaster Set",Bangalore,250,2250,161750
1395,2023-05-07,"Customizable Coffee Coaster Set",Bangalore,250,2000,163750
1407,2023-05-08,"Customizable Coffee Coaster Set",Bangalore,250,5000,168750
1511,2023-05-17,"Customizable Coffee Coaster Set",Bangalore,250,3250,176250
1512,2023-05-17,"Customizable Coffee Coaster Set",Kanpur,250,4250,176250
1535,2023-05-19,"Customizable Coffee Coaster Set",Chennai,250,3500,179750
1540,2023-05-20,"Customizable Coffee Coaster Set",Bangalore,250,2750,182500
1691,2023-06-03,"Customizable Coffee Coaster Set",Jaipur,250,3000,185500
1749,2023-06-07,"Customizable Coffee Coaster Set",Pune,250,4750,190250
1858,2023-06-19,"Customizable Coffee Coaster Set",Bangalore,250,4250,194500
1937,2023-06-29,"Customizable Coffee Coaster Set",Bangalore,250,3750,198250
1972,2023-07-02,"Customizable Coffee Coaster Set",Jaipur,250,2750,205250
1973,2023-07-02,"Customizable Coffee Coaster Set",Jaipur,250,4250,205250
1986,2023-07-03,"Customizable Coffee Coaster Set",Kanpur,250,3750,209000
2003,2023-07-05,"Customizable Coffee Coaster Set",Jaipur,250,2000,211000
2118,2023-07-16,"Customizable Coffee Coaster Set",Bangalore,250,1500,212500
2151,2023-07-19,"Customizable Coffee Coaster Set",Jaipur,250,1250,213750
2197,2023-07-22,"Customizable Coffee Coaster Set",Delhi,250,5000,222750
2198,2023-07-22,"Customizable Coffee Coaster Set",Chennai,250,4000,222750
2208,2023-07-23,"Customizable Coffee Coaster Set",Pune,250,2750,225500
2245,2023-07-26,"Customizable Coffee Coaster Set",Jaipur,250,5000,234000
2246,2023-07-26,"Customizable Coffee Coaster Set",Jaipur,250,3500,234000
2252,2023-07-27,"Customizable Coffee Coaster Set",Bangalore,250,3500,237500
2270,2023-07-29,"Customizable Coffee Coaster Set",Chennai,250,4750,242250
2797,2023-09-07,"Customizable Coffee Coaster Set",Chennai,250,3000,257250
2796,2023-09-07,"Customizable Coffee Coaster Set",Mumbai,250,3000,257250
2794,2023-09-07,"Customizable Coffee Coaster Set",Jaipur,250,2250,257250
2798,2023-09-07,"Customizable Coffee Coaster Set",Jaipur,250,3000,257250
2795,2023-09-07,"Customizable Coffee Coaster Set",Delhi,250,3750,257250
2839,2023-09-08,"Customizable Coffee Coaster Set",Delhi,250,2000,265750
2840,2023-09-08,"Customizable Coffee Coaster Set",Chennai,250,2750,265750
2841,2023-09-08,"Customizable Coffee Coaster Set",Bangalore,250,3750,265750
2877,2023-09-09,"Customizable Coffee Coaster Set",Bangalore,250,4500,297250
2873,2023-09-09,"Customizable Coffee Coaster Set",Bangalore,250,2250,297250
2879,2023-09-09,"Customizable Coffee Coaster Set",Nagpur,250,5000,297250
2872,2023-09-09,"Customizable Coffee Coaster Set",Pune,250,3750,297250
2878,2023-09-09,"Customizable Coffee Coaster Set",Jaipur,250,2250,297250
2874,2023-09-09,"Customizable Coffee Coaster Set",Hyderabad,250,3250,297250
2876,2023-09-09,"Customizable Coffee Coaster Set",Chennai,250,2750,297250
2875,2023-09-09,"Customizable Coffee Coaster Set",Mumbai,250,4750,297250
2871,2023-09-09,"Customizable Coffee Coaster Set",Delhi,250,3000,297250
2915,2023-09-10,"Customizable Coffee Coaster Set",Indore,250,2750,322500
2919,2023-09-10,"Customizable Coffee Coaster Set",Delhi,250,2750,322500
2921,2023-09-10,"Customizable Coffee Coaster Set",Bangalore,250,3250,322500
2918,2023-09-10,"Customizable Coffee Coaster Set",Lucknow,250,1500,322500
2914,2023-09-10,"Customizable Coffee Coaster Set",Chennai,250,3000,322500
2922,2023-09-10,"Customizable Coffee Coaster Set",Chennai,250,1250,322500
2920,2023-09-10,"Customizable Coffee Coaster Set",Chennai,250,5000,322500
2917,2023-09-10,"Customizable Coffee Coaster Set",Chennai,250,1500,322500
2916,2023-09-10,"Customizable Coffee Coaster Set",Chennai,250,4250,322500
2951,2023-09-11,"Customizable Coffee Coaster Set",Chennai,250,4000,343000
2947,2023-09-11,"Customizable Coffee Coaster Set",Bangalore,250,4250,343000
2949,2023-09-11,"Customizable Coffee Coaster Set",Nagpur,250,3000,343000
2948,2023-09-11,"Customizable Coffee Coaster Set",Pune,250,3750,343000
2950,2023-09-11,"Customizable Coffee Coaster Set",Pune,250,3750,343000
2946,2023-09-11,"Customizable Coffee Coaster Set",Kanpur,250,1750,343000
2972,2023-09-12,"Customizable Coffee Coaster Set",Chennai,250,1750,349500
2973,2023-09-12,"Customizable Coffee Coaster Set",Pune,250,1250,349500
2971,2023-09-12,"Customizable Coffee Coaster Set",Mumbai,250,3500,349500
2993,2023-09-13,"Customizable Coffee Coaster Set",Jaipur,250,3000,362000
2996,2023-09-13,"Customizable Coffee Coaster Set",Bangalore,250,4250,362000
2994,2023-09-13,"Customizable Coffee Coaster Set",Pune,250,1750,362000
2995,2023-09-13,"Customizable Coffee Coaster Set",Kolkata,250,3500,362000
3021,2023-09-14,"Customizable Coffee Coaster Set",Nagpur,250,3750,377750
3019,2023-09-14,"Customizable Coffee Coaster Set",Jaipur,250,4750,377750
3020,2023-09-14,"Customizable Coffee Coaster Set",Bangalore,250,2500,377750
3018,2023-09-14,"Customizable Coffee Coaster Set",Ahmedabad,250,2250,377750
3017,2023-09-14,"Customizable Coffee Coaster Set",Lucknow,250,2500,377750
3046,2023-09-15,"Customizable Coffee Coaster Set",Jaipur,250,4500,403500
3048,2023-09-15,"Customizable Coffee Coaster Set",Pune,250,3250,403500
3044,2023-09-15,"Customizable Coffee Coaster Set",Hyderabad,250,3500,403500
3047,2023-09-15,"Customizable Coffee Coaster Set",Indore,250,3000,403500
3050,2023-09-15,"Customizable Coffee Coaster Set",Kanpur,250,3250,403500
3045,2023-09-15,"Customizable Coffee Coaster Set",Chennai,250,2750,403500
3051,2023-09-15,"Customizable Coffee Coaster Set",Bangalore,250,3500,403500
3049,2023-09-15,"Customizable Coffee Coaster Set",Chennai,250,2000,403500
3080,2023-09-16,"Customizable Coffee Coaster Set",Pune,250,4500,411250
3082,2023-09-16,"Customizable Coffee Coaster Set",Bangalore,250,1500,411250
3081,2023-09-16,"Customizable Coffee Coaster Set",Delhi,250,1750,411250
3102,2023-09-17,"Customizable Coffee Coaster Set",Mumbai,250,3250,437500
3107,2023-09-17,"Customizable Coffee Coaster Set",Surat,250,2750,437500
3108,2023-09-17,"Customizable Coffee Coaster Set",Chennai,250,4500,437500
3104,2023-09-17,"Customizable Coffee Coaster Set",Chennai,250,3750,437500
3106,2023-09-17,"Customizable Coffee Coaster Set",Kanpur,250,5000,437500
3101,2023-09-17,"Customizable Coffee Coaster Set",Bangalore,250,3500,437500
3105,2023-09-17,"Customizable Coffee Coaster Set",Bangalore,250,1250,437500
3103,2023-09-17,"Customizable Coffee Coaster Set",Surat,250,2250,437500
3146,2023-09-18,"Customizable Coffee Coaster Set",Delhi,250,1250,466500
3138,2023-09-18,"Customizable Coffee Coaster Set",Kanpur,250,2250,466500
3142,2023-09-18,"Customizable Coffee Coaster Set",Mumbai,250,1500,466500
3145,2023-09-18,"Customizable Coffee Coaster Set",Bangalore,250,3000,466500
3144,2023-09-18,"Customizable Coffee Coaster Set",Bangalore,250,1750,466500
3137,2023-09-18,"Customizable Coffee Coaster Set",Bangalore,250,2750,466500
3139,2023-09-18,"Customizable Coffee Coaster Set",Bangalore,250,3500,466500
3141,2023-09-18,"Customizable Coffee Coaster Set",Pune,250,2750,466500
3143,2023-09-18,"Customizable Coffee Coaster Set",Hyderabad,250,4500,466500
3147,2023-09-18,"Customizable Coffee Coaster Set",Pune,250,2000,466500
3148,2023-09-18,"Customizable Coffee Coaster Set",Nagpur,250,2000,466500
3140,2023-09-18,"Customizable Coffee Coaster Set",Jaipur,250,1750,466500
3180,2023-09-19,"Customizable Coffee Coaster Set",Pune,250,2000,480000
3181,2023-09-19,"Customizable Coffee Coaster Set",Ahmedabad,250,3750,480000
3178,2023-09-19,"Customizable Coffee Coaster Set",Mumbai,250,2750,480000
3179,2023-09-19,"Customizable Coffee Coaster Set",Kolkata,250,2500,480000
3182,2023-09-19,"Customizable Coffee Coaster Set",Bangalore,250,2500,480000
3211,2023-09-20,"Customizable Coffee Coaster Set",Kolkata,250,3750,491500
3210,2023-09-20,"Customizable Coffee Coaster Set",Kanpur,250,3000,491500
3212,2023-09-20,"Customizable Coffee Coaster Set",Surat,250,4750,491500
3248,2023-09-21,"Customizable Coffee Coaster Set",Delhi,250,5000,509500
3246,2023-09-21,"Customizable Coffee Coaster Set",Delhi,250,1500,509500
3245,2023-09-21,"Customizable Coffee Coaster Set",Pune,250,5000,509500
3247,2023-09-21,"Customizable Coffee Coaster Set",Jaipur,250,5000,509500
3244,2023-09-21,"Customizable Coffee Coaster Set",Pune,250,1500,509500
3274,2023-09-22,"Customizable Coffee Coaster Set",Chennai,250,4750,544750
3278,2023-09-22,"Customizable Coffee Coaster Set",Chennai,250,2750,544750
3281,2023-09-22,"Customizable Coffee Coaster Set",Chennai,250,4000,544750
3279,2023-09-22,"Customizable Coffee Coaster Set",Chennai,250,5000,544750
3280,2023-09-22,"Customizable Coffee Coaster Set",Chennai,250,2500,544750
3282,2023-09-22,"Customizable Coffee Coaster Set",Bangalore,250,3750,544750
3277,2023-09-22,"Customizable Coffee Coaster Set",Delhi,250,3250,544750
3275,2023-09-22,"Customizable Coffee Coaster Set",Jaipur,250,2250,544750
3273,2023-09-22,"Customizable Coffee Coaster Set",Delhi,250,2000,544750
3276,2023-09-22,"Customizable Coffee Coaster Set",Jaipur,250,5000,544750
3313,2023-09-23,"Customizable Coffee Coaster Set",Jaipur,250,3000,577250
3312,2023-09-23,"Customizable Coffee Coaster Set",Jaipur,250,3000,577250
3314,2023-09-23,"Customizable Coffee Coaster Set",Jaipur,250,4000,577250
3316,2023-09-23,"Customizable Coffee Coaster Set",Pune,250,1750,577250
3307,2023-09-23,"Customizable Coffee Coaster Set",Chennai,250,4750,577250
3311,2023-09-23,"Customizable Coffee Coaster Set",Pune,250,3000,577250
3315,2023-09-23,"Customizable Coffee Coaster Set",Jaipur,250,4000,577250
3308,2023-09-23,"Customizable Coffee Coaster Set",Pune,250,3250,577250
3310,2023-09-23,"Customizable Coffee Coaster Set",Delhi,250,3750,577250
3309,2023-09-23,"Customizable Coffee Coaster Set",Mumbai,250,2000,577250
3337,2023-09-24,"Customizable Coffee Coaster Set",Kanpur,250,4250,613500
3342,2023-09-24,"Customizable Coffee Coaster Set",Delhi,250,2750,613500
3346,2023-09-24,"Customizable Coffee Coaster Set",Pune,250,4750,613500
3339,2023-09-24,"Customizable Coffee Coaster Set",Pune,250,4750,613500
3338,2023-09-24,"Customizable Coffee Coaster Set",Delhi,250,1750,613500
3343,2023-09-24,"Customizable Coffee Coaster Set",Pune,250,4250,613500
3344,2023-09-24,"Customizable Coffee Coaster Set",Pune,250,4250,613500
3341,2023-09-24,"Customizable Coffee Coaster Set",Chennai,250,2500,613500
3340,2023-09-24,"Customizable Coffee Coaster Set",Bangalore,250,4500,613500
3345,2023-09-24,"Customizable Coffee Coaster Set",Pune,250,2500,613500
3372,2023-09-25,"Customizable Coffee Coaster Set",Pune,250,1250,638500
3373,2023-09-25,"Customizable Coffee Coaster Set",Delhi,250,1750,638500
3366,2023-09-25,"Customizable Coffee Coaster Set",Pune,250,2750,638500
3369,2023-09-25,"Customizable Coffee Coaster Set",Ahmedabad,250,2250,638500
3368,2023-09-25,"Customizable Coffee Coaster Set",Bangalore,250,2500,638500
3370,2023-09-25,"Customizable Coffee Coaster Set",Bangalore,250,4250,638500
3374,2023-09-25,"Customizable Coffee Coaster Set",Pune,250,1500,638500
3367,2023-09-25,"Customizable Coffee Coaster Set",Nagpur,250,4500,638500
3371,2023-09-25,"Customizable Coffee Coaster Set",Chennai,250,4250,638500
3399,2023-09-26,"Customizable Coffee Coaster Set",Chennai,250,4250,662500
3400,2023-09-26,"Customizable Coffee Coaster Set",Chennai,250,3250,662500
3402,2023-09-26,"Customizable Coffee Coaster Set",Delhi,250,2500,662500
3397,2023-09-26,"Customizable Coffee Coaster Set",Pune,250,3250,662500
3403,2023-09-26,"Customizable Coffee Coaster Set",Jaipur,250,4000,662500
3396,2023-09-26,"Customizable Coffee Coaster Set",Bangalore,250,1750,662500
3398,2023-09-26,"Customizable Coffee Coaster Set",Bangalore,250,3500,662500
3401,2023-09-26,"Customizable Coffee Coaster Set",Bangalore,250,1500,662500
3429,2023-09-27,"Customizable Coffee Coaster Set",Bangalore,250,3000,690250
3428,2023-09-27,"Customizable Coffee Coaster Set",Chennai,250,4500,690250
3425,2023-09-27,"Customizable Coffee Coaster Set",Hyderabad,250,2000,690250
3424,2023-09-27,"Customizable Coffee Coaster Set",Indore,250,4750,690250
3422,2023-09-27,"Customizable Coffee Coaster Set",Pune,250,5000,690250
3427,2023-09-27,"Customizable Coffee Coaster Set",Jaipur,250,2250,690250
3423,2023-09-27,"Customizable Coffee Coaster Set",Jaipur,250,3500,690250
3426,2023-09-27,"Customizable Coffee Coaster Set",Indore,250,2750,690250
3460,2023-09-28,"Customizable Coffee Coaster Set",Pune,250,3000,714250
3456,2023-09-28,"Customizable Coffee Coaster Set",Chennai,250,4000,714250
3455,2023-09-28,"Customizable Coffee Coaster Set",Bangalore,250,4250,714250
3459,2023-09-28,"Customizable Coffee Coaster Set",Pune,250,5000,714250
3457,2023-09-28,"Customizable Coffee Coaster Set",Pune,250,3000,714250
3458,2023-09-28,"Customizable Coffee Coaster Set",Pune,250,4750,714250
3493,2023-09-29,"Customizable Coffee Coaster Set",Mumbai,250,3250,732000
3494,2023-09-29,"Customizable Coffee Coaster Set",Delhi,250,3500,732000
3497,2023-09-29,"Customizable Coffee Coaster Set",Chennai,250,2500,732000
3496,2023-09-29,"Customizable Coffee Coaster Set",Chennai,250,3500,732000
3495,2023-09-29,"Customizable Coffee Coaster Set",Kolkata,250,3000,732000
3492,2023-09-29,"Customizable Coffee Coaster Set",Delhi,250,2000,732000
3518,2023-09-30,"Customizable Coffee Coaster Set",Delhi,250,3250,756000
3521,2023-09-30,"Customizable Coffee Coaster Set",Delhi,250,2000,756000
3520,2023-09-30,"Customizable Coffee Coaster Set",Bangalore,250,4500,756000
3522,2023-09-30,"Customizable Coffee Coaster Set",Bangalore,250,2250,756000
3519,2023-09-30,"Customizable Coffee Coaster Set",Bangalore,250,1250,756000
3523,2023-09-30,"Customizable Coffee Coaster Set",Bangalore,250,2000,756000
3516,2023-09-30,"Customizable Coffee Coaster Set",Kanpur,250,3500,756000
3517,2023-09-30,"Customizable Coffee Coaster Set",Kolkata,250,2250,756000
3524,2023-09-30,"Customizable Coffee Coaster Set",Chennai,250,3000,756000
3557,2023-10-01,"Customizable Coffee Coaster Set",Pune,250,3000,794750
3563,2023-10-01,"Customizable Coffee Coaster Set",Pune,250,4500,794750
3558,2023-10-01,"Customizable Coffee Coaster Set",Chennai,250,3250,794750
3554,2023-10-01,"Customizable Coffee Coaster Set",Chennai,250,2250,794750
3562,2023-10-01,"Customizable Coffee Coaster Set",Chennai,250,4500,794750
3555,2023-10-01,"Customizable Coffee Coaster Set",Chennai,250,2500,794750
3553,2023-10-01,"Customizable Coffee Coaster Set",Chennai,250,2000,794750
3552,2023-10-01,"Customizable Coffee Coaster Set",Bangalore,250,2750,794750
3561,2023-10-01,"Customizable Coffee Coaster Set",Nagpur,250,1500,794750
3560,2023-10-01,"Customizable Coffee Coaster Set",Pune,250,4000,794750
3559,2023-10-01,"Customizable Coffee Coaster Set",Pune,250,3500,794750
3556,2023-10-01,"Customizable Coffee Coaster Set",Surat,250,1250,794750
3551,2023-10-01,"Customizable Coffee Coaster Set",Lucknow,250,3750,794750
3606,2023-10-02,"Customizable Coffee Coaster Set",Chennai,250,2000,805750
3607,2023-10-02,"Customizable Coffee Coaster Set",Nagpur,250,3750,805750
3605,2023-10-02,"Customizable Coffee Coaster Set",Delhi,250,3750,805750
3604,2023-10-02,"Customizable Coffee Coaster Set",Delhi,250,1500,805750
3,2023-01-01,"Flavored Coffee Pods (Pack of 10)",Jaipur,750,5250,5250
19,2023-01-03,"Flavored Coffee Pods (Pack of 10)",Pune,750,6000,15750
20,2023-01-03,"Flavored Coffee Pods (Pack of 10)",Ahmedabad,750,4500,15750
49,2023-01-06,"Flavored Coffee Pods (Pack of 10)",Pune,750,6750,22500
79,2023-01-10,"Flavored Coffee Pods (Pack of 10)",Chennai,750,6000,42000
80,2023-01-10,"Flavored Coffee Pods (Pack of 10)",Chennai,750,13500,42000
125,2023-01-15,"Flavored Coffee Pods (Pack of 10)",Jaipur,750,10500,52500
198,2023-01-22,"Flavored Coffee Pods (Pack of 10)",Pune,750,7500,60000
223,2023-01-24,"Flavored Coffee Pods (Pack of 10)",Delhi,750,13500,73500
293,2023-01-30,"Flavored Coffee Pods (Pack of 10)",Jaipur,750,5250,78750
351,2023-02-03,"Flavored Coffee Pods (Pack of 10)",Jaipur,750,12750,91500
384,2023-02-07,"Flavored Coffee Pods (Pack of 10)",Pune,750,9750,101250
426,2023-02-11,"Flavored Coffee Pods (Pack of 10)",Bangalore,750,12750,114000
446,2023-02-13,"Flavored Coffee Pods (Pack of 10)",Nagpur,750,12000,126000
468,2023-02-15,"Flavored Coffee Pods (Pack of 10)",Bangalore,750,12000,138000
487,2023-02-16,"Flavored Coffee Pods (Pack of 10)",Jaipur,750,15000,153000
509,2023-02-19,"Flavored Coffee Pods (Pack of 10)",Pune,750,3750,156750
528,2023-02-21,"Flavored Coffee Pods (Pack of 10)",Pune,750,8250,165000
583,2023-02-25,"Flavored Coffee Pods (Pack of 10)",Pune,750,11250,176250
595,2023-02-26,"Flavored Coffee Pods (Pack of 10)",Pune,750,6750,183000
629,2023-03-01,"Flavored Coffee Pods (Pack of 10)",Indore,750,14250,197250
648,2023-03-02,"Flavored Coffee Pods (Pack of 10)",Pune,750,6750,213750
647,2023-03-02,"Flavored Coffee Pods (Pack of 10)",Bangalore,750,9750,213750
694,2023-03-05,"Flavored Coffee Pods (Pack of 10)",Jaipur,750,6750,220500
749,2023-03-10,"Flavored Coffee Pods (Pack of 10)",Bangalore,750,10500,231000
765,2023-03-11,"Flavored Coffee Pods (Pack of 10)",Jaipur,750,9000,240000
787,2023-03-13,"Flavored Coffee Pods (Pack of 10)",Chennai,750,14250,254250
822,2023-03-16,"Flavored Coffee Pods (Pack of 10)",Pune,750,15000,269250
834,2023-03-17,"Flavored Coffee Pods (Pack of 10)",Pune,750,11250,280500
852,2023-03-19,"Flavored Coffee Pods (Pack of 10)",Bangalore,750,3750,299250
853,2023-03-19,"Flavored Coffee Pods (Pack of 10)",Chennai,750,15000,299250
913,2023-03-26,"Flavored Coffee Pods (Pack of 10)",Mumbai,750,6750,306000
938,2023-03-29,"Flavored Coffee Pods (Pack of 10)",Pune,750,12750,318750
967,2023-03-31,"Flavored Coffee Pods (Pack of 10)",Bangalore,750,10500,329250
983,2023-04-01,"Flavored Coffee Pods (Pack of 10)",Pune,750,12750,342000
1022,2023-04-04,"Flavored Coffee Pods (Pack of 10)",Delhi,750,5250,347250
1028,2023-04-05,"Flavored Coffee Pods (Pack of 10)",Jaipur,750,7500,354750
1052,2023-04-07,"Flavored Coffee Pods (Pack of 10)",Pune,750,13500,368250
1104,2023-04-11,"Flavored Coffee Pods (Pack of 10)",Pune,750,7500,375750
1129,2023-04-14,"Flavored Coffee Pods (Pack of 10)",Chennai,750,12000,387750
1159,2023-04-17,"Flavored Coffee Pods (Pack of 10)",Jaipur,750,7500,395250
1186,2023-04-20,"Flavored Coffee Pods (Pack of 10)",Bangalore,750,6750,402000
1207,2023-04-22,"Flavored Coffee Pods (Pack of 10)",Kanpur,750,9000,411000
1234,2023-04-24,"Flavored Coffee Pods (Pack of 10)",Kanpur,750,6000,417000
1268,2023-04-27,"Flavored Coffee Pods (Pack of 10)",Pune,750,4500,435000
1267,2023-04-27,"Flavored Coffee Pods (Pack of 10)",Bangalore,750,13500,435000
1280,2023-04-28,"Flavored Coffee Pods (Pack of 10)",Jaipur,750,15000,450000
1301,2023-04-30,"Flavored Coffee Pods (Pack of 10)",Pune,750,11250,461250
1357,2023-05-04,"Flavored Coffee Pods (Pack of 10)",Chennai,750,13500,474750
1429,2023-05-10,"Flavored Coffee Pods (Pack of 10)",Kolkata,750,12750,500250
1428,2023-05-10,"Flavored Coffee Pods (Pack of 10)",Delhi,750,12750,500250
1448,2023-05-12,"Flavored Coffee Pods (Pack of 10)",Delhi,750,11250,511500
1491,2023-05-16,"Flavored Coffee Pods (Pack of 10)",Chennai,750,12750,524250
1502,2023-05-17,"Flavored Coffee Pods (Pack of 10)",Jaipur,750,15000,539250
1711,2023-06-05,"Flavored Coffee Pods (Pack of 10)",Delhi,750,14250,553500
1724,2023-06-06,"Flavored Coffee Pods (Pack of 10)",Chennai,750,15000,568500
1763,2023-06-09,"Flavored Coffee Pods (Pack of 10)",Chennai,750,10500,579000
1820,2023-06-15,"Flavored Coffee Pods (Pack of 10)",Chennai,750,5250,584250
1834,2023-06-16,"Flavored Coffee Pods (Pack of 10)",Mumbai,750,12750,597000
1849,2023-06-18,"Flavored Coffee Pods (Pack of 10)",Jaipur,750,13500,625500
1848,2023-06-18,"Flavored Coffee Pods (Pack of 10)",Bangalore,750,15000,625500
1932,2023-06-29,"Flavored Coffee Pods (Pack of 10)",Bangalore,750,9000,634500
1999,2023-07-05,"Flavored Coffee Pods (Pack of 10)",Bangalore,750,12000,646500
2043,2023-07-09,"Flavored Coffee Pods (Pack of 10)",Kolkata,750,8250,654750
2092,2023-07-14,"Flavored Coffee Pods (Pack of 10)",Pune,750,12750,667500
2146,2023-07-19,"Flavored Coffee Pods (Pack of 10)",Nagpur,750,15000,682500
2157,2023-07-20,"Flavored Coffee Pods (Pack of 10)",Kolkata,750,14250,709500
2156,2023-07-20,"Flavored Coffee Pods (Pack of 10)",Kolkata,750,12750,709500
2170,2023-07-21,"Flavored Coffee Pods (Pack of 10)",Mumbai,750,3750,713250
2249,2023-07-27,"Flavored Coffee Pods (Pack of 10)",Pune,750,5250,726000
2248,2023-07-27,"Flavored Coffee Pods (Pack of 10)",Chennai,750,7500,726000
2255,2023-07-28,"Flavored Coffee Pods (Pack of 10)",Bangalore,750,8250,734250
2265,2023-07-29,"Flavored Coffee Pods (Pack of 10)",Ahmedabad,750,15000,749250
2278,2023-07-30,"Flavored Coffee Pods (Pack of 10)",Chennai,750,4500,753750
2286,2023-07-31,"Flavored Coffee Pods (Pack of 10)",Pune,750,13500,767250
2298,2023-08-01,"Flavored Coffee Pods (Pack of 10)",Bangalore,750,10500,777750
3590,2023-10-02,"Flavored Coffee Pods (Pack of 10)",Delhi,750,12000,803250
3589,2023-10-02,"Flavored Coffee Pods (Pack of 10)",Pune,750,13500,803250
3626,2023-10-03,"Flavored Coffee Pods (Pack of 10)",Jaipur,750,4500,816750
3625,2023-10-03,"Flavored Coffee Pods (Pack of 10)",Delhi,750,9000,816750
3656,2023-10-04,"Flavored Coffee Pods (Pack of 10)",Chennai,750,8250,853500
3658,2023-10-04,"Flavored Coffee Pods (Pack of 10)",Chennai,750,3750,853500
3657,2023-10-04,"Flavored Coffee Pods (Pack of 10)",Pune,750,12750,853500
3655,2023-10-04,"Flavored Coffee Pods (Pack of 10)",Surat,750,12000,853500
3683,2023-10-05,"Flavored Coffee Pods (Pack of 10)",Mumbai,750,10500,921750
3682,2023-10-05,"Flavored Coffee Pods (Pack of 10)",Chennai,750,12750,921750
3681,2023-10-05,"Flavored Coffee Pods (Pack of 10)",Chennai,750,12000,921750
3686,2023-10-05,"Flavored Coffee Pods (Pack of 10)",Delhi,750,8250,921750
3685,2023-10-05,"Flavored Coffee Pods (Pack of 10)",Delhi,750,5250,921750
3680,2023-10-05,"Flavored Coffee Pods (Pack of 10)",Delhi,750,7500,921750
3684,2023-10-05,"Flavored Coffee Pods (Pack of 10)",Pune,750,12000,921750
3754,2023-10-07,"Flavored Coffee Pods (Pack of 10)",Chennai,750,11250,949500
3755,2023-10-07,"Flavored Coffee Pods (Pack of 10)",Chennai,750,6750,949500
3753,2023-10-07,"Flavored Coffee Pods (Pack of 10)",Chennai,750,9750,949500
3771,2023-10-08,"Flavored Coffee Pods (Pack of 10)",Jaipur,750,12000,961500
3801,2023-10-09,"Flavored Coffee Pods (Pack of 10)",Lucknow,750,5250,1008750
3805,2023-10-09,"Flavored Coffee Pods (Pack of 10)",Jaipur,750,13500,1008750
3804,2023-10-09,"Flavored Coffee Pods (Pack of 10)",Jaipur,750,11250,1008750
3803,2023-10-09,"Flavored Coffee Pods (Pack of 10)",Jaipur,750,13500,1008750
3802,2023-10-09,"Flavored Coffee Pods (Pack of 10)",Delhi,750,3750,1008750
3830,2023-10-10,"Flavored Coffee Pods (Pack of 10)",Delhi,750,12750,1065000
3829,2023-10-10,"Flavored Coffee Pods (Pack of 10)",Delhi,750,12750,1065000
3833,2023-10-10,"Flavored Coffee Pods (Pack of 10)",Jaipur,750,9000,1065000
3831,2023-10-10,"Flavored Coffee Pods (Pack of 10)",Pune,750,7500,1065000
3832,2023-10-10,"Flavored Coffee Pods (Pack of 10)",Bangalore,750,14250,1065000
3854,2023-10-11,"Flavored Coffee Pods (Pack of 10)",Chennai,750,6750,1082250
3855,2023-10-11,"Flavored Coffee Pods (Pack of 10)",Delhi,750,10500,1082250
3884,2023-10-12,"Flavored Coffee Pods (Pack of 10)",Nagpur,750,15000,1133250
3886,2023-10-12,"Flavored Coffee Pods (Pack of 10)",Kanpur,750,9000,1133250
3883,2023-10-12,"Flavored Coffee Pods (Pack of 10)",Chennai,750,12750,1133250
3885,2023-10-12,"Flavored Coffee Pods (Pack of 10)",Chennai,750,14250,1133250
3915,2023-10-13,"Flavored Coffee Pods (Pack of 10)",Pune,750,7500,1140750
3948,2023-10-14,"Flavored Coffee Pods (Pack of 10)",Surat,750,6750,1164000
3949,2023-10-14,"Flavored Coffee Pods (Pack of 10)",Bangalore,750,11250,1164000
3947,2023-10-14,"Flavored Coffee Pods (Pack of 10)",Surat,750,5250,1164000
3973,2023-10-15,"Flavored Coffee Pods (Pack of 10)",Bangalore,750,12000,1176000
3995,2023-10-16,"Flavored Coffee Pods (Pack of 10)",Bangalore,750,12750,1213500
3997,2023-10-16,"Flavored Coffee Pods (Pack of 10)",Chennai,750,14250,1213500
3996,2023-10-16,"Flavored Coffee Pods (Pack of 10)",Pune,750,10500,1213500
4020,2023-10-17,"Flavored Coffee Pods (Pack of 10)",Kanpur,750,10500,1245750
4018,2023-10-17,"Flavored Coffee Pods (Pack of 10)",Jaipur,750,13500,1245750
4019,2023-10-17,"Flavored Coffee Pods (Pack of 10)",Delhi,750,8250,1245750
4045,2023-10-18,"Flavored Coffee Pods (Pack of 10)",Pune,750,7500,1265250
4046,2023-10-18,"Flavored Coffee Pods (Pack of 10)",Chennai,750,12000,1265250
4075,2023-10-19,"Flavored Coffee Pods (Pack of 10)",Chennai,750,7500,1272750
4095,2023-10-20,"Flavored Coffee Pods (Pack of 10)",Chennai,750,11250,1291500
4094,2023-10-20,"Flavored Coffee Pods (Pack of 10)",Jaipur,750,7500,1291500
4117,2023-10-21,"Flavored Coffee Pods (Pack of 10)",Jaipur,750,10500,1302000
4140,2023-10-22,"Flavored Coffee Pods (Pack of 10)",Pune,750,8250,1332750
4142,2023-10-22,"Flavored Coffee Pods (Pack of 10)",Bangalore,750,15000,1332750
4141,2023-10-22,"Flavored Coffee Pods (Pack of 10)",Pune,750,7500,1332750
4182,2023-10-23,"Flavored Coffee Pods (Pack of 10)",Jaipur,750,8250,1358250
4183,2023-10-23,"Flavored Coffee Pods (Pack of 10)",Chennai,750,7500,1358250
4184,2023-10-23,"Flavored Coffee Pods (Pack of 10)",Mumbai,750,9750,1358250
4209,2023-10-24,"Flavored Coffee Pods (Pack of 10)",Kolkata,750,7500,1378500
4210,2023-10-24,"Flavored Coffee Pods (Pack of 10)",Chennai,750,12750,1378500
4232,2023-10-25,"Flavored Coffee Pods (Pack of 10)",Delhi,750,14250,1431750
4233,2023-10-25,"Flavored Coffee Pods (Pack of 10)",Delhi,750,15000,1431750
4234,2023-10-25,"Flavored Coffee Pods (Pack of 10)",Kanpur,750,12000,1431750
4231,2023-10-25,"Flavored Coffee Pods (Pack of 10)",Surat,750,12000,1431750
4256,2023-10-26,"Flavored Coffee Pods (Pack of 10)",Jaipur,750,15000,1467750
4257,2023-10-26,"Flavored Coffee Pods (Pack of 10)",Kanpur,750,12000,1467750
4258,2023-10-26,"Flavored Coffee Pods (Pack of 10)",Nagpur,750,9000,1467750
4285,2023-10-27,"Flavored Coffee Pods (Pack of 10)",Kolkata,750,4500,1516500
4286,2023-10-27,"Flavored Coffee Pods (Pack of 10)",Delhi,750,7500,1516500
4290,2023-10-27,"Flavored Coffee Pods (Pack of 10)",Bangalore,750,9000,1516500
4287,2023-10-27,"Flavored Coffee Pods (Pack of 10)",Delhi,750,5250,1516500
4289,2023-10-27,"Flavored Coffee Pods (Pack of 10)",Pune,750,12000,1516500
4288,2023-10-27,"Flavored Coffee Pods (Pack of 10)",Pune,750,10500,1516500
4322,2023-10-28,"Flavored Coffee Pods (Pack of 10)",Delhi,750,13500,1550250
4321,2023-10-28,"Flavored Coffee Pods (Pack of 10)",Delhi,750,6750,1550250
4319,2023-10-28,"Flavored Coffee Pods (Pack of 10)",Jaipur,750,8250,1550250
4320,2023-10-28,"Flavored Coffee Pods (Pack of 10)",Bangalore,750,5250,1550250
4346,2023-10-29,"Flavored Coffee Pods (Pack of 10)",Pune,750,4500,1579500
4345,2023-10-29,"Flavored Coffee Pods (Pack of 10)",Delhi,750,13500,1579500
4347,2023-10-29,"Flavored Coffee Pods (Pack of 10)",Jaipur,750,11250,1579500
4384,2023-10-31,"Flavored Coffee Pods (Pack of 10)",Pune,750,6750,1586250
4410,2023-11-01,"Flavored Coffee Pods (Pack of 10)",Hyderabad,750,3750,1620750
4409,2023-11-01,"Flavored Coffee Pods (Pack of 10)",Chennai,750,12750,1620750
4408,2023-11-01,"Flavored Coffee Pods (Pack of 10)",Pune,750,12000,1620750
4407,2023-11-01,"Flavored Coffee Pods (Pack of 10)",Jaipur,750,6000,1620750
4450,2023-11-02,"Flavored Coffee Pods (Pack of 10)",Pune,750,10500,1650000
4449,2023-11-02,"Flavored Coffee Pods (Pack of 10)",Bangalore,750,12000,1650000
4448,2023-11-02,"Flavored Coffee Pods (Pack of 10)",Chennai,750,6750,1650000
4485,2023-11-03,"Flavored Coffee Pods (Pack of 10)",Pune,750,9000,1663500
4486,2023-11-03,"Flavored Coffee Pods (Pack of 10)",Pune,750,4500,1663500
4512,2023-11-04,"Flavored Coffee Pods (Pack of 10)",Delhi,750,13500,1699500
4511,2023-11-04,"Flavored Coffee Pods (Pack of 10)",Chennai,750,5250,1699500
4509,2023-11-04,"Flavored Coffee Pods (Pack of 10)",Pune,750,12750,1699500
4510,2023-11-04,"Flavored Coffee Pods (Pack of 10)",Jaipur,750,4500,1699500
4554,2023-11-05,"Flavored Coffee Pods (Pack of 10)",Jaipur,750,7500,1766250
4551,2023-11-05,"Flavored Coffee Pods (Pack of 10)",Jaipur,750,13500,1766250
4552,2023-11-05,"Flavored Coffee Pods (Pack of 10)",Pune,750,11250,1766250
4550,2023-11-05,"Flavored Coffee Pods (Pack of 10)",Pune,750,11250,1766250
4553,2023-11-05,"Flavored Coffee Pods (Pack of 10)",Bangalore,750,10500,1766250
4555,2023-11-05,"Flavored Coffee Pods (Pack of 10)",Chennai,750,12750,1766250
4583,2023-11-06,"Flavored Coffee Pods (Pack of 10)",Chennai,750,12000,1809000
4582,2023-11-06,"Flavored Coffee Pods (Pack of 10)",Chennai,750,6000,1809000
4584,2023-11-06,"Flavored Coffee Pods (Pack of 10)",Pune,750,13500,1809000
4581,2023-11-06,"Flavored Coffee Pods (Pack of 10)",Bangalore,750,11250,1809000
4601,2023-11-07,"Flavored Coffee Pods (Pack of 10)",Pune,750,11250,1820250
4667,2023-11-09,"Flavored Coffee Pods (Pack of 10)",Kanpur,750,6750,1848750
4666,2023-11-09,"Flavored Coffee Pods (Pack of 10)",Pune,750,12000,1848750
4665,2023-11-09,"Flavored Coffee Pods (Pack of 10)",Nagpur,750,9750,1848750
4692,2023-11-10,"Flavored Coffee Pods (Pack of 10)",Delhi,750,15000,1882500
4691,2023-11-10,"Flavored Coffee Pods (Pack of 10)",Pune,750,3750,1882500
4693,2023-11-10,"Flavored Coffee Pods (Pack of 10)",Chennai,750,15000,1882500
4721,2023-11-11,"Flavored Coffee Pods (Pack of 10)",Delhi,750,10500,1908000
4722,2023-11-11,"Flavored Coffee Pods (Pack of 10)",Chennai,750,15000,1908000
4755,2023-11-12,"Flavored Coffee Pods (Pack of 10)",Chennai,750,7500,1968000
4754,2023-11-12,"Flavored Coffee Pods (Pack of 10)",Chennai,750,15000,1968000
4753,2023-11-12,"Flavored Coffee Pods (Pack of 10)",Mumbai,750,15000,1968000
4756,2023-11-12,"Flavored Coffee Pods (Pack of 10)",Kolkata,750,7500,1968000
4757,2023-11-12,"Flavored Coffee Pods (Pack of 10)",Pune,750,15000,1968000
4788,2023-11-13,"Flavored Coffee Pods (Pack of 10)",Pune,750,7500,2021250
4787,2023-11-13,"Flavored Coffee Pods (Pack of 10)",Bangalore,750,5250,2021250
4791,2023-11-13,"Flavored Coffee Pods (Pack of 10)",Hyderabad,750,9000,2021250
4786,2023-11-13,"Flavored Coffee Pods (Pack of 10)",Delhi,750,3750,2021250
4790,2023-11-13,"Flavored Coffee Pods (Pack of 10)",Chennai,750,12750,2021250
4789,2023-11-13,"Flavored Coffee Pods (Pack of 10)",Delhi,750,15000,2021250
4822,2023-11-14,"Flavored Coffee Pods (Pack of 10)",Pune,750,14250,2082750
4821,2023-11-14,"Flavored Coffee Pods (Pack of 10)",Kolkata,750,14250,2082750
4819,2023-11-14,"Flavored Coffee Pods (Pack of 10)",Pune,750,12750,2082750
4820,2023-11-14,"Flavored Coffee Pods (Pack of 10)",Bangalore,750,11250,2082750
4823,2023-11-14,"Flavored Coffee Pods (Pack of 10)",Jaipur,750,9000,2082750
4855,2023-11-15,"Flavored Coffee Pods (Pack of 10)",Jaipur,750,12000,2118750
4852,2023-11-15,"Flavored Coffee Pods (Pack of 10)",Chennai,750,5250,2118750
4854,2023-11-15,"Flavored Coffee Pods (Pack of 10)",Kolkata,750,9750,2118750
4853,2023-11-15,"Flavored Coffee Pods (Pack of 10)",Kolkata,750,9000,2118750
4882,2023-11-16,"Flavored Coffee Pods (Pack of 10)",Mumbai,750,7500,2126250
4901,2023-11-17,"Flavored Coffee Pods (Pack of 10)",Pune,750,4500,2130750
4932,2023-11-18,"Flavored Coffee Pods (Pack of 10)",Mumbai,750,15000,2180250
4931,2023-11-18,"Flavored Coffee Pods (Pack of 10)",Jaipur,750,15000,2180250
4933,2023-11-18,"Flavored Coffee Pods (Pack of 10)",Delhi,750,6750,2180250
4934,2023-11-18,"Flavored Coffee Pods (Pack of 10)",Jaipur,750,12750,2180250
4977,2023-11-19,"Flavored Coffee Pods (Pack of 10)",Nagpur,750,6750,2205750
4976,2023-11-19,"Flavored Coffee Pods (Pack of 10)",Pune,750,15000,2205750
4975,2023-11-19,"Flavored Coffee Pods (Pack of 10)",Bangalore,750,3750,2205750
5001,2023-11-20,"Flavored Coffee Pods (Pack of 10)",Bangalore,750,3750,2209500
5028,2023-11-21,"Flavored Coffee Pods (Pack of 10)",Jaipur,750,3750,2240250
5029,2023-11-21,"Flavored Coffee Pods (Pack of 10)",Nagpur,750,12750,2240250
5027,2023-11-21,"Flavored Coffee Pods (Pack of 10)",Hyderabad,750,9750,2240250
5026,2023-11-21,"Flavored Coffee Pods (Pack of 10)",Kolkata,750,4500,2240250
5080,2023-11-23,"Flavored Coffee Pods (Pack of 10)",Pune,750,4500,2287500
5079,2023-11-23,"Flavored Coffee Pods (Pack of 10)",Bangalore,750,8250,2287500
5078,2023-11-23,"Flavored Coffee Pods (Pack of 10)",Jaipur,750,11250,2287500
5076,2023-11-23,"Flavored Coffee Pods (Pack of 10)",Lucknow,750,9750,2287500
5077,2023-11-23,"Flavored Coffee Pods (Pack of 10)",Jaipur,750,13500,2287500
5103,2023-11-24,"Flavored Coffee Pods (Pack of 10)",Pune,750,9000,2296500
5125,2023-11-25,"Flavored Coffee Pods (Pack of 10)",Pune,750,11250,2307750
5154,2023-11-26,"Flavored Coffee Pods (Pack of 10)",Pune,750,5250,2313000
5182,2023-11-27,"Flavored Coffee Pods (Pack of 10)",Mumbai,750,6750,2335500
5183,2023-11-27,"Flavored Coffee Pods (Pack of 10)",Mumbai,750,10500,2335500
5184,2023-11-27,"Flavored Coffee Pods (Pack of 10)",Jaipur,750,5250,2335500
5211,2023-11-28,"Flavored Coffee Pods (Pack of 10)",Jaipur,750,12750,2355750
5212,2023-11-28,"Flavored Coffee Pods (Pack of 10)",Chennai,750,7500,2355750
5242,2023-11-29,"Flavored Coffee Pods (Pack of 10)",Chennai,750,11250,2377500
5240,2023-11-29,"Flavored Coffee Pods (Pack of 10)",Chennai,750,3750,2377500
5241,2023-11-29,"Flavored Coffee Pods (Pack of 10)",Indore,750,6750,2377500
5271,2023-11-30,"Flavored Coffee Pods (Pack of 10)",Chennai,750,14250,2399250
5270,2023-11-30,"Flavored Coffee Pods (Pack of 10)",Delhi,750,7500,2399250
5316,2023-12-01,"Flavored Coffee Pods (Pack of 10)",Kolkata,750,4500,2448000
5320,2023-12-01,"Flavored Coffee Pods (Pack of 10)",Delhi,750,13500,2448000
5319,2023-12-01,"Flavored Coffee Pods (Pack of 10)",Bangalore,750,12750,2448000
5318,2023-12-01,"Flavored Coffee Pods (Pack of 10)",Chennai,750,10500,2448000
5317,2023-12-01,"Flavored Coffee Pods (Pack of 10)",Pune,750,7500,2448000
5364,2023-12-02,"Flavored Coffee Pods (Pack of 10)",Bangalore,750,11250,2497500
5365,2023-12-02,"Flavored Coffee Pods (Pack of 10)",Bangalore,750,12750,2497500
5363,2023-12-02,"Flavored Coffee Pods (Pack of 10)",Jaipur,750,10500,2497500
5366,2023-12-02,"Flavored Coffee Pods (Pack of 10)",Hyderabad,750,3750,2497500
5362,2023-12-02,"Flavored Coffee Pods (Pack of 10)",Jaipur,750,11250,2497500
5400,2023-12-03,"Flavored Coffee Pods (Pack of 10)",Chennai,750,6000,2503500
5421,2023-12-04,"Flavored Coffee Pods (Pack of 10)",Chennai,750,6000,2548500
5422,2023-12-04,"Flavored Coffee Pods (Pack of 10)",Mumbai,750,6000,2548500
5423,2023-12-04,"Flavored Coffee Pods (Pack of 10)",Lucknow,750,6000,2548500
5420,2023-12-04,"Flavored Coffee Pods (Pack of 10)",Surat,750,13500,2548500
5419,2023-12-04,"Flavored Coffee Pods (Pack of 10)",Bangalore,750,13500,2548500
5449,2023-12-05,"Flavored Coffee Pods (Pack of 10)",Chennai,750,15000,2563500
5466,2023-12-06,"Flavored Coffee Pods (Pack of 10)",Delhi,750,8250,2571750
5496,2023-12-07,"Flavored Coffee Pods (Pack of 10)",Bangalore,750,14250,2589750
5495,2023-12-07,"Flavored Coffee Pods (Pack of 10)",Jaipur,750,3750,2589750
5529,2023-12-08,"Flavored Coffee Pods (Pack of 10)",Pune,750,9750,2632500
5531,2023-12-08,"Flavored Coffee Pods (Pack of 10)",Nagpur,750,3750,2632500
5533,2023-12-08,"Flavored Coffee Pods (Pack of 10)",Delhi,750,10500,2632500
5532,2023-12-08,"Flavored Coffee Pods (Pack of 10)",Pune,750,14250,2632500
5530,2023-12-08,"Flavored Coffee Pods (Pack of 10)",Mumbai,750,4500,2632500
5564,2023-12-09,"Flavored Coffee Pods (Pack of 10)",Lucknow,750,9750,2642250
5599,2023-12-10,"Flavored Coffee Pods (Pack of 10)",Hyderabad,750,4500,2676000
5598,2023-12-10,"Flavored Coffee Pods (Pack of 10)",Jaipur,750,4500,2676000
5595,2023-12-10,"Flavored Coffee Pods (Pack of 10)",Pune,750,3750,2676000
5596,2023-12-10,"Flavored Coffee Pods (Pack of 10)",Bangalore,750,9750,2676000
5597,2023-12-10,"Flavored Coffee Pods (Pack of 10)",Chennai,750,11250,2676000
5624,2023-12-11,"Flavored Coffee Pods (Pack of 10)",Chennai,750,14250,2718000
5623,2023-12-11,"Flavored Coffee Pods (Pack of 10)",Bangalore,750,12000,2718000
5626,2023-12-11,"Flavored Coffee Pods (Pack of 10)",Pune,750,6000,2718000
5625,2023-12-11,"Flavored Coffee Pods (Pack of 10)",Indore,750,9750,2718000
5647,2023-12-12,"Flavored Coffee Pods (Pack of 10)",Delhi,750,5250,2742000
5649,2023-12-12,"Flavored Coffee Pods (Pack of 10)",Delhi,750,9750,2742000
5648,2023-12-12,"Flavored Coffee Pods (Pack of 10)",Pune,750,9000,2742000
5667,2023-12-13,"Flavored Coffee Pods (Pack of 10)",Kolkata,750,3750,2764500
5669,2023-12-13,"Flavored Coffee Pods (Pack of 10)",Hyderabad,750,9750,2764500
5668,2023-12-13,"Flavored Coffee Pods (Pack of 10)",Pune,750,9000,2764500
5694,2023-12-14,"Flavored Coffee Pods (Pack of 10)",Surat,750,4500,2801250
5696,2023-12-14,"Flavored Coffee Pods (Pack of 10)",Hyderabad,750,14250,2801250
5693,2023-12-14,"Flavored Coffee Pods (Pack of 10)",Jaipur,750,10500,2801250
5695,2023-12-14,"Flavored Coffee Pods (Pack of 10)",Jaipur,750,7500,2801250
5714,2023-12-15,"Flavored Coffee Pods (Pack of 10)",Bangalore,750,3750,2805000
5743,2023-12-16,"Flavored Coffee Pods (Pack of 10)",Pune,750,5250,2833500
5745,2023-12-16,"Flavored Coffee Pods (Pack of 10)",Jaipur,750,9000,2833500
5744,2023-12-16,"Flavored Coffee Pods (Pack of 10)",Chennai,750,14250,2833500
5770,2023-12-17,"Flavored Coffee Pods (Pack of 10)",Delhi,750,9000,2846250
5769,2023-12-17,"Flavored Coffee Pods (Pack of 10)",Surat,750,3750,2846250
5804,2023-12-18,"Flavored Coffee Pods (Pack of 10)",Lucknow,750,9750,2856000
5827,2023-12-19,"Flavored Coffee Pods (Pack of 10)",Pune,750,7500,2877750
5828,2023-12-19,"Flavored Coffee Pods (Pack of 10)",Jaipur,750,14250,2877750
18,2023-01-03,"French Press Coffee Set",Chennai,1200,24000,24000
59,2023-01-07,"French Press Coffee Set",Bangalore,1200,15600,39600
91,2023-01-11,"French Press Coffee Set",Pune,1200,24000,63600
99,2023-01-12,"French Press Coffee Set",Bangalore,1200,9600,73200
172,2023-01-19,"French Press Coffee Set",Surat,1200,21600,94800
206,2023-01-23,"French Press Coffee Set",Bangalore,1200,19200,114000
262,2023-01-27,"French Press Coffee Set",Bangalore,1200,10800,124800
292,2023-01-30,"French Press Coffee Set",Jaipur,1200,12000,136800
308,2023-01-31,"French Press Coffee Set",Ahmedabad,1200,16800,153600
401,2023-02-09,"French Press Coffee Set",Chennai,1200,20400,174000
416,2023-02-10,"French Press Coffee Set",Chennai,1200,14400,199200
417,2023-02-10,"French Press Coffee Set",Kanpur,1200,10800,199200
437,2023-02-12,"French Press Coffee Set",Mumbai,1200,12000,211200
457,2023-02-14,"French Press Coffee Set",Indore,1200,13200,224400
467,2023-02-15,"French Press Coffee Set",Pune,1200,16800,241200
486,2023-02-16,"French Press Coffee Set",Mumbai,1200,14400,255600
517,2023-02-20,"French Press Coffee Set",Pune,1200,22800,278400
557,2023-02-23,"French Press Coffee Set",Chennai,1200,7200,285600
627,2023-03-01,"French Press Coffee Set",Chennai,1200,8400,303600
628,2023-03-01,"French Press Coffee Set",Jaipur,1200,9600,303600
692,2023-03-05,"French Press Coffee Set",Bangalore,1200,15600,319200
705,2023-03-06,"French Press Coffee Set",Ahmedabad,1200,19200,338400
737,2023-03-09,"French Press Coffee Set",Jaipur,1200,7200,345600
811,2023-03-15,"French Press Coffee Set",Pune,1200,19200,364800
833,2023-03-17,"French Press Coffee Set",Kolkata,1200,6000,385200
832,2023-03-17,"French Press Coffee Set",Delhi,1200,14400,385200
860,2023-03-20,"French Press Coffee Set",Pune,1200,14400,399600
868,2023-03-21,"French Press Coffee Set",Bangalore,1200,6000,429600
869,2023-03-21,"French Press Coffee Set",Hyderabad,1200,13200,429600
867,2023-03-21,"French Press Coffee Set",Indore,1200,10800,429600
878,2023-03-22,"French Press Coffee Set",Pune,1200,22800,452400
908,2023-03-25,"French Press Coffee Set",Chennai,1200,14400,466800
936,2023-03-29,"French Press Coffee Set",Delhi,1200,7200,474000
949,2023-03-30,"French Press Coffee Set",Pune,1200,22800,496800
993,2023-04-02,"French Press Coffee Set",Bangalore,1200,18000,514800
1037,2023-04-06,"French Press Coffee Set",Bangalore,1200,24000,538800
1063,2023-04-08,"French Press Coffee Set",Jaipur,1200,21600,580800
1062,2023-04-08,"French Press Coffee Set",Chennai,1200,20400,580800
1094,2023-04-10,"French Press Coffee Set",Pune,1200,21600,602400
1118,2023-04-13,"French Press Coffee Set",Bangalore,1200,13200,615600
1143,2023-04-15,"French Press Coffee Set",Delhi,1200,20400,636000
1158,2023-04-17,"French Press Coffee Set",Chennai,1200,13200,649200
1206,2023-04-22,"French Press Coffee Set",Bangalore,1200,24000,673200
1222,2023-04-23,"French Press Coffee Set",Ahmedabad,1200,16800,690000
1244,2023-04-25,"French Press Coffee Set",Chennai,1200,22800,728400
1245,2023-04-25,"French Press Coffee Set",Pune,1200,15600,728400
1266,2023-04-27,"French Press Coffee Set",Mumbai,1200,16800,745200
1279,2023-04-28,"French Press Coffee Set",Kolkata,1200,15600,760800
1356,2023-05-04,"French Press Coffee Set",Pune,1200,12000,772800
1390,2023-05-07,"French Press Coffee Set",Bangalore,1200,10800,783600
1398,2023-05-08,"French Press Coffee Set",Ahmedabad,1200,22800,806400
1415,2023-05-09,"French Press Coffee Set",Chennai,1200,20400,826800
1427,2023-05-10,"French Press Coffee Set",Pune,1200,24000,850800
1439,2023-05-11,"French Press Coffee Set",Delhi,1200,19200,870000
1483,2023-05-15,"French Press Coffee Set",Pune,1200,12000,882000
1544,2023-05-21,"French Press Coffee Set",Pune,1200,13200,895200
1557,2023-05-22,"French Press Coffee Set",Mumbai,1200,20400,915600
1570,2023-05-23,"French Press Coffee Set",Bangalore,1200,13200,928800
1647,2023-05-31,"French Press Coffee Set",Chennai,1200,10800,939600
1684,2023-06-03,"French Press Coffee Set",Delhi,1200,20400,960000
1697,2023-06-04,"French Press Coffee Set",Bangalore,1200,21600,981600
1752,2023-06-08,"French Press Coffee Set",Indore,1200,24000,1005600
1847,2023-06-18,"French Press Coffee Set",Pune,1200,19200,1024800
1869,2023-06-21,"French Press Coffee Set",Jaipur,1200,24000,1048800
1893,2023-06-24,"French Press Coffee Set",Mumbai,1200,12000,1060800
1939,2023-06-30,"French Press Coffee Set",Bangalore,1200,16800,1093200
1938,2023-06-30,"French Press Coffee Set",Chennai,1200,15600,1093200
1947,2023-07-01,"French Press Coffee Set",Chennai,1200,8400,1101600
2060,2023-07-11,"French Press Coffee Set",Pune,1200,8400,1110000
2101,2023-07-15,"French Press Coffee Set",Pune,1200,24000,1134000
2135,2023-07-18,"French Press Coffee Set",Chennai,1200,24000,1158000
2264,2023-07-29,"French Press Coffee Set",Pune,1200,14400,1172400
3586,2023-10-02,"French Press Coffee Set",Pune,1200,6000,1202400
3587,2023-10-02,"French Press Coffee Set",Lucknow,1200,12000,1202400
3585,2023-10-02,"French Press Coffee Set",Chennai,1200,12000,1202400
3617,2023-10-03,"French Press Coffee Set",Bangalore,1200,22800,1263600
3618,2023-10-03,"French Press Coffee Set",Pune,1200,22800,1263600
3619,2023-10-03,"French Press Coffee Set",Jaipur,1200,8400,1263600
3620,2023-10-03,"French Press Coffee Set",Pune,1200,7200,1263600
3651,2023-10-04,"French Press Coffee Set",Pune,1200,14400,1306800
3649,2023-10-04,"French Press Coffee Set",Bangalore,1200,15600,1306800
3650,2023-10-04,"French Press Coffee Set",Chennai,1200,13200,1306800
3673,2023-10-05,"French Press Coffee Set",Kolkata,1200,24000,1336800
3674,2023-10-05,"French Press Coffee Set",Delhi,1200,6000,1336800
3707,2023-10-06,"French Press Coffee Set",Chennai,1200,12000,1368000
3708,2023-10-06,"French Press Coffee Set",Jaipur,1200,19200,1368000
3751,2023-10-07,"French Press Coffee Set",Delhi,1200,21600,1405200
3750,2023-10-07,"French Press Coffee Set",Delhi,1200,7200,1405200
3749,2023-10-07,"French Press Coffee Set",Chennai,1200,8400,1405200
3768,2023-10-08,"French Press Coffee Set",Chennai,1200,16800,1460400
3767,2023-10-08,"French Press Coffee Set",Pune,1200,16800,1460400
3769,2023-10-08,"French Press Coffee Set",Pune,1200,21600,1460400
3793,2023-10-09,"French Press Coffee Set",Bangalore,1200,6000,1466400
3823,2023-10-10,"French Press Coffee Set",Mumbai,1200,10800,1477200
3850,2023-10-11,"French Press Coffee Set",Surat,1200,9600,1507200
3849,2023-10-11,"French Press Coffee Set",Pune,1200,20400,1507200
3880,2023-10-12,"French Press Coffee Set",Delhi,1200,13200,1542000
3879,2023-10-12,"French Press Coffee Set",Jaipur,1200,21600,1542000
3910,2023-10-13,"French Press Coffee Set",Kolkata,1200,16800,1599600
3909,2023-10-13,"French Press Coffee Set",Jaipur,1200,18000,1599600
3911,2023-10-13,"French Press Coffee Set",Chennai,1200,22800,1599600
3942,2023-10-14,"French Press Coffee Set",Bangalore,1200,12000,1674000
3939,2023-10-14,"French Press Coffee Set",Jaipur,1200,22800,1674000
3941,2023-10-14,"French Press Coffee Set",Pune,1200,16800,1674000
3940,2023-10-14,"French Press Coffee Set",Pune,1200,22800,1674000
3969,2023-10-15,"French Press Coffee Set",Delhi,1200,8400,1682400
3992,2023-10-16,"French Press Coffee Set",Ahmedabad,1200,10800,1717200
3993,2023-10-16,"French Press Coffee Set",Delhi,1200,24000,1717200
4015,2023-10-17,"French Press Coffee Set",Delhi,1200,15600,1732800
4042,2023-10-18,"French Press Coffee Set",Chennai,1200,22800,1774800
4041,2023-10-18,"French Press Coffee Set",Jaipur,1200,19200,1774800
4072,2023-10-19,"French Press Coffee Set",Delhi,1200,16800,1801200
4071,2023-10-19,"French Press Coffee Set",Delhi,1200,9600,1801200
4114,2023-10-21,"French Press Coffee Set",Pune,1200,19200,1820400
4137,2023-10-22,"French Press Coffee Set",Hyderabad,1200,21600,1842000
4177,2023-10-23,"French Press Coffee Set",Jaipur,1200,16800,1885200
4176,2023-10-23,"French Press Coffee Set",Kanpur,1200,10800,1885200
4175,2023-10-23,"French Press Coffee Set",Surat,1200,15600,1885200
4205,2023-10-24,"French Press Coffee Set",Indore,1200,15600,1930800
4203,2023-10-24,"French Press Coffee Set",Chennai,1200,8400,1930800
4204,2023-10-24,"French Press Coffee Set",Pune,1200,21600,1930800
4229,2023-10-25,"French Press Coffee Set",Pune,1200,12000,1942800
4253,2023-10-26,"French Press Coffee Set",Chennai,1200,20400,1986000
4254,2023-10-26,"French Press Coffee Set",Pune,1200,22800,1986000
4278,2023-10-27,"French Press Coffee Set",Pune,1200,14400,2056800
4281,2023-10-27,"French Press Coffee Set",Chennai,1200,10800,2056800
4277,2023-10-27,"French Press Coffee Set",Pune,1200,10800,2056800
4279,2023-10-27,"French Press Coffee Set",Delhi,1200,16800,2056800
4280,2023-10-27,"French Press Coffee Set",Delhi,1200,10800,2056800
4282,2023-10-27,"French Press Coffee Set",Pune,1200,7200,2056800
4315,2023-10-28,"French Press Coffee Set",Jaipur,1200,7200,2107200
4313,2023-10-28,"French Press Coffee Set",Delhi,1200,21600,2107200
4314,2023-10-28,"French Press Coffee Set",Bangalore,1200,21600,2107200
4341,2023-10-29,"French Press Coffee Set",Bangalore,1200,22800,2130000
4382,2023-10-31,"French Press Coffee Set",Bangalore,1200,10800,2198400
4379,2023-10-31,"French Press Coffee Set",Pune,1200,24000,2198400
4381,2023-10-31,"French Press Coffee Set",Pune,1200,9600,2198400
4380,2023-10-31,"French Press Coffee Set",Kanpur,1200,24000,2198400
4404,2023-11-01,"French Press Coffee Set",Chennai,1200,24000,2270400
4402,2023-11-01,"French Press Coffee Set",Jaipur,1200,22800,2270400
4401,2023-11-01,"French Press Coffee Set",Jaipur,1200,9600,2270400
4400,2023-11-01,"French Press Coffee Set",Hyderabad,1200,8400,2270400
4403,2023-11-01,"French Press Coffee Set",Hyderabad,1200,7200,2270400
4444,2023-11-02,"French Press Coffee Set",Pune,1200,24000,2326800
4443,2023-11-02,"French Press Coffee Set",Bangalore,1200,16800,2326800
4445,2023-11-02,"French Press Coffee Set",Bangalore,1200,15600,2326800
4482,2023-11-03,"French Press Coffee Set",Pune,1200,19200,2426400
4481,2023-11-03,"French Press Coffee Set",Lucknow,1200,12000,2426400
4480,2023-11-03,"French Press Coffee Set",Mumbai,1200,24000,2426400
4478,2023-11-03,"French Press Coffee Set",Kanpur,1200,7200,2426400
4477,2023-11-03,"French Press Coffee Set",Jaipur,1200,8400,2426400
4479,2023-11-03,"French Press Coffee Set",Pune,1200,6000,2426400
4476,2023-11-03,"French Press Coffee Set",Delhi,1200,6000,2426400
4483,2023-11-03,"French Press Coffee Set",Delhi,1200,16800,2426400
4508,2023-11-04,"French Press Coffee Set",Surat,1200,24000,2479200
4507,2023-11-04,"French Press Coffee Set",Chennai,1200,6000,2479200
4506,2023-11-04,"French Press Coffee Set",Jaipur,1200,22800,2479200
4545,2023-11-05,"French Press Coffee Set",Delhi,1200,24000,2550000
4547,2023-11-05,"French Press Coffee Set",Chennai,1200,13200,2550000
4546,2023-11-05,"French Press Coffee Set",Chennai,1200,6000,2550000
4544,2023-11-05,"French Press Coffee Set",Nagpur,1200,18000,2550000
4543,2023-11-05,"French Press Coffee Set",Indore,1200,9600,2550000
4578,2023-11-06,"French Press Coffee Set",Kanpur,1200,6000,2556000
4633,2023-11-08,"French Press Coffee Set",Kanpur,1200,21600,2596800
4634,2023-11-08,"French Press Coffee Set",Chennai,1200,19200,2596800
4661,2023-11-09,"French Press Coffee Set",Indore,1200,6000,2616000
4660,2023-11-09,"French Press Coffee Set",Surat,1200,13200,2616000
4687,2023-11-10,"French Press Coffee Set",Kolkata,1200,19200,2658000
4686,2023-11-10,"French Press Coffee Set",Bangalore,1200,22800,2658000
4720,2023-11-11,"French Press Coffee Set",Pune,1200,13200,2692800
4719,2023-11-11,"French Press Coffee Set",Pune,1200,21600,2692800
4751,2023-11-12,"French Press Coffee Set",Chennai,1200,8400,2728800
4750,2023-11-12,"French Press Coffee Set",Chennai,1200,18000,2728800
4749,2023-11-12,"French Press Coffee Set",Pune,1200,9600,2728800
4782,2023-11-13,"French Press Coffee Set",Pune,1200,19200,2772000
4783,2023-11-13,"French Press Coffee Set",Pune,1200,24000,2772000
4813,2023-11-14,"French Press Coffee Set",Delhi,1200,24000,2820000
4814,2023-11-14,"French Press Coffee Set",Delhi,1200,24000,2820000
4879,2023-11-16,"French Press Coffee Set",Ahmedabad,1200,18000,2838000
4899,2023-11-17,"French Press Coffee Set",Chennai,1200,14400,2852400
4927,2023-11-18,"French Press Coffee Set",Bangalore,1200,16800,2889600
4926,2023-11-18,"French Press Coffee Set",Delhi,1200,10800,2889600
4925,2023-11-18,"French Press Coffee Set",Pune,1200,9600,2889600
4967,2023-11-19,"French Press Coffee Set",Kolkata,1200,14400,2958000
4965,2023-11-19,"French Press Coffee Set",Chennai,1200,10800,2958000
4969,2023-11-19,"French Press Coffee Set",Kolkata,1200,12000,2958000
4968,2023-11-19,"French Press Coffee Set",Pune,1200,24000,2958000
4966,2023-11-19,"French Press Coffee Set",Bangalore,1200,7200,2958000
4995,2023-11-20,"French Press Coffee Set",Mumbai,1200,24000,3006000
4998,2023-11-20,"French Press Coffee Set",Jaipur,1200,6000,3006000
4997,2023-11-20,"French Press Coffee Set",Kanpur,1200,8400,3006000
4996,2023-11-20,"French Press Coffee Set",Pune,1200,9600,3006000
5020,2023-11-21,"French Press Coffee Set",Pune,1200,6000,3060000
5022,2023-11-21,"French Press Coffee Set",Hyderabad,1200,24000,3060000
5021,2023-11-21,"French Press Coffee Set",Chennai,1200,24000,3060000
5049,2023-11-22,"French Press Coffee Set",Pune,1200,18000,3085200
5050,2023-11-22,"French Press Coffee Set",Pune,1200,7200,3085200
5072,2023-11-23,"French Press Coffee Set",Kolkata,1200,18000,3117600
5073,2023-11-23,"French Press Coffee Set",Jaipur,1200,14400,3117600
5100,2023-11-24,"French Press Coffee Set",Chennai,1200,9600,3139200
5101,2023-11-24,"French Press Coffee Set",Jaipur,1200,12000,3139200
5122,2023-11-25,"French Press Coffee Set",Jaipur,1200,16800,3172800
5121,2023-11-25,"French Press Coffee Set",Jaipur,1200,16800,3172800
5152,2023-11-26,"French Press Coffee Set",Chennai,1200,21600,3208800
5153,2023-11-26,"French Press Coffee Set",Delhi,1200,14400,3208800
5177,2023-11-27,"French Press Coffee Set",Pune,1200,16800,3242400
5178,2023-11-27,"French Press Coffee Set",Indore,1200,16800,3242400
5235,2023-11-29,"French Press Coffee Set",Kanpur,1200,20400,3310800
5233,2023-11-29,"French Press Coffee Set",Surat,1200,15600,3310800
5232,2023-11-29,"French Press Coffee Set",Pune,1200,6000,3310800
5234,2023-11-29,"French Press Coffee Set",Jaipur,1200,15600,3310800
5231,2023-11-29,"French Press Coffee Set",Delhi,1200,10800,3310800
5267,2023-11-30,"French Press Coffee Set",Pune,1200,18000,3328800
5308,2023-12-01,"French Press Coffee Set",Ahmedabad,1200,19200,3415200
5305,2023-12-01,"French Press Coffee Set",Hyderabad,1200,20400,3415200
5307,2023-12-01,"French Press Coffee Set",Delhi,1200,12000,3415200
5304,2023-12-01,"French Press Coffee Set",Mumbai,1200,16800,3415200
5309,2023-12-01,"French Press Coffee Set",Delhi,1200,10800,3415200
5306,2023-12-01,"French Press Coffee Set",Chennai,1200,7200,3415200
5358,2023-12-02,"French Press Coffee Set",Hyderabad,1200,18000,3457200
5359,2023-12-02,"French Press Coffee Set",Jaipur,1200,24000,3457200
5397,2023-12-03,"French Press Coffee Set",Kolkata,1200,18000,3511200
5396,2023-12-03,"French Press Coffee Set",Indore,1200,15600,3511200
5395,2023-12-03,"French Press Coffee Set",Surat,1200,20400,3511200
5414,2023-12-04,"French Press Coffee Set",Delhi,1200,19200,3540000
5415,2023-12-04,"French Press Coffee Set",Bangalore,1200,9600,3540000
5446,2023-12-05,"French Press Coffee Set",Lucknow,1200,9600,3567600
5447,2023-12-05,"French Press Coffee Set",Pune,1200,18000,3567600
5491,2023-12-07,"French Press Coffee Set",Chennai,1200,24000,3591600
5524,2023-12-08,"French Press Coffee Set",Kolkata,1200,19200,3620400
5525,2023-12-08,"French Press Coffee Set",Kanpur,1200,9600,3620400
5559,2023-12-09,"French Press Coffee Set",Mumbai,1200,10800,3657600
5558,2023-12-09,"French Press Coffee Set",Pune,1200,14400,3657600
5560,2023-12-09,"French Press Coffee Set",Chennai,1200,12000,3657600
5592,2023-12-10,"French Press Coffee Set",Pune,1200,19200,3729600
5590,2023-12-10,"French Press Coffee Set",Pune,1200,21600,3729600
5593,2023-12-10,"French Press Coffee Set",Bangalore,1200,14400,3729600
5591,2023-12-10,"French Press Coffee Set",Jaipur,1200,6000,3729600
5589,2023-12-10,"French Press Coffee Set",Kanpur,1200,10800,3729600
5621,2023-12-11,"French Press Coffee Set",Indore,1200,20400,3763200
5620,2023-12-11,"French Press Coffee Set",Chennai,1200,13200,3763200
5641,2023-12-12,"French Press Coffee Set",Delhi,1200,10800,3798000
5642,2023-12-12,"French Press Coffee Set",Kanpur,1200,24000,3798000
5662,2023-12-13,"French Press Coffee Set",Lucknow,1200,6000,3804000
5688,2023-12-14,"French Press Coffee Set",Lucknow,1200,21600,3858000
5689,2023-12-14,"French Press Coffee Set",Pune,1200,21600,3858000
5687,2023-12-14,"French Press Coffee Set",Delhi,1200,10800,3858000
5711,2023-12-15,"French Press Coffee Set",Chennai,1200,6000,3877200
5710,2023-12-15,"French Press Coffee Set",Chennai,1200,13200,3877200
5739,2023-12-16,"French Press Coffee Set",Jaipur,1200,19200,3915600
5740,2023-12-16,"French Press Coffee Set",Jaipur,1200,19200,3915600
5766,2023-12-17,"French Press Coffee Set",Kanpur,1200,8400,3937200
5765,2023-12-17,"French Press Coffee Set",Mumbai,1200,13200,3937200
5797,2023-12-18,"French Press Coffee Set",Kanpur,1200,16800,3984000
5798,2023-12-18,"French Press Coffee Set",Pune,1200,8400,3984000
5796,2023-12-18,"French Press Coffee Set",Pune,1200,21600,3984000
5825,2023-12-19,"French Press Coffee Set",Pune,1200,10800,3994800
104,2023-01-12,"Glass Coffee Jar (500ml)",Mumbai,300,5400,5400
127,2023-01-15,"Glass Coffee Jar (500ml)",Bangalore,300,4800,10200
142,2023-01-16,"Glass Coffee Jar (500ml)",Pune,300,1500,11700
190,2023-01-21,"Glass Coffee Jar (500ml)",Bangalore,300,2100,13800
199,2023-01-22,"Glass Coffee Jar (500ml)",Bangalore,300,4200,18000
231,2023-01-24,"Glass Coffee Jar (500ml)",Delhi,300,5700,23700
253,2023-01-26,"Glass Coffee Jar (500ml)",Nagpur,300,3300,27000
267,2023-01-27,"Glass Coffee Jar (500ml)",Pune,300,2100,29100
299,2023-01-30,"Glass Coffee Jar (500ml)",Nagpur,300,2400,31500
370,2023-02-05,"Glass Coffee Jar (500ml)",Pune,300,4500,36000
394,2023-02-08,"Glass Coffee Jar (500ml)",Indore,300,3600,39600
421,2023-02-10,"Glass Coffee Jar (500ml)",Pune,300,2700,42300
441,2023-02-12,"Glass Coffee Jar (500ml)",Delhi,300,2100,44400
461,2023-02-14,"Glass Coffee Jar (500ml)",Chennai,300,2400,51600
460,2023-02-14,"Glass Coffee Jar (500ml)",Pune,300,4800,51600
474,2023-02-15,"Glass Coffee Jar (500ml)",Delhi,300,1500,53100
534,2023-02-21,"Glass Coffee Jar (500ml)",Chennai,300,2700,55800
563,2023-02-23,"Glass Coffee Jar (500ml)",Pune,300,3600,61500
564,2023-02-23,"Glass Coffee Jar (500ml)",Pune,300,2100,61500
613,2023-02-27,"Glass Coffee Jar (500ml)",Kanpur,300,2100,63600
635,2023-03-01,"Glass Coffee Jar (500ml)",Bangalore,300,5400,69000
652,2023-03-02,"Glass Coffee Jar (500ml)",Pune,300,4200,73200
667,2023-03-03,"Glass Coffee Jar (500ml)",Chennai,300,3300,76500
701,2023-03-05,"Glass Coffee Jar (500ml)",Chennai,300,5700,82200
708,2023-03-06,"Glass Coffee Jar (500ml)",Bangalore,300,2700,84900
792,2023-03-13,"Glass Coffee Jar (500ml)",Chennai,300,2400,87300
850,2023-03-18,"Glass Coffee Jar (500ml)",Pune,300,5100,92400
862,2023-03-20,"Glass Coffee Jar (500ml)",Bangalore,300,5400,97800
892,2023-03-23,"Glass Coffee Jar (500ml)",Bangalore,300,3900,106500
893,2023-03-23,"Glass Coffee Jar (500ml)",Mumbai,300,4800,106500
900,2023-03-24,"Glass Coffee Jar (500ml)",Bangalore,300,1500,108000
917,2023-03-26,"Glass Coffee Jar (500ml)",Surat,300,5400,113400
927,2023-03-27,"Glass Coffee Jar (500ml)",Pune,300,2400,115800
932,2023-03-28,"Glass Coffee Jar (500ml)",Chennai,300,3000,118800
942,2023-03-29,"Glass Coffee Jar (500ml)",Jaipur,300,3600,122400
956,2023-03-30,"Glass Coffee Jar (500ml)",Kanpur,300,2700,125100
974,2023-03-31,"Glass Coffee Jar (500ml)",Pune,300,5100,130200
986,2023-04-01,"Glass Coffee Jar (500ml)",Pune,300,4500,134700
1099,2023-04-10,"Glass Coffee Jar (500ml)",Pune,300,4800,139500
1190,2023-04-20,"Glass Coffee Jar (500ml)",Jaipur,300,5400,144900
1226,2023-04-23,"Glass Coffee Jar (500ml)",Chennai,300,1500,146400
1272,2023-04-27,"Glass Coffee Jar (500ml)",Jaipur,300,3000,149400
1303,2023-04-30,"Glass Coffee Jar (500ml)",Pune,300,6000,155400
1321,2023-05-01,"Glass Coffee Jar (500ml)",Chennai,300,3000,161700
1322,2023-05-01,"Glass Coffee Jar (500ml)",Delhi,300,3300,161700
1347,2023-05-03,"Glass Coffee Jar (500ml)",Chennai,300,2700,164400
1365,2023-05-04,"Glass Coffee Jar (500ml)",Bangalore,300,1500,165900
1404,2023-05-08,"Glass Coffee Jar (500ml)",Bangalore,300,3300,169200
1422,2023-05-09,"Glass Coffee Jar (500ml)",Mumbai,300,6000,175200
1464,2023-05-13,"Glass Coffee Jar (500ml)",Bangalore,300,4200,179400
1477,2023-05-14,"Glass Coffee Jar (500ml)",Bangalore,300,3600,187200
1476,2023-05-14,"Glass Coffee Jar (500ml)",Pune,300,4200,187200
1548,2023-05-21,"Glass Coffee Jar (500ml)",Pune,300,2100,192300
1547,2023-05-21,"Glass Coffee Jar (500ml)",Pune,300,3000,192300
1575,2023-05-23,"Glass Coffee Jar (500ml)",Pune,300,1800,197700
1574,2023-05-23,"Glass Coffee Jar (500ml)",Bangalore,300,3600,197700
1679,2023-06-02,"Glass Coffee Jar (500ml)",Delhi,300,5100,208500
1678,2023-06-02,"Glass Coffee Jar (500ml)",Lucknow,300,5700,208500
1734,2023-06-06,"Glass Coffee Jar (500ml)",Delhi,300,1500,210000
1747,2023-06-07,"Glass Coffee Jar (500ml)",Bangalore,300,3000,213000
1757,2023-06-08,"Glass Coffee Jar (500ml)",Chennai,300,2400,215400
1792,2023-06-11,"Glass Coffee Jar (500ml)",Mumbai,300,3000,218400
1798,2023-06-12,"Glass Coffee Jar (500ml)",Pune,300,5100,223500
1814,2023-06-14,"Glass Coffee Jar (500ml)",Chennai,300,1500,231000
1813,2023-06-14,"Glass Coffee Jar (500ml)",Bangalore,300,6000,231000
1936,2023-06-29,"Glass Coffee Jar (500ml)",Pune,300,5700,236700
1957,2023-07-01,"Glass Coffee Jar (500ml)",Jaipur,300,3600,240300
2001,2023-07-05,"Glass Coffee Jar (500ml)",Chennai,300,2700,243000
2014,2023-07-06,"Glass Coffee Jar (500ml)",Bangalore,300,4500,247500
2065,2023-07-11,"Glass Coffee Jar (500ml)",Jaipur,300,3300,250800
2104,2023-07-15,"Glass Coffee Jar (500ml)",Chennai,300,1500,252300
2162,2023-07-20,"Glass Coffee Jar (500ml)",Jaipur,300,5400,262200
2163,2023-07-20,"Glass Coffee Jar (500ml)",Pune,300,4500,262200
2191,2023-07-22,"Glass Coffee Jar (500ml)",Jaipur,300,2700,264900
2205,2023-07-23,"Glass Coffee Jar (500ml)",Pune,300,2400,267300
2215,2023-07-24,"Glass Coffee Jar (500ml)",Lucknow,300,4200,271500
2228,2023-07-25,"Glass Coffee Jar (500ml)",Kanpur,300,5100,276600
46,2023-01-06,"Ground Espresso Coffee (250g)",Pune,350,2800,2800
58,2023-01-07,"Ground Espresso Coffee (250g)",Jaipur,350,3150,5950
89,2023-01-11,"Ground Espresso Coffee (250g)",Pune,350,6650,12600
107,2023-01-13,"Ground Espresso Coffee (250g)",Delhi,350,1750,14350
146,2023-01-17,"Ground Espresso Coffee (250g)",Chennai,350,3500,17850
169,2023-01-19,"Ground Espresso Coffee (250g)",Pune,350,4200,22050
179,2023-01-20,"Ground Espresso Coffee (250g)",Chennai,350,2800,26950
178,2023-01-20,"Ground Espresso Coffee (250g)",Jaipur,350,2100,26950
196,2023-01-22,"Ground Espresso Coffee (250g)",Bangalore,350,5250,32200
215,2023-01-24,"Ground Espresso Coffee (250g)",Chennai,350,6300,38500
235,2023-01-25,"Ground Espresso Coffee (250g)",Jaipur,350,5950,44450
288,2023-01-30,"Ground Espresso Coffee (250g)",Chennai,350,7000,51450
307,2023-01-31,"Ground Espresso Coffee (250g)",Bangalore,350,2450,53900
335,2023-02-02,"Ground Espresso Coffee (250g)",Delhi,350,4550,58450
346,2023-02-03,"Ground Espresso Coffee (250g)",Delhi,350,5250,63700
360,2023-02-04,"Ground Espresso Coffee (250g)",Chennai,350,1750,65450
398,2023-02-09,"Ground Espresso Coffee (250g)",Bangalore,350,5950,71400
414,2023-02-10,"Ground Espresso Coffee (250g)",Chennai,350,2100,73500
435,2023-02-12,"Ground Espresso Coffee (250g)",Pune,350,1750,75250
453,2023-02-14,"Ground Espresso Coffee (250g)",Bangalore,350,5250,80500
464,2023-02-15,"Ground Espresso Coffee (250g)",Bangalore,350,6650,87150
481,2023-02-16,"Ground Espresso Coffee (250g)",Pune,350,3500,90650
515,2023-02-20,"Ground Espresso Coffee (250g)",Bangalore,350,5250,95900
527,2023-02-21,"Ground Espresso Coffee (250g)",Jaipur,350,5600,101500
539,2023-02-22,"Ground Espresso Coffee (250g)",Pune,350,1750,103250
568,2023-02-24,"Ground Espresso Coffee (250g)",Kanpur,350,2100,105350
592,2023-02-26,"Ground Espresso Coffee (250g)",Hyderabad,350,6650,112000
623,2023-03-01,"Ground Espresso Coffee (250g)",Pune,350,4200,120750
624,2023-03-01,"Ground Espresso Coffee (250g)",Kolkata,350,4550,120750
660,2023-03-03,"Ground Espresso Coffee (250g)",Hyderabad,350,1750,122500
675,2023-03-04,"Ground Espresso Coffee (250g)",Surat,350,3150,125650
712,2023-03-07,"Ground Espresso Coffee (250g)",Bangalore,350,2100,127750
725,2023-03-08,"Ground Espresso Coffee (250g)",Jaipur,350,2100,129850
773,2023-03-12,"Ground Espresso Coffee (250g)",Kolkata,350,7000,136850
807,2023-03-15,"Ground Espresso Coffee (250g)",Jaipur,350,4200,141050
830,2023-03-17,"Ground Espresso Coffee (250g)",Jaipur,350,3850,144900
842,2023-03-18,"Ground Espresso Coffee (250g)",Hyderabad,350,3150,148050
864,2023-03-21,"Ground Espresso Coffee (250g)",Delhi,350,5250,157150
865,2023-03-21,"Ground Espresso Coffee (250g)",Chennai,350,3850,157150
895,2023-03-24,"Ground Espresso Coffee (250g)",Pune,350,6300,163450
991,2023-04-02,"Ground Espresso Coffee (250g)",Kanpur,350,2800,170800
990,2023-04-02,"Ground Espresso Coffee (250g)",Bangalore,350,4550,170800
1010,2023-04-03,"Ground Espresso Coffee (250g)",Pune,350,1750,172550
1020,2023-04-04,"Ground Espresso Coffee (250g)",Surat,350,7000,179550
1059,2023-04-08,"Ground Espresso Coffee (250g)",Mumbai,350,6650,186200
1071,2023-04-09,"Ground Espresso Coffee (250g)",Hyderabad,350,5600,191800
1101,2023-04-11,"Ground Espresso Coffee (250g)",Jaipur,350,3850,195650
1110,2023-04-12,"Ground Espresso Coffee (250g)",Nagpur,350,4550,200200
1167,2023-04-18,"Ground Espresso Coffee (250g)",Bangalore,350,5600,205800
1174,2023-04-19,"Ground Espresso Coffee (250g)",Delhi,350,1750,207550
1183,2023-04-20,"Ground Espresso Coffee (250g)",Surat,350,5600,213150
1217,2023-04-23,"Ground Espresso Coffee (250g)",Bangalore,350,2100,215250
1242,2023-04-25,"Ground Espresso Coffee (250g)",Bangalore,350,4550,219800
1263,2023-04-27,"Ground Espresso Coffee (250g)",Delhi,350,7000,226800
1293,2023-04-29,"Ground Espresso Coffee (250g)",Chennai,350,6300,233100
1299,2023-04-30,"Ground Espresso Coffee (250g)",Pune,350,2800,235900
1311,2023-05-01,"Ground Espresso Coffee (250g)",Delhi,350,4550,240450
1333,2023-05-02,"Ground Espresso Coffee (250g)",Pune,350,6650,247100
1388,2023-05-07,"Ground Espresso Coffee (250g)",Bangalore,350,5600,252700
1500,2023-05-17,"Ground Espresso Coffee (250g)",Jaipur,350,5600,258300
1525,2023-05-19,"Ground Espresso Coffee (250g)",Pune,350,1750,260050
1542,2023-05-21,"Ground Espresso Coffee (250g)",Surat,350,2100,262150
1555,2023-05-22,"Ground Espresso Coffee (250g)",Bangalore,350,6300,274050
1554,2023-05-22,"Ground Espresso Coffee (250g)",Bangalore,350,5600,274050
1567,2023-05-23,"Ground Espresso Coffee (250g)",Chennai,350,5250,279300
1609,2023-05-27,"Ground Espresso Coffee (250g)",Delhi,350,5250,284550
1617,2023-05-28,"Ground Espresso Coffee (250g)",Pune,350,1750,286300
1626,2023-05-29,"Ground Espresso Coffee (250g)",Delhi,350,4900,297850
1627,2023-05-29,"Ground Espresso Coffee (250g)",Chennai,350,6650,297850
1652,2023-06-01,"Ground Espresso Coffee (250g)",Mumbai,350,5600,306600
1653,2023-06-01,"Ground Espresso Coffee (250g)",Bangalore,350,3150,306600
1722,2023-06-06,"Ground Espresso Coffee (250g)",Chennai,350,5250,316050
1721,2023-06-06,"Ground Espresso Coffee (250g)",Pune,350,4200,316050
1738,2023-06-07,"Ground Espresso Coffee (250g)",Jaipur,350,4200,320250
1750,2023-06-08,"Ground Espresso Coffee (250g)",Jaipur,350,5600,325850
1760,2023-06-09,"Ground Espresso Coffee (250g)",Jaipur,350,5250,331100
1780,2023-06-11,"Ground Espresso Coffee (250g)",Bangalore,350,5250,340200
1779,2023-06-11,"Ground Espresso Coffee (250g)",Mumbai,350,3850,340200
1830,2023-06-16,"Ground Espresso Coffee (250g)",Bangalore,350,6650,346850
1866,2023-06-21,"Ground Espresso Coffee (250g)",Delhi,350,6300,358400
1867,2023-06-21,"Ground Espresso Coffee (250g)",Kolkata,350,2450,358400
1865,2023-06-21,"Ground Espresso Coffee (250g)",Chennai,350,2800,358400
1875,2023-06-22,"Ground Espresso Coffee (250g)",Pune,350,5600,364000
1885,2023-06-23,"Ground Espresso Coffee (250g)",Chennai,350,4200,374150
1884,2023-06-23,"Ground Espresso Coffee (250g)",Delhi,350,5950,374150
1910,2023-06-27,"Ground Espresso Coffee (250g)",Delhi,350,6650,380800
1927,2023-06-29,"Ground Espresso Coffee (250g)",Pune,350,7000,387800
1944,2023-07-01,"Ground Espresso Coffee (250g)",Kolkata,350,1750,389550
1978,2023-07-03,"Ground Espresso Coffee (250g)",Bangalore,350,3150,395500
1979,2023-07-03,"Ground Espresso Coffee (250g)",Hyderabad,350,2800,395500
2006,2023-07-06,"Ground Espresso Coffee (250g)",Pune,350,2800,405300
2007,2023-07-06,"Ground Espresso Coffee (250g)",Pune,350,7000,405300
2027,2023-07-08,"Ground Espresso Coffee (250g)",Nagpur,350,6650,411950
2058,2023-07-11,"Ground Espresso Coffee (250g)",Bangalore,350,7000,421400
2059,2023-07-11,"Ground Espresso Coffee (250g)",Kanpur,350,2450,421400
2069,2023-07-12,"Ground Espresso Coffee (250g)",Bangalore,350,5600,427000
2120,2023-07-17,"Ground Espresso Coffee (250g)",Pune,350,5950,432950
2167,2023-07-21,"Ground Espresso Coffee (250g)",Chennai,350,1750,434700
2184,2023-07-22,"Ground Espresso Coffee (250g)",Pune,350,3150,437850
2211,2023-07-24,"Ground Espresso Coffee (250g)",Bangalore,350,6650,444500
2232,2023-07-26,"Ground Espresso Coffee (250g)",Pune,350,4550,449050
2263,2023-07-29,"Ground Espresso Coffee (250g)",Delhi,350,7000,456050
2273,2023-07-30,"Ground Espresso Coffee (250g)",Jaipur,350,4550,468300
2274,2023-07-30,"Ground Espresso Coffee (250g)",Bangalore,350,4900,468300
2275,2023-07-30,"Ground Espresso Coffee (250g)",Pune,350,2800,468300
2284,2023-07-31,"Ground Espresso Coffee (250g)",Chennai,350,2100,470400
2295,2023-08-01,"Ground Espresso Coffee (250g)",Bangalore,350,2800,473200
3576,2023-10-02,"Ground Espresso Coffee (250g)",Nagpur,350,6650,488950
3577,2023-10-02,"Ground Espresso Coffee (250g)",Mumbai,350,6650,488950
3578,2023-10-02,"Ground Espresso Coffee (250g)",Pune,350,2450,488950
3612,2023-10-03,"Ground Espresso Coffee (250g)",Pune,350,6650,518350
3610,2023-10-03,"Ground Espresso Coffee (250g)",Bangalore,350,6650,518350
3611,2023-10-03,"Ground Espresso Coffee (250g)",Bangalore,350,3500,518350
3614,2023-10-03,"Ground Espresso Coffee (250g)",Pune,350,6300,518350
3613,2023-10-03,"Ground Espresso Coffee (250g)",Jaipur,350,6300,518350
3636,2023-10-04,"Ground Espresso Coffee (250g)",Kanpur,350,2450,533050
3635,2023-10-04,"Ground Espresso Coffee (250g)",Mumbai,350,3500,533050
3637,2023-10-04,"Ground Espresso Coffee (250g)",Bangalore,350,6650,533050
3634,2023-10-04,"Ground Espresso Coffee (250g)",Chennai,350,2100,533050
3665,2023-10-05,"Ground Espresso Coffee (250g)",Pune,350,3850,536900
3696,2023-10-06,"Ground Espresso Coffee (250g)",Chennai,350,6300,543200
3726,2023-10-07,"Ground Espresso Coffee (250g)",Pune,350,3500,564900
3724,2023-10-07,"Ground Espresso Coffee (250g)",Delhi,350,2450,564900
3727,2023-10-07,"Ground Espresso Coffee (250g)",Kanpur,350,7000,564900
3728,2023-10-07,"Ground Espresso Coffee (250g)",Jaipur,350,7000,564900
3725,2023-10-07,"Ground Espresso Coffee (250g)",Jaipur,350,1750,564900
3779,2023-10-09,"Ground Espresso Coffee (250g)",Nagpur,350,4550,583100
3778,2023-10-09,"Ground Espresso Coffee (250g)",Jaipur,350,7000,583100
3777,2023-10-09,"Ground Espresso Coffee (250g)",Ahmedabad,350,6650,583100
3810,2023-10-10,"Ground Espresso Coffee (250g)",Delhi,350,5600,588700
3864,2023-10-12,"Ground Espresso Coffee (250g)",Lucknow,350,3500,597800
3863,2023-10-12,"Ground Espresso Coffee (250g)",Delhi,350,3850,597800
3865,2023-10-12,"Ground Espresso Coffee (250g)",Bangalore,350,1750,597800
3896,2023-10-13,"Ground Espresso Coffee (250g)",Jaipur,350,2800,602700
3897,2023-10-13,"Ground Espresso Coffee (250g)",Pune,350,2100,602700
3923,2023-10-14,"Ground Espresso Coffee (250g)",Bangalore,350,4200,611100
3924,2023-10-14,"Ground Espresso Coffee (250g)",Chennai,350,4200,611100
3957,2023-10-15,"Ground Espresso Coffee (250g)",Pune,350,2450,617750
3956,2023-10-15,"Ground Espresso Coffee (250g)",Nagpur,350,4200,617750
3982,2023-10-16,"Ground Espresso Coffee (250g)",Delhi,350,2800,624050
3981,2023-10-16,"Ground Espresso Coffee (250g)",Pune,350,3500,624050
4009,2023-10-17,"Ground Espresso Coffee (250g)",Jaipur,350,3850,637700
4008,2023-10-17,"Ground Espresso Coffee (250g)",Delhi,350,2100,637700
4007,2023-10-17,"Ground Espresso Coffee (250g)",Delhi,350,4200,637700
4010,2023-10-17,"Ground Espresso Coffee (250g)",Pune,350,3500,637700
4029,2023-10-18,"Ground Espresso Coffee (250g)",Bangalore,350,4900,644700
4030,2023-10-18,"Ground Espresso Coffee (250g)",Pune,350,2100,644700
4057,2023-10-19,"Ground Espresso Coffee (250g)",Kanpur,350,5950,662550
4058,2023-10-19,"Ground Espresso Coffee (250g)",Pune,350,6300,662550
4056,2023-10-19,"Ground Espresso Coffee (250g)",Pune,350,5600,662550
4082,2023-10-20,"Ground Espresso Coffee (250g)",Delhi,350,2450,673050
4084,2023-10-20,"Ground Espresso Coffee (250g)",Chennai,350,5600,673050
4083,2023-10-20,"Ground Espresso Coffee (250g)",Jaipur,350,2450,673050
4104,2023-10-21,"Ground Espresso Coffee (250g)",Jaipur,350,2800,675850
4126,2023-10-22,"Ground Espresso Coffee (250g)",Bangalore,350,5600,686000
4127,2023-10-22,"Ground Espresso Coffee (250g)",Chennai,350,4550,686000
4159,2023-10-23,"Ground Espresso Coffee (250g)",Bangalore,350,2800,688800
4218,2023-10-25,"Ground Espresso Coffee (250g)",Bangalore,350,5950,697550
4219,2023-10-25,"Ground Espresso Coffee (250g)",Pune,350,2800,697550
4238,2023-10-26,"Ground Espresso Coffee (250g)",Bangalore,350,7000,710500
4239,2023-10-26,"Ground Espresso Coffee (250g)",Mumbai,350,5950,710500
4263,2023-10-27,"Ground Espresso Coffee (250g)",Pune,350,7000,717500
4299,2023-10-28,"Ground Espresso Coffee (250g)",Nagpur,350,3150,736050
4302,2023-10-28,"Ground Espresso Coffee (250g)",Bangalore,350,6650,736050
4301,2023-10-28,"Ground Espresso Coffee (250g)",Chennai,350,4900,736050
4300,2023-10-28,"Ground Espresso Coffee (250g)",Jaipur,350,3850,736050
4333,2023-10-29,"Ground Espresso Coffee (250g)",Mumbai,350,5250,758800
4332,2023-10-29,"Ground Espresso Coffee (250g)",Chennai,350,6650,758800
4331,2023-10-29,"Ground Espresso Coffee (250g)",Bangalore,350,6650,758800
4334,2023-10-29,"Ground Espresso Coffee (250g)",Nagpur,350,4200,758800
4356,2023-10-30,"Ground Espresso Coffee (250g)",Pune,350,6650,767200
4357,2023-10-30,"Ground Espresso Coffee (250g)",Bangalore,350,1750,767200
4389,2023-11-01,"Ground Espresso Coffee (250g)",Pune,350,4900,772100
4426,2023-11-02,"Ground Espresso Coffee (250g)",Jaipur,350,5250,790650
4427,2023-11-02,"Ground Espresso Coffee (250g)",Nagpur,350,6300,790650
4425,2023-11-02,"Ground Espresso Coffee (250g)",Chennai,350,7000,790650
4466,2023-11-03,"Ground Espresso Coffee (250g)",Kanpur,350,6650,797300
4494,2023-11-04,"Ground Espresso Coffee (250g)",Chennai,350,4550,803950
4495,2023-11-04,"Ground Espresso Coffee (250g)",Jaipur,350,2100,803950
4526,2023-11-05,"Ground Espresso Coffee (250g)",Chennai,350,1750,820750
4527,2023-11-05,"Ground Espresso Coffee (250g)",Pune,350,4550,820750
4525,2023-11-05,"Ground Espresso Coffee (250g)",Indore,350,4200,820750
4524,2023-11-05,"Ground Espresso Coffee (250g)",Jaipur,350,6300,820750
4562,2023-11-06,"Ground Espresso Coffee (250g)",Pune,350,1750,827400
4561,2023-11-06,"Ground Espresso Coffee (250g)",Mumbai,350,4900,827400
4591,2023-11-07,"Ground Espresso Coffee (250g)",Pune,350,2450,837550
4593,2023-11-07,"Ground Espresso Coffee (250g)",Surat,350,3850,837550
4592,2023-11-07,"Ground Espresso Coffee (250g)",Bangalore,350,3850,837550
4617,2023-11-08,"Ground Espresso Coffee (250g)",Bangalore,350,5950,864850
4616,2023-11-08,"Ground Espresso Coffee (250g)",Bangalore,350,2100,864850
4614,2023-11-08,"Ground Espresso Coffee (250g)",Jaipur,350,2450,864850
4618,2023-11-08,"Ground Espresso Coffee (250g)",Pune,350,3150,864850
4615,2023-11-08,"Ground Espresso Coffee (250g)",Pune,350,2800,864850
4613,2023-11-08,"Ground Espresso Coffee (250g)",Pune,350,5950,864850
4619,2023-11-08,"Ground Espresso Coffee (250g)",Pune,350,4900,864850
4648,2023-11-09,"Ground Espresso Coffee (250g)",Jaipur,350,2800,878150
4650,2023-11-09,"Ground Espresso Coffee (250g)",Bangalore,350,3150,878150
4649,2023-11-09,"Ground Espresso Coffee (250g)",Ahmedabad,350,4900,878150
4647,2023-11-09,"Ground Espresso Coffee (250g)",Chennai,350,2450,878150
4675,2023-11-10,"Ground Espresso Coffee (250g)",Chennai,350,2450,880600
4710,2023-11-11,"Ground Espresso Coffee (250g)",Chennai,350,2800,892500
4709,2023-11-11,"Ground Espresso Coffee (250g)",Mumbai,350,3150,892500
4708,2023-11-11,"Ground Espresso Coffee (250g)",Bangalore,350,5950,892500
4766,2023-11-13,"Ground Espresso Coffee (250g)",Chennai,350,2800,898800
4767,2023-11-13,"Ground Espresso Coffee (250g)",Hyderabad,350,3500,898800
4800,2023-11-14,"Ground Espresso Coffee (250g)",Pune,350,3150,904400
4799,2023-11-14,"Ground Espresso Coffee (250g)",Pune,350,2450,904400
4834,2023-11-15,"Ground Espresso Coffee (250g)",Delhi,350,4200,919800
4836,2023-11-15,"Ground Espresso Coffee (250g)",Pune,350,5250,919800
4833,2023-11-15,"Ground Espresso Coffee (250g)",Pune,350,1750,919800
4835,2023-11-15,"Ground Espresso Coffee (250g)",Lucknow,350,4200,919800
4865,2023-11-16,"Ground Espresso Coffee (250g)",Pune,350,2450,922250
4887,2023-11-17,"Ground Espresso Coffee (250g)",Kanpur,350,6300,940800
4886,2023-11-17,"Ground Espresso Coffee (250g)",Bangalore,350,6300,940800
4888,2023-11-17,"Ground Espresso Coffee (250g)",Bangalore,350,5950,940800
4910,2023-11-18,"Ground Espresso Coffee (250g)",Kanpur,350,5950,959000
4911,2023-11-18,"Ground Espresso Coffee (250g)",Pune,350,1750,959000
4912,2023-11-18,"Ground Espresso Coffee (250g)",Delhi,350,5250,959000
4913,2023-11-18,"Ground Espresso Coffee (250g)",Chennai,350,5250,959000
4951,2023-11-19,"Ground Espresso Coffee (250g)",Surat,350,7000,980350
4948,2023-11-19,"Ground Espresso Coffee (250g)",Pune,350,5600,980350
4949,2023-11-19,"Ground Espresso Coffee (250g)",Jaipur,350,3150,980350
4950,2023-11-19,"Ground Espresso Coffee (250g)",Pune,350,5600,980350
4982,2023-11-20,"Ground Espresso Coffee (250g)",Pune,350,2800,1000650
4981,2023-11-20,"Ground Espresso Coffee (250g)",Chennai,350,2100,1000650
4984,2023-11-20,"Ground Espresso Coffee (250g)",Bangalore,350,2450,1000650
4983,2023-11-20,"Ground Espresso Coffee (250g)",Pune,350,7000,1000650
4985,2023-11-20,"Ground Espresso Coffee (250g)",Pune,350,5950,1000650
5011,2023-11-21,"Ground Espresso Coffee (250g)",Pune,350,7000,1007650
5036,2023-11-22,"Ground Espresso Coffee (250g)",Kolkata,350,2800,1016400
5035,2023-11-22,"Ground Espresso Coffee (250g)",Kanpur,350,2800,1016400
5037,2023-11-22,"Ground Espresso Coffee (250g)",Jaipur,350,3150,1016400
5064,2023-11-23,"Ground Espresso Coffee (250g)",Hyderabad,350,2800,1033900
5067,2023-11-23,"Ground Espresso Coffee (250g)",Chennai,350,3500,1033900
5066,2023-11-23,"Ground Espresso Coffee (250g)",Delhi,350,5600,1033900
5065,2023-11-23,"Ground Espresso Coffee (250g)",Indore,350,5600,1033900
5091,2023-11-24,"Ground Espresso Coffee (250g)",Kolkata,350,4900,1040900
5090,2023-11-24,"Ground Espresso Coffee (250g)",Chennai,350,2100,1040900
5111,2023-11-25,"Ground Espresso Coffee (250g)",Pune,350,2100,1043000
5136,2023-11-26,"Ground Espresso Coffee (250g)",Pune,350,7000,1050000
5163,2023-11-27,"Ground Espresso Coffee (250g)",Hyderabad,350,4200,1054200
5197,2023-11-28,"Ground Espresso Coffee (250g)",Chennai,350,5950,1070650
5195,2023-11-28,"Ground Espresso Coffee (250g)",Mumbai,350,6650,1070650
5196,2023-11-28,"Ground Espresso Coffee (250g)",Bangalore,350,3850,1070650
5219,2023-11-29,"Ground Espresso Coffee (250g)",Delhi,350,5950,1076600
5254,2023-11-30,"Ground Espresso Coffee (250g)",Pune,350,3500,1083250
5255,2023-11-30,"Ground Espresso Coffee (250g)",Pune,350,3150,1083250
5278,2023-12-01,"Ground Espresso Coffee (250g)",Delhi,350,7000,1116850
5277,2023-12-01,"Ground Espresso Coffee (250g)",Pune,350,4550,1116850
5276,2023-12-01,"Ground Espresso Coffee (250g)",Jaipur,350,3850,1116850
5280,2023-12-01,"Ground Espresso Coffee (250g)",Kanpur,350,6300,1116850
5279,2023-12-01,"Ground Espresso Coffee (250g)",Bangalore,350,5950,1116850
5281,2023-12-01,"Ground Espresso Coffee (250g)",Pune,350,5950,1116850
5343,2023-12-02,"Ground Espresso Coffee (250g)",Pune,350,3500,1120350
5376,2023-12-03,"Ground Espresso Coffee (250g)",Mumbai,350,4200,1133300
5378,2023-12-03,"Ground Espresso Coffee (250g)",Mumbai,350,2100,1133300
5377,2023-12-03,"Ground Espresso Coffee (250g)",Chennai,350,6650,1133300
5402,2023-12-04,"Ground Espresso Coffee (250g)",Pune,350,5600,1147650
5404,2023-12-04,"Ground Espresso Coffee (250g)",Hyderabad,350,2800,1147650
5405,2023-12-04,"Ground Espresso Coffee (250g)",Pune,350,4200,1147650
5403,2023-12-04,"Ground Espresso Coffee (250g)",Mumbai,350,1750,1147650
5433,2023-12-05,"Ground Espresso Coffee (250g)",Chennai,350,2100,1149750
5476,2023-12-07,"Ground Espresso Coffee (250g)",Delhi,350,2450,1162350
5474,2023-12-07,"Ground Espresso Coffee (250g)",Lucknow,350,7000,1162350
5475,2023-12-07,"Ground Espresso Coffee (250g)",Surat,350,3150,1162350
5508,2023-12-08,"Ground Espresso Coffee (250g)",Chennai,350,7000,1176350
5509,2023-12-08,"Ground Espresso Coffee (250g)",Bangalore,350,5250,1176350
5507,2023-12-08,"Ground Espresso Coffee (250g)",Nagpur,350,1750,1176350
5544,2023-12-09,"Ground Espresso Coffee (250g)",Chennai,350,3500,1192450
5543,2023-12-09,"Ground Espresso Coffee (250g)",Pune,350,7000,1192450
5545,2023-12-09,"Ground Espresso Coffee (250g)",Ahmedabad,350,5600,1192450
5577,2023-12-10,"Ground Espresso Coffee (250g)",Pune,350,4900,1203300
5578,2023-12-10,"Ground Espresso Coffee (250g)",Bangalore,350,5950,1203300
5608,2023-12-11,"Ground Espresso Coffee (250g)",Delhi,350,3150,1209600
5607,2023-12-11,"Ground Espresso Coffee (250g)",Jaipur,350,3150,1209600
5631,2023-12-12,"Ground Espresso Coffee (250g)",Jaipur,350,6650,1220100
5632,2023-12-12,"Ground Espresso Coffee (250g)",Pune,350,3850,1220100
5657,2023-12-13,"Ground Espresso Coffee (250g)",Bangalore,350,6650,1226750
5676,2023-12-14,"Ground Espresso Coffee (250g)",Pune,350,3150,1240400
5678,2023-12-14,"Ground Espresso Coffee (250g)",Pune,350,4200,1240400
5679,2023-12-14,"Ground Espresso Coffee (250g)",Delhi,350,3150,1240400
5677,2023-12-14,"Ground Espresso Coffee (250g)",Kolkata,350,3150,1240400
5703,2023-12-15,"Ground Espresso Coffee (250g)",Pune,350,3850,1248800
5702,2023-12-15,"Ground Espresso Coffee (250g)",Chennai,350,4550,1248800
5724,2023-12-16,"Ground Espresso Coffee (250g)",Kolkata,350,6300,1268400
5726,2023-12-16,"Ground Espresso Coffee (250g)",Indore,350,2800,1268400
5723,2023-12-16,"Ground Espresso Coffee (250g)",Jaipur,350,5950,1268400
5725,2023-12-16,"Ground Espresso Coffee (250g)",Jaipur,350,4550,1268400
5752,2023-12-17,"Ground Espresso Coffee (250g)",Pune,350,5600,1276800
5751,2023-12-17,"Ground Espresso Coffee (250g)",Bangalore,350,2800,1276800
5782,2023-12-18,"Ground Espresso Coffee (250g)",Kanpur,350,3150,1307600
5779,2023-12-18,"Ground Espresso Coffee (250g)",Ahmedabad,350,6300,1307600
5781,2023-12-18,"Ground Espresso Coffee (250g)",Chennai,350,7000,1307600
5778,2023-12-18,"Ground Espresso Coffee (250g)",Pune,350,3150,1307600
5777,2023-12-18,"Ground Espresso Coffee (250g)",Mumbai,350,4200,1307600
5780,2023-12-18,"Ground Espresso Coffee (250g)",Pune,350,7000,1307600
5818,2023-12-19,"Ground Espresso Coffee (250g)",Pune,350,5600,1313200
6498,2024-01-11,"Ground Espresso Coffee (250g)",Pune,350,7000,1337000
6497,2024-01-11,"Ground Espresso Coffee (250g)",Indore,350,3150,1337000
6500,2024-01-11,"Ground Espresso Coffee (250g)",Pune,350,3150,1337000
6499,2024-01-11,"Ground Espresso Coffee (250g)",Surat,350,3500,1337000
6501,2024-01-11,"Ground Espresso Coffee (250g)",Bangalore,350,7000,1337000
6523,2024-01-12,"Ground Espresso Coffee (250g)",Surat,350,1750,1355550
6519,2024-01-12,"Ground Espresso Coffee (250g)",Pune,350,3150,1355550
6524,2024-01-12,"Ground Espresso Coffee (250g)",Lucknow,350,2800,1355550
6521,2024-01-12,"Ground Espresso Coffee (250g)",Jaipur,350,2450,1355550
6520,2024-01-12,"Ground Espresso Coffee (250g)",Chennai,350,2450,1355550
6522,2024-01-12,"Ground Espresso Coffee (250g)",Indore,350,5950,1355550
6556,2024-01-13,"Ground Espresso Coffee (250g)",Kolkata,350,2100,1380050
6559,2024-01-13,"Ground Espresso Coffee (250g)",Nagpur,350,6300,1380050
6557,2024-01-13,"Ground Espresso Coffee (250g)",Bangalore,350,7000,1380050
6558,2024-01-13,"Ground Espresso Coffee (250g)",Bangalore,350,5600,1380050
6560,2024-01-13,"Ground Espresso Coffee (250g)",Ahmedabad,350,3500,1380050
6595,2024-01-14,"Ground Espresso Coffee (250g)",Kanpur,350,2800,1407000
6590,2024-01-14,"Ground Espresso Coffee (250g)",Surat,350,1750,1407000
6589,2024-01-14,"Ground Espresso Coffee (250g)",Delhi,350,3500,1407000
6591,2024-01-14,"Ground Espresso Coffee (250g)",Chennai,350,6300,1407000
6594,2024-01-14,"Ground Espresso Coffee (250g)",Pune,350,3500,1407000
6593,2024-01-14,"Ground Espresso Coffee (250g)",Chennai,350,2100,1407000
6592,2024-01-14,"Ground Espresso Coffee (250g)",Chennai,350,7000,1407000
6611,2024-01-15,"Ground Espresso Coffee (250g)",Jaipur,350,4900,1436050
6610,2024-01-15,"Ground Espresso Coffee (250g)",Indore,350,2100,1436050
6615,2024-01-15,"Ground Espresso Coffee (250g)",Indore,350,6650,1436050
6612,2024-01-15,"Ground Espresso Coffee (250g)",Pune,350,5250,1436050
6613,2024-01-15,"Ground Espresso Coffee (250g)",Jaipur,350,3850,1436050
6614,2024-01-15,"Ground Espresso Coffee (250g)",Kolkata,350,6300,1436050
6639,2024-01-16,"Ground Espresso Coffee (250g)",Mumbai,350,5950,1480850
6636,2024-01-16,"Ground Espresso Coffee (250g)",Pune,350,4550,1480850
6644,2024-01-16,"Ground Espresso Coffee (250g)",Surat,350,4900,1480850
6642,2024-01-16,"Ground Espresso Coffee (250g)",Mumbai,350,2800,1480850
6640,2024-01-16,"Ground Espresso Coffee (250g)",Chennai,350,4200,1480850
6637,2024-01-16,"Ground Espresso Coffee (250g)",Chennai,350,6650,1480850
6641,2024-01-16,"Ground Espresso Coffee (250g)",Surat,350,4550,1480850
6643,2024-01-16,"Ground Espresso Coffee (250g)",Delhi,350,4200,1480850
6638,2024-01-16,"Ground Espresso Coffee (250g)",Bangalore,350,7000,1480850
6668,2024-01-17,"Ground Espresso Coffee (250g)",Bangalore,350,3150,1497300
6671,2024-01-17,"Ground Espresso Coffee (250g)",Pune,350,2100,1497300
6667,2024-01-17,"Ground Espresso Coffee (250g)",Delhi,350,3150,1497300
6670,2024-01-17,"Ground Espresso Coffee (250g)",Mumbai,350,1750,1497300
6669,2024-01-17,"Ground Espresso Coffee (250g)",Pune,350,6300,1497300
6689,2024-01-18,"Ground Espresso Coffee (250g)",Bangalore,350,2800,1543500
6698,2024-01-18,"Ground Espresso Coffee (250g)",Bangalore,350,3150,1543500
6696,2024-01-18,"Ground Espresso Coffee (250g)",Pune,350,4550,1543500
6694,2024-01-18,"Ground Espresso Coffee (250g)",Jaipur,350,5250,1543500
6690,2024-01-18,"Ground Espresso Coffee (250g)",Pune,350,5950,1543500
6691,2024-01-18,"Ground Espresso Coffee (250g)",Nagpur,350,5950,1543500
6688,2024-01-18,"Ground Espresso Coffee (250g)",Kanpur,350,4200,1543500
6695,2024-01-18,"Ground Espresso Coffee (250g)",Surat,350,3150,1543500
6697,2024-01-18,"Ground Espresso Coffee (250g)",Jaipur,350,3150,1543500
6692,2024-01-18,"Ground Espresso Coffee (250g)",Pune,350,3850,1543500
6693,2024-01-18,"Ground Espresso Coffee (250g)",Pune,350,4200,1543500
6722,2024-01-19,"Ground Espresso Coffee (250g)",Kanpur,350,3850,1581300
6721,2024-01-19,"Ground Espresso Coffee (250g)",Chennai,350,6300,1581300
6718,2024-01-19,"Ground Espresso Coffee (250g)",Pune,350,6650,1581300
6724,2024-01-19,"Ground Espresso Coffee (250g)",Pune,350,6650,1581300
6720,2024-01-19,"Ground Espresso Coffee (250g)",Nagpur,350,5250,1581300
6723,2024-01-19,"Ground Espresso Coffee (250g)",Delhi,350,6650,1581300
6719,2024-01-19,"Ground Espresso Coffee (250g)",Kanpur,350,2450,1581300
6751,2024-01-20,"Ground Espresso Coffee (250g)",Jaipur,350,5950,1627850
6750,2024-01-20,"Ground Espresso Coffee (250g)",Jaipur,350,3850,1627850
6752,2024-01-20,"Ground Espresso Coffee (250g)",Pune,350,7000,1627850
6744,2024-01-20,"Ground Espresso Coffee (250g)",Pune,350,6650,1627850
6748,2024-01-20,"Ground Espresso Coffee (250g)",Kanpur,350,2450,1627850
6747,2024-01-20,"Ground Espresso Coffee (250g)",Pune,350,4200,1627850
6746,2024-01-20,"Ground Espresso Coffee (250g)",Delhi,350,6300,1627850
6745,2024-01-20,"Ground Espresso Coffee (250g)",Bangalore,350,4200,1627850
6749,2024-01-20,"Ground Espresso Coffee (250g)",Pune,350,5950,1627850
6784,2024-01-21,"Ground Espresso Coffee (250g)",Nagpur,350,1750,1649200
6783,2024-01-21,"Ground Espresso Coffee (250g)",Surat,350,5250,1649200
6779,2024-01-21,"Ground Espresso Coffee (250g)",Delhi,350,3500,1649200
6782,2024-01-21,"Ground Espresso Coffee (250g)",Nagpur,350,1750,1649200
6780,2024-01-21,"Ground Espresso Coffee (250g)",Bangalore,350,1750,1649200
6778,2024-01-21,"Ground Espresso Coffee (250g)",Chennai,350,3500,1649200
6781,2024-01-21,"Ground Espresso Coffee (250g)",Delhi,350,3850,1649200
6809,2024-01-22,"Ground Espresso Coffee (250g)",Pune,350,3150,1682100
6807,2024-01-22,"Ground Espresso Coffee (250g)",Pune,350,6650,1682100
6808,2024-01-22,"Ground Espresso Coffee (250g)",Jaipur,350,2450,1682100
6805,2024-01-22,"Ground Espresso Coffee (250g)",Pune,350,2450,1682100
6811,2024-01-22,"Ground Espresso Coffee (250g)",Chennai,350,3850,1682100
6806,2024-01-22,"Ground Espresso Coffee (250g)",Chennai,350,3150,1682100
6804,2024-01-22,"Ground Espresso Coffee (250g)",Pune,350,6300,1682100
6810,2024-01-22,"Ground Espresso Coffee (250g)",Bangalore,350,4900,1682100
6829,2024-01-23,"Ground Espresso Coffee (250g)",Bangalore,350,3150,1739500
6832,2024-01-23,"Ground Espresso Coffee (250g)",Bangalore,350,2800,1739500
6834,2024-01-23,"Ground Espresso Coffee (250g)",Bangalore,350,6300,1739500
6835,2024-01-23,"Ground Espresso Coffee (250g)",Delhi,350,7000,1739500
6830,2024-01-23,"Ground Espresso Coffee (250g)",Delhi,350,4900,1739500
6828,2024-01-23,"Ground Espresso Coffee (250g)",Indore,350,6300,1739500
6826,2024-01-23,"Ground Espresso Coffee (250g)",Mumbai,350,4550,1739500
6831,2024-01-23,"Ground Espresso Coffee (250g)",Delhi,350,5950,1739500
6836,2024-01-23,"Ground Espresso Coffee (250g)",Lucknow,350,4200,1739500
6833,2024-01-23,"Ground Espresso Coffee (250g)",Delhi,350,7000,1739500
6827,2024-01-23,"Ground Espresso Coffee (250g)",Pune,350,5250,1739500
6864,2024-01-24,"Ground Espresso Coffee (250g)",Chennai,350,4900,1771000
6861,2024-01-24,"Ground Espresso Coffee (250g)",Surat,350,2800,1771000
6865,2024-01-24,"Ground Espresso Coffee (250g)",Bangalore,350,2100,1771000
6860,2024-01-24,"Ground Espresso Coffee (250g)",Bangalore,350,2800,1771000
6863,2024-01-24,"Ground Espresso Coffee (250g)",Surat,350,5600,1771000
6866,2024-01-24,"Ground Espresso Coffee (250g)",Kanpur,350,5250,1771000
6859,2024-01-24,"Ground Espresso Coffee (250g)",Ahmedabad,350,4900,1771000
6862,2024-01-24,"Ground Espresso Coffee (250g)",Jaipur,350,3150,1771000
6884,2024-01-25,"Ground Espresso Coffee (250g)",Delhi,350,2800,1795150
6888,2024-01-25,"Ground Espresso Coffee (250g)",Pune,350,7000,1795150
6886,2024-01-25,"Ground Espresso Coffee (250g)",Bangalore,350,6650,1795150
6885,2024-01-25,"Ground Espresso Coffee (250g)",Kanpur,350,2450,1795150
6887,2024-01-25,"Ground Espresso Coffee (250g)",Delhi,350,5250,1795150
6908,2024-01-26,"Ground Espresso Coffee (250g)",Surat,350,2450,1832950
6916,2024-01-26,"Ground Espresso Coffee (250g)",Hyderabad,350,2450,1832950
6909,2024-01-26,"Ground Espresso Coffee (250g)",Jaipur,350,3500,1832950
6914,2024-01-26,"Ground Espresso Coffee (250g)",Indore,350,3150,1832950
6918,2024-01-26,"Ground Espresso Coffee (250g)",Pune,350,3850,1832950
6915,2024-01-26,"Ground Espresso Coffee (250g)",Nagpur,350,3150,1832950
6910,2024-01-26,"Ground Espresso Coffee (250g)",Delhi,350,4550,1832950
6912,2024-01-26,"Ground Espresso Coffee (250g)",Jaipur,350,2100,1832950
6913,2024-01-26,"Ground Espresso Coffee (250g)",Bangalore,350,4200,1832950
6917,2024-01-26,"Ground Espresso Coffee (250g)",Bangalore,350,6300,1832950
6911,2024-01-26,"Ground Espresso Coffee (250g)",Bangalore,350,2100,1832950
6948,2024-01-27,"Ground Espresso Coffee (250g)",Bangalore,350,5950,1860600
6947,2024-01-27,"Ground Espresso Coffee (250g)",Bangalore,350,4200,1860600
6943,2024-01-27,"Ground Espresso Coffee (250g)",Pune,350,3850,1860600
6950,2024-01-27,"Ground Espresso Coffee (250g)",Mumbai,350,3150,1860600
6945,2024-01-27,"Ground Espresso Coffee (250g)",Hyderabad,350,3150,1860600
6944,2024-01-27,"Ground Espresso Coffee (250g)",Hyderabad,350,1750,1860600
6949,2024-01-27,"Ground Espresso Coffee (250g)",Surat,350,2450,1860600
6946,2024-01-27,"Ground Espresso Coffee (250g)",Pune,350,3150,1860600
6967,2024-01-28,"Ground Espresso Coffee (250g)",Delhi,350,4900,1901900
6973,2024-01-28,"Ground Espresso Coffee (250g)",Indore,350,2800,1901900
6971,2024-01-28,"Ground Espresso Coffee (250g)",Jaipur,350,7000,1901900
6969,2024-01-28,"Ground Espresso Coffee (250g)",Chennai,350,6650,1901900
6968,2024-01-28,"Ground Espresso Coffee (250g)",Chennai,350,2800,1901900
6966,2024-01-28,"Ground Espresso Coffee (250g)",Chennai,350,4200,1901900
6972,2024-01-28,"Ground Espresso Coffee (250g)",Delhi,350,3150,1901900
6970,2024-01-28,"Ground Espresso Coffee (250g)",Kolkata,350,5250,1901900
6965,2024-01-28,"Ground Espresso Coffee (250g)",Pune,350,4550,1901900
6992,2024-01-29,"Ground Espresso Coffee (250g)",Delhi,350,3150,1947750
6998,2024-01-29,"Ground Espresso Coffee (250g)",Jaipur,350,3500,1947750
6993,2024-01-29,"Ground Espresso Coffee (250g)",Pune,350,6300,1947750
6999,2024-01-29,"Ground Espresso Coffee (250g)",Delhi,350,6300,1947750
6991,2024-01-29,"Ground Espresso Coffee (250g)",Bangalore,350,4550,1947750
6994,2024-01-29,"Ground Espresso Coffee (250g)",Chennai,350,4550,1947750
6997,2024-01-29,"Ground Espresso Coffee (250g)",Delhi,350,6650,1947750
6996,2024-01-29,"Ground Espresso Coffee (250g)",Jaipur,350,1750,1947750
6990,2024-01-29,"Ground Espresso Coffee (250g)",Delhi,350,3500,1947750
6995,2024-01-29,"Ground Espresso Coffee (250g)",Delhi,350,5600,1947750
7028,2024-01-30,"Ground Espresso Coffee (250g)",Jaipur,350,4200,1961400
7027,2024-01-30,"Ground Espresso Coffee (250g)",Delhi,350,4550,1961400
7029,2024-01-30,"Ground Espresso Coffee (250g)",Kolkata,350,4900,1961400
7051,2024-01-31,"Ground Espresso Coffee (250g)",Delhi,350,4900,2000250
7055,2024-01-31,"Ground Espresso Coffee (250g)",Mumbai,350,6650,2000250
7052,2024-01-31,"Ground Espresso Coffee (250g)",Jaipur,350,2100,2000250
7054,2024-01-31,"Ground Espresso Coffee (250g)",Delhi,350,2800,2000250
7047,2024-01-31,"Ground Espresso Coffee (250g)",Delhi,350,5950,2000250
7053,2024-01-31,"Ground Espresso Coffee (250g)",Jaipur,350,1750,2000250
7048,2024-01-31,"Ground Espresso Coffee (250g)",Jaipur,350,6650,2000250
7049,2024-01-31,"Ground Espresso Coffee (250g)",Pune,350,4900,2000250
7050,2024-01-31,"Ground Espresso Coffee (250g)",Bangalore,350,3150,2000250
7078,2024-02-01,"Ground Espresso Coffee (250g)",Indore,350,2800,2008300
7079,2024-02-01,"Ground Espresso Coffee (250g)",Indore,350,3150,2008300
7080,2024-02-01,"Ground Espresso Coffee (250g)",Delhi,350,2100,2008300
7103,2024-02-02,"Ground Espresso Coffee (250g)",Jaipur,350,2100,2034200
7101,2024-02-02,"Ground Espresso Coffee (250g)",Delhi,350,2100,2034200
7104,2024-02-02,"Ground Espresso Coffee (250g)",Mumbai,350,4900,2034200
7100,2024-02-02,"Ground Espresso Coffee (250g)",Delhi,350,3500,2034200
7102,2024-02-02,"Ground Espresso Coffee (250g)",Jaipur,350,7000,2034200
7105,2024-02-02,"Ground Espresso Coffee (250g)",Delhi,350,6300,2034200
7125,2024-02-03,"Ground Espresso Coffee (250g)",Pune,350,7000,2057300
7122,2024-02-03,"Ground Espresso Coffee (250g)",Pune,350,3850,2057300
7123,2024-02-03,"Ground Espresso Coffee (250g)",Bangalore,350,7000,2057300
7124,2024-02-03,"Ground Espresso Coffee (250g)",Pune,350,5250,2057300
7152,2024-02-04,"Ground Espresso Coffee (250g)",Pune,350,3500,2074450
7151,2024-02-04,"Ground Espresso Coffee (250g)",Hyderabad,350,4550,2074450
7149,2024-02-04,"Ground Espresso Coffee (250g)",Jaipur,350,5600,2074450
7150,2024-02-04,"Ground Espresso Coffee (250g)",Surat,350,1750,2074450
7148,2024-02-04,"Ground Espresso Coffee (250g)",Chennai,350,1750,2074450
7175,2024-02-05,"Ground Espresso Coffee (250g)",Bangalore,350,2800,2103850
7179,2024-02-05,"Ground Espresso Coffee (250g)",Bangalore,350,3850,2103850
7181,2024-02-05,"Ground Espresso Coffee (250g)",Bangalore,350,3850,2103850
7174,2024-02-05,"Ground Espresso Coffee (250g)",Bangalore,350,3850,2103850
7178,2024-02-05,"Ground Espresso Coffee (250g)",Kolkata,350,2800,2103850
7176,2024-02-05,"Ground Espresso Coffee (250g)",Delhi,350,3850,2103850
7180,2024-02-05,"Ground Espresso Coffee (250g)",Delhi,350,6300,2103850
7177,2024-02-05,"Ground Espresso Coffee (250g)",Lucknow,350,2100,2103850
7201,2024-02-06,"Ground Espresso Coffee (250g)",Jaipur,350,4550,2152850
7203,2024-02-06,"Ground Espresso Coffee (250g)",Kolkata,350,3500,2152850
7197,2024-02-06,"Ground Espresso Coffee (250g)",Nagpur,350,4550,2152850
7206,2024-02-06,"Ground Espresso Coffee (250g)",Chennai,350,7000,2152850
7198,2024-02-06,"Ground Espresso Coffee (250g)",Chennai,350,4900,2152850
7204,2024-02-06,"Ground Espresso Coffee (250g)",Chennai,350,3500,2152850
7200,2024-02-06,"Ground Espresso Coffee (250g)",Nagpur,350,2100,2152850
7205,2024-02-06,"Ground Espresso Coffee (250g)",Jaipur,350,7000,2152850
7202,2024-02-06,"Ground Espresso Coffee (250g)",Delhi,350,3500,2152850
7207,2024-02-06,"Ground Espresso Coffee (250g)",Bangalore,350,4550,2152850
7199,2024-02-06,"Ground Espresso Coffee (250g)",Mumbai,350,3850,2152850
7231,2024-02-07,"Ground Espresso Coffee (250g)",Nagpur,350,3500,2189250
7230,2024-02-07,"Ground Espresso Coffee (250g)",Chennai,350,3500,2189250
7228,2024-02-07,"Ground Espresso Coffee (250g)",Chennai,350,4900,2189250
7235,2024-02-07,"Ground Espresso Coffee (250g)",Kanpur,350,6650,2189250
7234,2024-02-07,"Ground Espresso Coffee (250g)",Lucknow,350,3500,2189250
7232,2024-02-07,"Ground Espresso Coffee (250g)",Kanpur,350,2450,2189250
7229,2024-02-07,"Ground Espresso Coffee (250g)",Pune,350,2800,2189250
7236,2024-02-07,"Ground Espresso Coffee (250g)",Hyderabad,350,4200,2189250
7233,2024-02-07,"Ground Espresso Coffee (250g)",Kanpur,350,4900,2189250
7260,2024-02-08,"Ground Espresso Coffee (250g)",Pune,350,2800,2234750
7256,2024-02-08,"Ground Espresso Coffee (250g)",Pune,350,5950,2234750
7259,2024-02-08,"Ground Espresso Coffee (250g)",Delhi,350,4550,2234750
7263,2024-02-08,"Ground Espresso Coffee (250g)",Jaipur,350,3850,2234750
7264,2024-02-08,"Ground Espresso Coffee (250g)",Pune,350,1750,2234750
7262,2024-02-08,"Ground Espresso Coffee (250g)",Delhi,350,6650,2234750
7257,2024-02-08,"Ground Espresso Coffee (250g)",Jaipur,350,3850,2234750
7261,2024-02-08,"Ground Espresso Coffee (250g)",Bangalore,350,6300,2234750
7265,2024-02-08,"Ground Espresso Coffee (250g)",Bangalore,350,5600,2234750
7258,2024-02-08,"Ground Espresso Coffee (250g)",Bangalore,350,4200,2234750
7298,2024-02-09,"Ground Espresso Coffee (250g)",Chennai,350,4900,2264500
7297,2024-02-09,"Ground Espresso Coffee (250g)",Jaipur,350,3850,2264500
7294,2024-02-09,"Ground Espresso Coffee (250g)",Mumbai,350,3150,2264500
7296,2024-02-09,"Ground Espresso Coffee (250g)",Pune,350,5600,2264500
7293,2024-02-09,"Ground Espresso Coffee (250g)",Jaipur,350,7000,2264500
7295,2024-02-09,"Ground Espresso Coffee (250g)",Kolkata,350,5250,2264500
7322,2024-02-10,"Ground Espresso Coffee (250g)",Bangalore,350,2450,2308600
7326,2024-02-10,"Ground Espresso Coffee (250g)",Bangalore,350,4900,2308600
7325,2024-02-10,"Ground Espresso Coffee (250g)",Kanpur,350,4200,2308600
7327,2024-02-10,"Ground Espresso Coffee (250g)",Lucknow,350,5600,2308600
7330,2024-02-10,"Ground Espresso Coffee (250g)",Nagpur,350,7000,2308600
7328,2024-02-10,"Ground Espresso Coffee (250g)",Surat,350,2450,2308600
7331,2024-02-10,"Ground Espresso Coffee (250g)",Chennai,350,4900,2308600
7324,2024-02-10,"Ground Espresso Coffee (250g)",Surat,350,4200,2308600
7329,2024-02-10,"Ground Espresso Coffee (250g)",Jaipur,350,5600,2308600
7323,2024-02-10,"Ground Espresso Coffee (250g)",Pune,350,2800,2308600
7359,2024-02-11,"Ground Espresso Coffee (250g)",Mumbai,350,3850,2339400
7356,2024-02-11,"Ground Espresso Coffee (250g)",Lucknow,350,5950,2339400
7360,2024-02-11,"Ground Espresso Coffee (250g)",Bangalore,350,3150,2339400
7358,2024-02-11,"Ground Espresso Coffee (250g)",Chennai,350,3500,2339400
7357,2024-02-11,"Ground Espresso Coffee (250g)",Bangalore,350,4900,2339400
7362,2024-02-11,"Ground Espresso Coffee (250g)",Chennai,350,2450,2339400
7355,2024-02-11,"Ground Espresso Coffee (250g)",Chennai,350,2450,2339400
7361,2024-02-11,"Ground Espresso Coffee (250g)",Delhi,350,4550,2339400
7399,2024-02-12,"Ground Espresso Coffee (250g)",Jaipur,350,2450,2383850
7400,2024-02-12,"Ground Espresso Coffee (250g)",Kolkata,350,5950,2383850
7396,2024-02-12,"Ground Espresso Coffee (250g)",Kolkata,350,4900,2383850
7402,2024-02-12,"Ground Espresso Coffee (250g)",Jaipur,350,5250,2383850
7397,2024-02-12,"Ground Espresso Coffee (250g)",Kanpur,350,3150,2383850
7395,2024-02-12,"Ground Espresso Coffee (250g)",Chennai,350,7000,2383850
7401,2024-02-12,"Ground Espresso Coffee (250g)",Chennai,350,5250,2383850
7398,2024-02-12,"Ground Espresso Coffee (250g)",Delhi,350,4550,2383850
7394,2024-02-12,"Ground Espresso Coffee (250g)",Surat,350,5950,2383850
7438,2024-02-13,"Ground Espresso Coffee (250g)",Delhi,350,5600,2398550
7439,2024-02-13,"Ground Espresso Coffee (250g)",Jaipur,350,3150,2398550
7437,2024-02-13,"Ground Espresso Coffee (250g)",Pune,350,2100,2398550
7440,2024-02-13,"Ground Espresso Coffee (250g)",Kanpur,350,3850,2398550
7470,2024-02-14,"Ground Espresso Coffee (250g)",Pune,350,5250,2419900
7467,2024-02-14,"Ground Espresso Coffee (250g)",Delhi,350,2450,2419900
7469,2024-02-14,"Ground Espresso Coffee (250g)",Delhi,350,5600,2419900
7471,2024-02-14,"Ground Espresso Coffee (250g)",Chennai,350,1750,2419900
7468,2024-02-14,"Ground Espresso Coffee (250g)",Bangalore,350,6300,2419900
7490,2024-02-15,"Ground Espresso Coffee (250g)",Pune,350,4200,2424100
7519,2024-02-16,"Ground Espresso Coffee (250g)",Pune,350,3500,2456650
7523,2024-02-16,"Ground Espresso Coffee (250g)",Jaipur,350,1750,2456650
7518,2024-02-16,"Ground Espresso Coffee (250g)",Lucknow,350,6650,2456650
7521,2024-02-16,"Ground Espresso Coffee (250g)",Pune,350,7000,2456650
7524,2024-02-16,"Ground Espresso Coffee (250g)",Kanpur,350,3500,2456650
7522,2024-02-16,"Ground Espresso Coffee (250g)",Jaipur,350,4550,2456650
7520,2024-02-16,"Ground Espresso Coffee (250g)",Pune,350,5600,2456650
7540,2024-02-17,"Ground Espresso Coffee (250g)",Pune,350,2100,2489200
7538,2024-02-17,"Ground Espresso Coffee (250g)",Jaipur,350,3500,2489200
7539,2024-02-17,"Ground Espresso Coffee (250g)",Pune,350,7000,2489200
7543,2024-02-17,"Ground Espresso Coffee (250g)",Kolkata,350,4200,2489200
7537,2024-02-17,"Ground Espresso Coffee (250g)",Nagpur,350,6650,2489200
7541,2024-02-17,"Ground Espresso Coffee (250g)",Bangalore,350,7000,2489200
7542,2024-02-17,"Ground Espresso Coffee (250g)",Chennai,350,2100,2489200
7578,2024-02-18,"Ground Espresso Coffee (250g)",Chennai,350,4900,2535750
7570,2024-02-18,"Ground Espresso Coffee (250g)",Chennai,350,4900,2535750
7577,2024-02-18,"Ground Espresso Coffee (250g)",Chennai,350,6300,2535750
7568,2024-02-18,"Ground Espresso Coffee (250g)",Mumbai,350,3150,2535750
7573,2024-02-18,"Ground Espresso Coffee (250g)",Kanpur,350,3150,2535750
7569,2024-02-18,"Ground Espresso Coffee (250g)",Pune,350,1750,2535750
7571,2024-02-18,"Ground Espresso Coffee (250g)",Pune,350,2800,2535750
7572,2024-02-18,"Ground Espresso Coffee (250g)",Bangalore,350,6650,2535750
7575,2024-02-18,"Ground Espresso Coffee (250g)",Delhi,350,2800,2535750
7576,2024-02-18,"Ground Espresso Coffee (250g)",Delhi,350,5250,2535750
7574,2024-02-18,"Ground Espresso Coffee (250g)",Delhi,350,4900,2535750
7607,2024-02-19,"Ground Espresso Coffee (250g)",Jaipur,350,2100,2553950
7603,2024-02-19,"Ground Espresso Coffee (250g)",Pune,350,3500,2553950
7606,2024-02-19,"Ground Espresso Coffee (250g)",Nagpur,350,4200,2553950
7604,2024-02-19,"Ground Espresso Coffee (250g)",Chennai,350,2800,2553950
7605,2024-02-19,"Ground Espresso Coffee (250g)",Delhi,350,3850,2553950
7602,2024-02-19,"Ground Espresso Coffee (250g)",Delhi,350,1750,2553950
7628,2024-02-20,"Ground Espresso Coffee (250g)",Pune,350,5600,2587200
7632,2024-02-20,"Ground Espresso Coffee (250g)",Pune,350,2800,2587200
7629,2024-02-20,"Ground Espresso Coffee (250g)",Kanpur,350,3850,2587200
7630,2024-02-20,"Ground Espresso Coffee (250g)",Jaipur,350,5950,2587200
7633,2024-02-20,"Ground Espresso Coffee (250g)",Ahmedabad,350,3150,2587200
7631,2024-02-20,"Ground Espresso Coffee (250g)",Chennai,350,5250,2587200
7634,2024-02-20,"Ground Espresso Coffee (250g)",Bangalore,350,6650,2587200
7653,2024-02-21,"Ground Espresso Coffee (250g)",Bangalore,350,3850,2596300
7652,2024-02-21,"Ground Espresso Coffee (250g)",Ahmedabad,350,3500,2596300
7654,2024-02-21,"Ground Espresso Coffee (250g)",Delhi,350,1750,2596300
7679,2024-02-22,"Ground Espresso Coffee (250g)",Pune,350,4550,2639350
7686,2024-02-22,"Ground Espresso Coffee (250g)",Mumbai,350,2450,2639350
7680,2024-02-22,"Ground Espresso Coffee (250g)",Lucknow,350,6300,2639350
7682,2024-02-22,"Ground Espresso Coffee (250g)",Mumbai,350,3150,2639350
7684,2024-02-22,"Ground Espresso Coffee (250g)",Kanpur,350,5600,2639350
7681,2024-02-22,"Ground Espresso Coffee (250g)",Indore,350,2800,2639350
7683,2024-02-22,"Ground Espresso Coffee (250g)",Jaipur,350,5600,2639350
7685,2024-02-22,"Ground Espresso Coffee (250g)",Pune,350,4550,2639350
7687,2024-02-22,"Ground Espresso Coffee (250g)",Surat,350,2800,2639350
7688,2024-02-22,"Ground Espresso Coffee (250g)",Hyderabad,350,5250,2639350
7705,2024-02-23,"Ground Espresso Coffee (250g)",Mumbai,350,6300,2683450
7704,2024-02-23,"Ground Espresso Coffee (250g)",Bangalore,350,6650,2683450
7710,2024-02-23,"Ground Espresso Coffee (250g)",Bangalore,350,5250,2683450
7702,2024-02-23,"Ground Espresso Coffee (250g)",Mumbai,350,5600,2683450
7706,2024-02-23,"Ground Espresso Coffee (250g)",Hyderabad,350,3150,2683450
7707,2024-02-23,"Ground Espresso Coffee (250g)",Pune,350,6300,2683450
7709,2024-02-23,"Ground Espresso Coffee (250g)",Pune,350,3150,2683450
7703,2024-02-23,"Ground Espresso Coffee (250g)",Chennai,350,4550,2683450
7708,2024-02-23,"Ground Espresso Coffee (250g)",Chennai,350,3150,2683450
7740,2024-02-24,"Ground Espresso Coffee (250g)",Chennai,350,6650,2723350
7735,2024-02-24,"Ground Espresso Coffee (250g)",Chennai,350,6300,2723350
7739,2024-02-24,"Ground Espresso Coffee (250g)",Delhi,350,5600,2723350
7737,2024-02-24,"Ground Espresso Coffee (250g)",Pune,350,5600,2723350
7734,2024-02-24,"Ground Espresso Coffee (250g)",Jaipur,350,6650,2723350
7736,2024-02-24,"Ground Espresso Coffee (250g)",Jaipur,350,3850,2723350
7738,2024-02-24,"Ground Espresso Coffee (250g)",Bangalore,350,5250,2723350
7762,2024-02-25,"Ground Espresso Coffee (250g)",Bangalore,350,3500,2755200
7760,2024-02-25,"Ground Espresso Coffee (250g)",Bangalore,350,3150,2755200
7761,2024-02-25,"Ground Espresso Coffee (250g)",Pune,350,2100,2755200
7765,2024-02-25,"Ground Espresso Coffee (250g)",Jaipur,350,3150,2755200
7759,2024-02-25,"Ground Espresso Coffee (250g)",Delhi,350,6650,2755200
7758,2024-02-25,"Ground Espresso Coffee (250g)",Delhi,350,4200,2755200
7764,2024-02-25,"Ground Espresso Coffee (250g)",Delhi,350,4550,2755200
7763,2024-02-25,"Ground Espresso Coffee (250g)",Jaipur,350,4550,2755200
7798,2024-02-26,"Ground Espresso Coffee (250g)",Jaipur,350,3850,2765700
7797,2024-02-26,"Ground Espresso Coffee (250g)",Pune,350,3850,2765700
7796,2024-02-26,"Ground Espresso Coffee (250g)",Chennai,350,2800,2765700
7826,2024-02-27,"Ground Espresso Coffee (250g)",Chennai,350,5250,2788450
7823,2024-02-27,"Ground Espresso Coffee (250g)",Pune,350,4550,2788450
7821,2024-02-27,"Ground Espresso Coffee (250g)",Pune,350,3500,2788450
7824,2024-02-27,"Ground Espresso Coffee (250g)",Delhi,350,4550,2788450
7822,2024-02-27,"Ground Espresso Coffee (250g)",Kanpur,350,2450,2788450
7825,2024-02-27,"Ground Espresso Coffee (250g)",Jaipur,350,2450,2788450
7858,2024-02-28,"Ground Espresso Coffee (250g)",Delhi,350,2450,2827300
7859,2024-02-28,"Ground Espresso Coffee (250g)",Bangalore,350,7000,2827300
7860,2024-02-28,"Ground Espresso Coffee (250g)",Bangalore,350,7000,2827300
7862,2024-02-28,"Ground Espresso Coffee (250g)",Bangalore,350,2100,2827300
7863,2024-02-28,"Ground Espresso Coffee (250g)",Bangalore,350,5950,2827300
7856,2024-02-28,"Ground Espresso Coffee (250g)",Pune,350,3850,2827300
7861,2024-02-28,"Ground Espresso Coffee (250g)",Delhi,350,3500,2827300
7857,2024-02-28,"Ground Espresso Coffee (250g)",Delhi,350,7000,2827300
7885,2024-02-29,"Ground Espresso Coffee (250g)",Pune,350,3500,2838150
7883,2024-02-29,"Ground Espresso Coffee (250g)",Bangalore,350,3850,2838150
7884,2024-02-29,"Ground Espresso Coffee (250g)",Delhi,350,3500,2838150
7922,2024-03-01,"Ground Espresso Coffee (250g)",Delhi,350,5250,2886100
7913,2024-03-01,"Ground Espresso Coffee (250g)",Kolkata,350,7000,2886100
7912,2024-03-01,"Ground Espresso Coffee (250g)",Chennai,350,2800,2886100
7917,2024-03-01,"Ground Espresso Coffee (250g)",Chennai,350,4200,2886100
7915,2024-03-01,"Ground Espresso Coffee (250g)",Chennai,350,3500,2886100
7919,2024-03-01,"Ground Espresso Coffee (250g)",Pune,350,4200,2886100
7923,2024-03-01,"Ground Espresso Coffee (250g)",Jaipur,350,5600,2886100
7920,2024-03-01,"Ground Espresso Coffee (250g)",Hyderabad,350,3850,2886100
7914,2024-03-01,"Ground Espresso Coffee (250g)",Jaipur,350,3150,2886100
7916,2024-03-01,"Ground Espresso Coffee (250g)",Pune,350,3850,2886100
7918,2024-03-01,"Ground Espresso Coffee (250g)",Delhi,350,1750,2886100
7921,2024-03-01,"Ground Espresso Coffee (250g)",Delhi,350,2800,2886100
7964,2024-03-02,"Ground Espresso Coffee (250g)",Delhi,350,3500,2966950
7967,2024-03-02,"Ground Espresso Coffee (250g)",Delhi,350,4550,2966950
7969,2024-03-02,"Ground Espresso Coffee (250g)",Jaipur,350,6300,2966950
7970,2024-03-02,"Ground Espresso Coffee (250g)",Chennai,350,3500,2966950
7965,2024-03-02,"Ground Espresso Coffee (250g)",Chennai,350,5950,2966950
7974,2024-03-02,"Ground Espresso Coffee (250g)",Jaipur,350,7000,2966950
7973,2024-03-02,"Ground Espresso Coffee (250g)",Kolkata,350,4900,2966950
7977,2024-03-02,"Ground Espresso Coffee (250g)",Delhi,350,6650,2966950
7972,2024-03-02,"Ground Espresso Coffee (250g)",Delhi,350,6300,2966950
7971,2024-03-02,"Ground Espresso Coffee (250g)",Pune,350,1750,2966950
7978,2024-03-02,"Ground Espresso Coffee (250g)",Mumbai,350,4550,2966950
7963,2024-03-02,"Ground Espresso Coffee (250g)",Pune,350,2100,2966950
7968,2024-03-02,"Ground Espresso Coffee (250g)",Kanpur,350,6300,2966950
7975,2024-03-02,"Ground Espresso Coffee (250g)",Bangalore,350,4900,2966950
7976,2024-03-02,"Ground Espresso Coffee (250g)",Hyderabad,350,6650,2966950
7966,2024-03-02,"Ground Espresso Coffee (250g)",Mumbai,350,5950,2966950
8034,2024-03-03,"Ground Espresso Coffee (250g)",Delhi,350,5950,3008250
8030,2024-03-03,"Ground Espresso Coffee (250g)",Chennai,350,1750,3008250
8024,2024-03-03,"Ground Espresso Coffee (250g)",Chennai,350,4200,3008250
8033,2024-03-03,"Ground Espresso Coffee (250g)",Chennai,350,6650,3008250
8026,2024-03-03,"Ground Espresso Coffee (250g)",Mumbai,350,2100,3008250
8029,2024-03-03,"Ground Espresso Coffee (250g)",Kolkata,350,2100,3008250
8028,2024-03-03,"Ground Espresso Coffee (250g)",Bangalore,350,3150,3008250
8032,2024-03-03,"Ground Espresso Coffee (250g)",Jaipur,350,5250,3008250
8027,2024-03-03,"Ground Espresso Coffee (250g)",Mumbai,350,2100,3008250
8025,2024-03-03,"Ground Espresso Coffee (250g)",Kanpur,350,2450,3008250
8031,2024-03-03,"Ground Espresso Coffee (250g)",Pune,350,5600,3008250
8060,2024-03-04,"Ground Espresso Coffee (250g)",Jaipur,350,3500,3039400
8058,2024-03-04,"Ground Espresso Coffee (250g)",Lucknow,350,2800,3039400
8055,2024-03-04,"Ground Espresso Coffee (250g)",Surat,350,3850,3039400
8054,2024-03-04,"Ground Espresso Coffee (250g)",Jaipur,350,6300,3039400
8053,2024-03-04,"Ground Espresso Coffee (250g)",Ahmedabad,350,4550,3039400
8057,2024-03-04,"Ground Espresso Coffee (250g)",Bangalore,350,1750,3039400
8059,2024-03-04,"Ground Espresso Coffee (250g)",Bangalore,350,3500,3039400
8056,2024-03-04,"Ground Espresso Coffee (250g)",Bangalore,350,4900,3039400
8089,2024-03-05,"Ground Espresso Coffee (250g)",Bangalore,350,4550,3073000
8085,2024-03-05,"Ground Espresso Coffee (250g)",Mumbai,350,2450,3073000
8088,2024-03-05,"Ground Espresso Coffee (250g)",Jaipur,350,2450,3073000
8090,2024-03-05,"Ground Espresso Coffee (250g)",Delhi,350,3500,3073000
8086,2024-03-05,"Ground Espresso Coffee (250g)",Indore,350,6650,3073000
8087,2024-03-05,"Ground Espresso Coffee (250g)",Pune,350,5950,3073000
8091,2024-03-05,"Ground Espresso Coffee (250g)",Jaipur,350,5950,3073000
8092,2024-03-05,"Ground Espresso Coffee (250g)",Delhi,350,2100,3073000
8132,2024-03-06,"Ground Espresso Coffee (250g)",Kanpur,350,5600,3114650
8125,2024-03-06,"Ground Espresso Coffee (250g)",Bangalore,350,5950,3114650
8129,2024-03-06,"Ground Espresso Coffee (250g)",Chennai,350,1750,3114650
8128,2024-03-06,"Ground Espresso Coffee (250g)",Chennai,350,6650,3114650
8130,2024-03-06,"Ground Espresso Coffee (250g)",Lucknow,350,3150,3114650
8131,2024-03-06,"Ground Espresso Coffee (250g)",Delhi,350,2450,3114650
8126,2024-03-06,"Ground Espresso Coffee (250g)",Kolkata,350,4900,3114650
8127,2024-03-06,"Ground Espresso Coffee (250g)",Delhi,350,1750,3114650
8123,2024-03-06,"Ground Espresso Coffee (250g)",Kanpur,350,5950,3114650
8124,2024-03-06,"Ground Espresso Coffee (250g)",Jaipur,350,3500,3114650
8160,2024-03-07,"Ground Espresso Coffee (250g)",Jaipur,350,4200,3163650
8159,2024-03-07,"Ground Espresso Coffee (250g)",Bangalore,350,3150,3163650
8152,2024-03-07,"Ground Espresso Coffee (250g)",Delhi,350,6300,3163650
8155,2024-03-07,"Ground Espresso Coffee (250g)",Hyderabad,350,4550,3163650
8153,2024-03-07,"Ground Espresso Coffee (250g)",Pune,350,4550,3163650
8156,2024-03-07,"Ground Espresso Coffee (250g)",Delhi,350,4900,3163650
8157,2024-03-07,"Ground Espresso Coffee (250g)",Kanpur,350,3850,3163650
8154,2024-03-07,"Ground Espresso Coffee (250g)",Kanpur,350,5950,3163650
8150,2024-03-07,"Ground Espresso Coffee (250g)",Chennai,350,1750,3163650
8158,2024-03-07,"Ground Espresso Coffee (250g)",Delhi,350,3850,3163650
8151,2024-03-07,"Ground Espresso Coffee (250g)",Delhi,350,5950,3163650
8181,2024-03-08,"Ground Espresso Coffee (250g)",Pune,350,4900,3187450
8182,2024-03-08,"Ground Espresso Coffee (250g)",Pune,350,3850,3187450
8176,2024-03-08,"Ground Espresso Coffee (250g)",Hyderabad,350,2450,3187450
8179,2024-03-08,"Ground Espresso Coffee (250g)",Bangalore,350,2800,3187450
8178,2024-03-08,"Ground Espresso Coffee (250g)",Bangalore,350,3850,3187450
8180,2024-03-08,"Ground Espresso Coffee (250g)",Mumbai,350,2450,3187450
8177,2024-03-08,"Ground Espresso Coffee (250g)",Chennai,350,3500,3187450
8211,2024-03-09,"Ground Espresso Coffee (250g)",Bangalore,350,2450,3213700
8212,2024-03-09,"Ground Espresso Coffee (250g)",Jaipur,350,4200,3213700
8214,2024-03-09,"Ground Espresso Coffee (250g)",Mumbai,350,5950,3213700
8213,2024-03-09,"Ground Espresso Coffee (250g)",Pune,350,4550,3213700
8216,2024-03-09,"Ground Espresso Coffee (250g)",Mumbai,350,6650,3213700
8215,2024-03-09,"Ground Espresso Coffee (250g)",Kanpur,350,2450,3213700
8240,2024-03-10,"Ground Espresso Coffee (250g)",Chennai,350,5950,3240650
8242,2024-03-10,"Ground Espresso Coffee (250g)",Delhi,350,3850,3240650
8239,2024-03-10,"Ground Espresso Coffee (250g)",Pune,350,7000,3240650
8237,2024-03-10,"Ground Espresso Coffee (250g)",Delhi,350,3850,3240650
8238,2024-03-10,"Ground Espresso Coffee (250g)",Delhi,350,1750,3240650
8241,2024-03-10,"Ground Espresso Coffee (250g)",Pune,350,4550,3240650
8262,2024-03-11,"Ground Espresso Coffee (250g)",Pune,350,5250,3276700
8265,2024-03-11,"Ground Espresso Coffee (250g)",Bangalore,350,4550,3276700
8267,2024-03-11,"Ground Espresso Coffee (250g)",Jaipur,350,4900,3276700
8266,2024-03-11,"Ground Espresso Coffee (250g)",Kanpur,350,4900,3276700
8263,2024-03-11,"Ground Espresso Coffee (250g)",Lucknow,350,4200,3276700
8264,2024-03-11,"Ground Espresso Coffee (250g)",Pune,350,5950,3276700
8261,2024-03-11,"Ground Espresso Coffee (250g)",Delhi,350,6300,3276700
8296,2024-03-12,"Ground Espresso Coffee (250g)",Jaipur,350,3500,3328850
8293,2024-03-12,"Ground Espresso Coffee (250g)",Jaipur,350,3500,3328850
8291,2024-03-12,"Ground Espresso Coffee (250g)",Jaipur,350,3850,3328850
8292,2024-03-12,"Ground Espresso Coffee (250g)",Pune,350,7000,3328850
8288,2024-03-12,"Ground Espresso Coffee (250g)",Delhi,350,6650,3328850
8297,2024-03-12,"Ground Espresso Coffee (250g)",Pune,350,3850,3328850
8290,2024-03-12,"Ground Espresso Coffee (250g)",Jaipur,350,4550,3328850
8294,2024-03-12,"Ground Espresso Coffee (250g)",Ahmedabad,350,6650,3328850
8295,2024-03-12,"Ground Espresso Coffee (250g)",Pune,350,2100,3328850
8298,2024-03-12,"Ground Espresso Coffee (250g)",Chennai,350,2450,3328850
8289,2024-03-12,"Ground Espresso Coffee (250g)",Bangalore,350,2100,3328850
8299,2024-03-12,"Ground Espresso Coffee (250g)",Bangalore,350,5950,3328850
8318,2024-03-13,"Ground Espresso Coffee (250g)",Pune,350,5250,3346350
8320,2024-03-13,"Ground Espresso Coffee (250g)",Jaipur,350,5250,3346350
8321,2024-03-13,"Ground Espresso Coffee (250g)",Chennai,350,5250,3346350
8319,2024-03-13,"Ground Espresso Coffee (250g)",Jaipur,350,1750,3346350
8344,2024-03-14,"Ground Espresso Coffee (250g)",Ahmedabad,350,4900,3379950
8346,2024-03-14,"Ground Espresso Coffee (250g)",Bangalore,350,3150,3379950
8347,2024-03-14,"Ground Espresso Coffee (250g)",Chennai,350,4900,3379950
8343,2024-03-14,"Ground Espresso Coffee (250g)",Chennai,350,5950,3379950
8349,2024-03-14,"Ground Espresso Coffee (250g)",Chennai,350,1750,3379950
8348,2024-03-14,"Ground Espresso Coffee (250g)",Jaipur,350,4900,3379950
8342,2024-03-14,"Ground Espresso Coffee (250g)",Surat,350,5250,3379950
8345,2024-03-14,"Ground Espresso Coffee (250g)",Delhi,350,2800,3379950
8375,2024-03-15,"Ground Espresso Coffee (250g)",Lucknow,350,4900,3414600
8380,2024-03-15,"Ground Espresso Coffee (250g)",Delhi,350,3150,3414600
8373,2024-03-15,"Ground Espresso Coffee (250g)",Mumbai,350,5950,3414600
8377,2024-03-15,"Ground Espresso Coffee (250g)",Jaipur,350,3150,3414600
8374,2024-03-15,"Ground Espresso Coffee (250g)",Chennai,350,3850,3414600
8381,2024-03-15,"Ground Espresso Coffee (250g)",Chennai,350,4900,3414600
8376,2024-03-15,"Ground Espresso Coffee (250g)",Pune,350,4200,3414600
8379,2024-03-15,"Ground Espresso Coffee (250g)",Pune,350,2800,3414600
8378,2024-03-15,"Ground Espresso Coffee (250g)",Bangalore,350,1750,3414600
8404,2024-03-16,"Ground Espresso Coffee (250g)",Bangalore,350,7000,3452050
8405,2024-03-16,"Ground Espresso Coffee (250g)",Pune,350,1750,3452050
8403,2024-03-16,"Ground Espresso Coffee (250g)",Delhi,350,6650,3452050
8402,2024-03-16,"Ground Espresso Coffee (250g)",Pune,350,1750,3452050
8408,2024-03-16,"Ground Espresso Coffee (250g)",Delhi,350,4550,3452050
8406,2024-03-16,"Ground Espresso Coffee (250g)",Jaipur,350,7000,3452050
8409,2024-03-16,"Ground Espresso Coffee (250g)",Pune,350,3500,3452050
8407,2024-03-16,"Ground Espresso Coffee (250g)",Chennai,350,5250,3452050
8435,2024-03-17,"Ground Espresso Coffee (250g)",Chennai,350,3150,3503150
8438,2024-03-17,"Ground Espresso Coffee (250g)",Jaipur,350,2800,3503150
8444,2024-03-17,"Ground Espresso Coffee (250g)",Pune,350,6300,3503150
8437,2024-03-17,"Ground Espresso Coffee (250g)",Nagpur,350,4200,3503150
8441,2024-03-17,"Ground Espresso Coffee (250g)",Nagpur,350,7000,3503150
8440,2024-03-17,"Ground Espresso Coffee (250g)",Kolkata,350,4550,3503150
8442,2024-03-17,"Ground Espresso Coffee (250g)",Indore,350,7000,3503150
8439,2024-03-17,"Ground Espresso Coffee (250g)",Delhi,350,6300,3503150
8443,2024-03-17,"Ground Espresso Coffee (250g)",Delhi,350,3150,3503150
8436,2024-03-17,"Ground Espresso Coffee (250g)",Delhi,350,6650,3503150
8465,2024-03-18,"Ground Espresso Coffee (250g)",Nagpur,350,1750,3525200
8470,2024-03-18,"Ground Espresso Coffee (250g)",Chennai,350,2100,3525200
8467,2024-03-18,"Ground Espresso Coffee (250g)",Jaipur,350,1750,3525200
8469,2024-03-18,"Ground Espresso Coffee (250g)",Jaipur,350,5250,3525200
8466,2024-03-18,"Ground Espresso Coffee (250g)",Delhi,350,7000,3525200
8468,2024-03-18,"Ground Espresso Coffee (250g)",Pune,350,4200,3525200
8501,2024-03-19,"Ground Espresso Coffee (250g)",Delhi,350,5600,3603950
8497,2024-03-19,"Ground Espresso Coffee (250g)",Indore,350,5250,3603950
8496,2024-03-19,"Ground Espresso Coffee (250g)",Hyderabad,350,6650,3603950
8499,2024-03-19,"Ground Espresso Coffee (250g)",Jaipur,350,3500,3603950
8500,2024-03-19,"Ground Espresso Coffee (250g)",Kanpur,350,7000,3603950
8504,2024-03-19,"Ground Espresso Coffee (250g)",Pune,350,4550,3603950
8494,2024-03-19,"Ground Espresso Coffee (250g)",Bangalore,350,4900,3603950
8492,2024-03-19,"Ground Espresso Coffee (250g)",Bangalore,350,1750,3603950
8506,2024-03-19,"Ground Espresso Coffee (250g)",Bangalore,350,4550,3603950
8498,2024-03-19,"Ground Espresso Coffee (250g)",Bangalore,350,6300,3603950
8503,2024-03-19,"Ground Espresso Coffee (250g)",Bangalore,350,4900,3603950
8502,2024-03-19,"Ground Espresso Coffee (250g)",Chennai,350,2800,3603950
8495,2024-03-19,"Ground Espresso Coffee (250g)",Delhi,350,1750,3603950
8505,2024-03-19,"Ground Espresso Coffee (250g)",Delhi,350,6300,3603950
8493,2024-03-19,"Ground Espresso Coffee (250g)",Kolkata,350,3850,3603950
8507,2024-03-19,"Ground Espresso Coffee (250g)",Delhi,350,3150,3603950
8508,2024-03-19,"Ground Espresso Coffee (250g)",Jaipur,350,5950,3603950
8531,2024-03-20,"Ground Espresso Coffee (250g)",Lucknow,350,5600,3614450
8533,2024-03-20,"Ground Espresso Coffee (250g)",Chennai,350,1750,3614450
8532,2024-03-20,"Ground Espresso Coffee (250g)",Chennai,350,3150,3614450
8553,2024-03-21,"Ground Espresso Coffee (250g)",Delhi,350,5250,3639650
8549,2024-03-21,"Ground Espresso Coffee (250g)",Surat,350,3150,3639650
8550,2024-03-21,"Ground Espresso Coffee (250g)",Delhi,350,7000,3639650
8554,2024-03-21,"Ground Espresso Coffee (250g)",Jaipur,350,4550,3639650
8551,2024-03-21,"Ground Espresso Coffee (250g)",Jaipur,350,1750,3639650
8552,2024-03-21,"Ground Espresso Coffee (250g)",Ahmedabad,350,3500,3639650
8583,2024-03-22,"Ground Espresso Coffee (250g)",Pune,350,3850,3685500
8576,2024-03-22,"Ground Espresso Coffee (250g)",Pune,350,2800,3685500
8579,2024-03-22,"Ground Espresso Coffee (250g)",Pune,350,6650,3685500
8575,2024-03-22,"Ground Espresso Coffee (250g)",Kolkata,350,7000,3685500
8584,2024-03-22,"Ground Espresso Coffee (250g)",Chennai,350,4900,3685500
8581,2024-03-22,"Ground Espresso Coffee (250g)",Ahmedabad,350,3850,3685500
8580,2024-03-22,"Ground Espresso Coffee (250g)",Bangalore,350,2100,3685500
8582,2024-03-22,"Ground Espresso Coffee (250g)",Nagpur,350,6650,3685500
8577,2024-03-22,"Ground Espresso Coffee (250g)",Pune,350,2100,3685500
8578,2024-03-22,"Ground Espresso Coffee (250g)",Kolkata,350,2800,3685500
8574,2024-03-22,"Ground Espresso Coffee (250g)",Delhi,350,3150,3685500
8609,2024-03-23,"Ground Espresso Coffee (250g)",Mumbai,350,6650,3737300
8613,2024-03-23,"Ground Espresso Coffee (250g)",Delhi,350,5600,3737300
8607,2024-03-23,"Ground Espresso Coffee (250g)",Indore,350,4550,3737300
8611,2024-03-23,"Ground Espresso Coffee (250g)",Delhi,350,4550,3737300
8610,2024-03-23,"Ground Espresso Coffee (250g)",Jaipur,350,3850,3737300
8608,2024-03-23,"Ground Espresso Coffee (250g)",Pune,350,5600,3737300
8614,2024-03-23,"Ground Espresso Coffee (250g)",Pune,350,6300,3737300
8612,2024-03-23,"Ground Espresso Coffee (250g)",Bangalore,350,5950,3737300
8606,2024-03-23,"Ground Espresso Coffee (250g)",Chennai,350,2450,3737300
8605,2024-03-23,"Ground Espresso Coffee (250g)",Chennai,350,6300,3737300
8639,2024-03-24,"Ground Espresso Coffee (250g)",Chennai,350,6300,3761450
8640,2024-03-24,"Ground Espresso Coffee (250g)",Kolkata,350,2100,3761450
8638,2024-03-24,"Ground Espresso Coffee (250g)",Pune,350,1750,3761450
8642,2024-03-24,"Ground Espresso Coffee (250g)",Chennai,350,4200,3761450
8641,2024-03-24,"Ground Espresso Coffee (250g)",Mumbai,350,5950,3761450
8643,2024-03-24,"Ground Espresso Coffee (250g)",Pune,350,3850,3761450
8671,2024-03-25,"Ground Espresso Coffee (250g)",Pune,350,4900,3783150
8672,2024-03-25,"Ground Espresso Coffee (250g)",Chennai,350,5600,3783150
8674,2024-03-25,"Ground Espresso Coffee (250g)",Chennai,350,3150,3783150
8675,2024-03-25,"Ground Espresso Coffee (250g)",Pune,350,3150,3783150
8673,2024-03-25,"Ground Espresso Coffee (250g)",Chennai,350,4900,3783150
8701,2024-03-26,"Ground Espresso Coffee (250g)",Chennai,350,1750,3793650
8700,2024-03-26,"Ground Espresso Coffee (250g)",Pune,350,2800,3793650
8699,2024-03-26,"Ground Espresso Coffee (250g)",Indore,350,1750,3793650
8698,2024-03-26,"Ground Espresso Coffee (250g)",Bangalore,350,4200,3793650
8719,2024-03-27,"Ground Espresso Coffee (250g)",Mumbai,350,5950,3832850
8720,2024-03-27,"Ground Espresso Coffee (250g)",Kolkata,350,6650,3832850
8724,2024-03-27,"Ground Espresso Coffee (250g)",Pune,350,5950,3832850
8721,2024-03-27,"Ground Espresso Coffee (250g)",Kolkata,350,6300,3832850
8725,2024-03-27,"Ground Espresso Coffee (250g)",Delhi,350,3150,3832850
8723,2024-03-27,"Ground Espresso Coffee (250g)",Jaipur,350,4900,3832850
8722,2024-03-27,"Ground Espresso Coffee (250g)",Nagpur,350,6300,3832850
8750,2024-03-28,"Ground Espresso Coffee (250g)",Ahmedabad,350,7000,3855250
8747,2024-03-28,"Ground Espresso Coffee (250g)",Kanpur,350,3500,3855250
8749,2024-03-28,"Ground Espresso Coffee (250g)",Pune,350,3850,3855250
8746,2024-03-28,"Ground Espresso Coffee (250g)",Surat,350,1750,3855250
8748,2024-03-28,"Ground Espresso Coffee (250g)",Jaipur,350,6300,3855250
8780,2024-03-29,"Ground Espresso Coffee (250g)",Jaipur,350,5250,3896550
8787,2024-03-29,"Ground Espresso Coffee (250g)",Indore,350,5600,3896550
8782,2024-03-29,"Ground Espresso Coffee (250g)",Delhi,350,4900,3896550
8779,2024-03-29,"Ground Espresso Coffee (250g)",Jaipur,350,4900,3896550
8783,2024-03-29,"Ground Espresso Coffee (250g)",Pune,350,4200,3896550
8785,2024-03-29,"Ground Espresso Coffee (250g)",Hyderabad,350,2100,3896550
8784,2024-03-29,"Ground Espresso Coffee (250g)",Jaipur,350,6300,3896550
8781,2024-03-29,"Ground Espresso Coffee (250g)",Jaipur,350,5250,3896550
8786,2024-03-29,"Ground Espresso Coffee (250g)",Bangalore,350,2800,3896550
8811,2024-03-30,"Ground Espresso Coffee (250g)",Bangalore,350,4550,3925600
8813,2024-03-30,"Ground Espresso Coffee (250g)",Nagpur,350,5600,3925600
8815,2024-03-30,"Ground Espresso Coffee (250g)",Pune,350,4550,3925600
8814,2024-03-30,"Ground Espresso Coffee (250g)",Pune,350,5600,3925600
8816,2024-03-30,"Ground Espresso Coffee (250g)",Jaipur,350,2100,3925600
8812,2024-03-30,"Ground Espresso Coffee (250g)",Pune,350,6650,3925600
8837,2024-03-31,"Ground Espresso Coffee (250g)",Chennai,350,3500,3960600
8838,2024-03-31,"Ground Espresso Coffee (250g)",Chennai,350,5600,3960600
8841,2024-03-31,"Ground Espresso Coffee (250g)",Bangalore,350,7000,3960600
8835,2024-03-31,"Ground Espresso Coffee (250g)",Bangalore,350,6300,3960600
8836,2024-03-31,"Ground Espresso Coffee (250g)",Bangalore,350,5250,3960600
8840,2024-03-31,"Ground Espresso Coffee (250g)",Pune,350,3850,3960600
8839,2024-03-31,"Ground Espresso Coffee (250g)",Pune,350,3500,3960600
8866,2024-04-01,"Ground Espresso Coffee (250g)",Pune,350,2450,3967250
8867,2024-04-01,"Ground Espresso Coffee (250g)",Delhi,350,4200,3967250
8877,2024-04-02,"Ground Espresso Coffee (250g)",Surat,350,2800,3982300
8875,2024-04-02,"Ground Espresso Coffee (250g)",Jaipur,350,6650,3982300
8876,2024-04-02,"Ground Espresso Coffee (250g)",Mumbai,350,5600,3982300
8886,2024-04-03,"Ground Espresso Coffee (250g)",Delhi,350,5250,3989650
8885,2024-04-03,"Ground Espresso Coffee (250g)",Delhi,350,2100,3989650
8892,2024-04-04,"Ground Espresso Coffee (250g)",Ahmedabad,350,3500,3993150
8903,2024-04-05,"Ground Espresso Coffee (250g)",Pune,350,3500,4001900
8902,2024-04-05,"Ground Espresso Coffee (250g)",Bangalore,350,5250,4001900
8913,2024-04-06,"Ground Espresso Coffee (250g)",Chennai,350,7000,4010650
8912,2024-04-06,"Ground Espresso Coffee (250g)",Mumbai,350,1750,4010650
8920,2024-04-07,"Ground Espresso Coffee (250g)",Surat,350,3500,4021150
8918,2024-04-07,"Ground Espresso Coffee (250g)",Pune,350,5250,4021150
8919,2024-04-07,"Ground Espresso Coffee (250g)",Delhi,350,1750,4021150
8929,2024-04-09,"Ground Espresso Coffee (250g)",Jaipur,350,4550,4032000
8930,2024-04-09,"Ground Espresso Coffee (250g)",Chennai,350,6300,4032000
8937,2024-04-10,"Ground Espresso Coffee (250g)",Delhi,350,7000,4039000
8944,2024-04-11,"Ground Espresso Coffee (250g)",Jaipur,350,1750,4043900
8945,2024-04-11,"Ground Espresso Coffee (250g)",Delhi,350,3150,4043900
8952,2024-04-12,"Ground Espresso Coffee (250g)",Jaipur,350,5600,4049500
8962,2024-04-13,"Ground Espresso Coffee (250g)",Jaipur,350,7000,4072950
8961,2024-04-13,"Ground Espresso Coffee (250g)",Surat,350,5600,4072950
8959,2024-04-13,"Ground Espresso Coffee (250g)",Bangalore,350,4200,4072950
8960,2024-04-13,"Ground Espresso Coffee (250g)",Kanpur,350,6650,4072950
8977,2024-04-15,"Ground Espresso Coffee (250g)",Bangalore,350,3500,4088700
8979,2024-04-15,"Ground Espresso Coffee (250g)",Chennai,350,3150,4088700
8976,2024-04-15,"Ground Espresso Coffee (250g)",Mumbai,350,2450,4088700
8978,2024-04-15,"Ground Espresso Coffee (250g)",Delhi,350,6650,4088700
8986,2024-04-16,"Ground Espresso Coffee (250g)",Jaipur,350,5950,4097100
8987,2024-04-16,"Ground Espresso Coffee (250g)",Indore,350,2450,4097100
8998,2024-04-17,"Ground Espresso Coffee (250g)",Surat,350,6300,4103400
9006,2024-04-18,"Ground Espresso Coffee (250g)",Pune,350,2450,4118450
9007,2024-04-18,"Ground Espresso Coffee (250g)",Jaipur,350,5600,4118450
9008,2024-04-18,"Ground Espresso Coffee (250g)",Chennai,350,7000,4118450
9018,2024-04-19,"Ground Espresso Coffee (250g)",Hyderabad,350,4900,4129300
9019,2024-04-19,"Ground Espresso Coffee (250g)",Jaipur,350,4200,4129300
9020,2024-04-19,"Ground Espresso Coffee (250g)",Nagpur,350,1750,4129300
9030,2024-04-20,"Ground Espresso Coffee (250g)",Chennai,350,5250,4143300
9029,2024-04-20,"Ground Espresso Coffee (250g)",Delhi,350,5600,4143300
9028,2024-04-20,"Ground Espresso Coffee (250g)",Pune,350,3150,4143300
9039,2024-04-21,"Ground Espresso Coffee (250g)",Pune,350,3150,4146450
9045,2024-04-22,"Ground Espresso Coffee (250g)",Chennai,350,2100,4154850
9044,2024-04-22,"Ground Espresso Coffee (250g)",Delhi,350,2450,4154850
9046,2024-04-22,"Ground Espresso Coffee (250g)",Jaipur,350,3850,4154850
9057,2024-04-23,"Ground Espresso Coffee (250g)",Delhi,350,2100,4159750
9058,2024-04-23,"Ground Espresso Coffee (250g)",Jaipur,350,2800,4159750
9062,2024-04-24,"Ground Espresso Coffee (250g)",Pune,350,4550,4170950
9061,2024-04-24,"Ground Espresso Coffee (250g)",Bangalore,350,6650,4170950
9074,2024-04-25,"Ground Espresso Coffee (250g)",Jaipur,350,3500,4177950
9073,2024-04-25,"Ground Espresso Coffee (250g)",Jaipur,350,3500,4177950
9083,2024-04-26,"Ground Espresso Coffee (250g)",Delhi,350,2450,4184950
9084,2024-04-26,"Ground Espresso Coffee (250g)",Chennai,350,2800,4184950
9082,2024-04-26,"Ground Espresso Coffee (250g)",Delhi,350,1750,4184950
9092,2024-04-27,"Ground Espresso Coffee (250g)",Jaipur,350,2450,4187400
9097,2024-04-28,"Ground Espresso Coffee (250g)",Delhi,350,2800,4202100
9096,2024-04-28,"Ground Espresso Coffee (250g)",Chennai,350,4550,4202100
9098,2024-04-28,"Ground Espresso Coffee (250g)",Bangalore,350,5250,4202100
9099,2024-04-28,"Ground Espresso Coffee (250g)",Delhi,350,2100,4202100
9105,2024-04-29,"Ground Espresso Coffee (250g)",Chennai,350,4900,4213300
9106,2024-04-29,"Ground Espresso Coffee (250g)",Delhi,350,6300,4213300
9110,2024-04-30,"Ground Espresso Coffee (250g)",Delhi,350,2100,4219950
9109,2024-04-30,"Ground Espresso Coffee (250g)",Chennai,350,4550,4219950
9118,2024-05-01,"Ground Espresso Coffee (250g)",Pune,350,4200,4243400
9117,2024-05-01,"Ground Espresso Coffee (250g)",Bangalore,350,5600,4243400
9116,2024-05-01,"Ground Espresso Coffee (250g)",Pune,350,3850,4243400
9120,2024-05-01,"Ground Espresso Coffee (250g)",Nagpur,350,6650,4243400
9119,2024-05-01,"Ground Espresso Coffee (250g)",Kolkata,350,3150,4243400
9142,2024-05-02,"Ground Espresso Coffee (250g)",Mumbai,350,3500,4256700
9143,2024-05-02,"Ground Espresso Coffee (250g)",Chennai,350,7000,4256700
9144,2024-05-02,"Ground Espresso Coffee (250g)",Delhi,350,2800,4256700
9150,2024-05-03,"Ground Espresso Coffee (250g)",Surat,350,3150,4261600
9151,2024-05-03,"Ground Espresso Coffee (250g)",Jaipur,350,1750,4261600
9162,2024-05-04,"Ground Espresso Coffee (250g)",Pune,350,4200,4281900
9160,2024-05-04,"Ground Espresso Coffee (250g)",Surat,350,3500,4281900
9163,2024-05-04,"Ground Espresso Coffee (250g)",Surat,350,6650,4281900
9161,2024-05-04,"Ground Espresso Coffee (250g)",Delhi,350,5950,4281900
9172,2024-05-05,"Ground Espresso Coffee (250g)",Delhi,350,5250,4288900
9171,2024-05-05,"Ground Espresso Coffee (250g)",Pune,350,1750,4288900
9182,2024-05-06,"Ground Espresso Coffee (250g)",Delhi,350,1750,4295900
9183,2024-05-06,"Ground Espresso Coffee (250g)",Pune,350,5250,4295900
9203,2024-05-08,"Ground Espresso Coffee (250g)",Jaipur,350,4200,4317950
9204,2024-05-08,"Ground Espresso Coffee (250g)",Indore,350,2100,4317950
9200,2024-05-08,"Ground Espresso Coffee (250g)",Indore,350,4200,4317950
9201,2024-05-08,"Ground Espresso Coffee (250g)",Indore,350,2100,4317950
9205,2024-05-08,"Ground Espresso Coffee (250g)",Kanpur,350,5950,4317950
9202,2024-05-08,"Ground Espresso Coffee (250g)",Bangalore,350,3500,4317950
9214,2024-05-09,"Ground Espresso Coffee (250g)",Pune,350,2450,4329500
9213,2024-05-09,"Ground Espresso Coffee (250g)",Delhi,350,2100,4329500
9215,2024-05-09,"Ground Espresso Coffee (250g)",Chennai,350,7000,4329500
9228,2024-05-10,"Ground Espresso Coffee (250g)",Delhi,350,7000,4336500
9237,2024-05-11,"Ground Espresso Coffee (250g)",Chennai,350,6300,4350850
9238,2024-05-11,"Ground Espresso Coffee (250g)",Nagpur,350,4550,4350850
9239,2024-05-11,"Ground Espresso Coffee (250g)",Kanpur,350,3500,4350850
9250,2024-05-12,"Ground Espresso Coffee (250g)",Pune,350,1750,4352600
9258,2024-05-13,"Ground Espresso Coffee (250g)",Delhi,350,5950,4362750
9259,2024-05-13,"Ground Espresso Coffee (250g)",Pune,350,4200,4362750
9264,2024-05-14,"Ground Espresso Coffee (250g)",Jaipur,350,4900,4380950
9266,2024-05-14,"Ground Espresso Coffee (250g)",Pune,350,5600,4380950
9265,2024-05-14,"Ground Espresso Coffee (250g)",Mumbai,350,4900,4380950
9263,2024-05-14,"Ground Espresso Coffee (250g)",Pune,350,2800,4380950
9279,2024-05-15,"Ground Espresso Coffee (250g)",Pune,350,7000,4392150
9278,2024-05-15,"Ground Espresso Coffee (250g)",Mumbai,350,4200,4392150
9285,2024-05-16,"Ground Espresso Coffee (250g)",Pune,350,1750,4409300
9284,2024-05-16,"Ground Espresso Coffee (250g)",Mumbai,350,5600,4409300
9288,2024-05-16,"Ground Espresso Coffee (250g)",Kanpur,350,4200,4409300
9286,2024-05-16,"Ground Espresso Coffee (250g)",Pune,350,3850,4409300
9287,2024-05-16,"Ground Espresso Coffee (250g)",Chennai,350,1750,4409300
9300,2024-05-17,"Ground Espresso Coffee (250g)",Chennai,350,2450,4411750
9314,2024-05-19,"Ground Espresso Coffee (250g)",Bangalore,350,4900,4426100
9312,2024-05-19,"Ground Espresso Coffee (250g)",Jaipur,350,3850,4426100
9313,2024-05-19,"Ground Espresso Coffee (250g)",Hyderabad,350,5600,4426100
9321,2024-05-20,"Ground Espresso Coffee (250g)",Indore,350,2100,4446750
9320,2024-05-20,"Ground Espresso Coffee (250g)",Jaipur,350,6650,4446750
9323,2024-05-20,"Ground Espresso Coffee (250g)",Ahmedabad,350,4550,4446750
9322,2024-05-20,"Ground Espresso Coffee (250g)",Mumbai,350,4200,4446750
9319,2024-05-20,"Ground Espresso Coffee (250g)",Pune,350,3150,4446750
9329,2024-05-21,"Ground Espresso Coffee (250g)",Bangalore,350,5600,4452350
9334,2024-05-22,"Ground Espresso Coffee (250g)",Pune,350,3500,4455850
9339,2024-05-23,"Ground Espresso Coffee (250g)",Delhi,350,4900,4474400
9340,2024-05-23,"Ground Espresso Coffee (250g)",Kolkata,350,3500,4474400
9341,2024-05-23,"Ground Espresso Coffee (250g)",Pune,350,1750,4474400
9343,2024-05-23,"Ground Espresso Coffee (250g)",Pune,350,3850,4474400
9342,2024-05-23,"Ground Espresso Coffee (250g)",Delhi,350,2450,4474400
9338,2024-05-23,"Ground Espresso Coffee (250g)",Pune,350,2100,4474400
9353,2024-05-24,"Ground Espresso Coffee (250g)",Pune,350,6650,4481050
9361,2024-05-25,"Ground Espresso Coffee (250g)",Delhi,350,4550,4491900
9362,2024-05-25,"Ground Espresso Coffee (250g)",Chennai,350,3850,4491900
9363,2024-05-25,"Ground Espresso Coffee (250g)",Jaipur,350,2450,4491900
9375,2024-05-26,"Ground Espresso Coffee (250g)",Bangalore,350,4200,4496100
9388,2024-05-27,"Ground Espresso Coffee (250g)",Bangalore,350,4900,4519200
9390,2024-05-27,"Ground Espresso Coffee (250g)",Kolkata,350,3500,4519200
9389,2024-05-27,"Ground Espresso Coffee (250g)",Pune,350,4550,4519200
9386,2024-05-27,"Ground Espresso Coffee (250g)",Pune,350,3500,4519200
9387,2024-05-27,"Ground Espresso Coffee (250g)",Nagpur,350,6650,4519200
9396,2024-05-28,"Ground Espresso Coffee (250g)",Ahmedabad,350,6650,4539850
9395,2024-05-28,"Ground Espresso Coffee (250g)",Lucknow,350,6300,4539850
9397,2024-05-28,"Ground Espresso Coffee (250g)",Jaipur,350,3850,4539850
9398,2024-05-28,"Ground Espresso Coffee (250g)",Kanpur,350,3850,4539850
9406,2024-05-29,"Ground Espresso Coffee (250g)",Kolkata,350,2100,4541950
9410,2024-05-30,"Ground Espresso Coffee (250g)",Pune,350,4900,4548950
9411,2024-05-30,"Ground Espresso Coffee (250g)",Delhi,350,2100,4548950
9422,2024-05-31,"Ground Espresso Coffee (250g)",Bangalore,350,3850,4561550
9421,2024-05-31,"Ground Espresso Coffee (250g)",Nagpur,350,4550,4561550
9423,2024-05-31,"Ground Espresso Coffee (250g)",Hyderabad,350,4200,4561550
9432,2024-06-01,"Ground Espresso Coffee (250g)",Bangalore,350,7000,4568550
9437,2024-06-02,"Ground Espresso Coffee (250g)",Kolkata,350,2100,4577300
9436,2024-06-02,"Ground Espresso Coffee (250g)",Delhi,350,6650,4577300
9444,2024-06-04,"Ground Espresso Coffee (250g)",Nagpur,350,2100,4579400
9454,2024-06-05,"Ground Espresso Coffee (250g)",Jaipur,350,6300,4594450
9453,2024-06-05,"Ground Espresso Coffee (250g)",Mumbai,350,3850,4594450
9455,2024-06-05,"Ground Espresso Coffee (250g)",Hyderabad,350,4900,4594450
9463,2024-06-06,"Ground Espresso Coffee (250g)",Indore,350,6650,4601100
9469,2024-06-07,"Ground Espresso Coffee (250g)",Bangalore,350,3850,4604950
9475,2024-06-08,"Ground Espresso Coffee (250g)",Jaipur,350,6300,4617900
9474,2024-06-08,"Ground Espresso Coffee (250g)",Pune,350,6650,4617900
9483,2024-06-09,"Ground Espresso Coffee (250g)",Pune,350,2800,4620700
9489,2024-06-10,"Ground Espresso Coffee (250g)",Pune,350,5250,4635050
9488,2024-06-10,"Ground Espresso Coffee (250g)",Kolkata,350,5250,4635050
9487,2024-06-10,"Ground Espresso Coffee (250g)",Jaipur,350,3850,4635050
9500,2024-06-12,"Ground Espresso Coffee (250g)",Chennai,350,2800,4637850
9508,2024-06-13,"Ground Espresso Coffee (250g)",Kolkata,350,2800,4640650
9515,2024-06-14,"Ground Espresso Coffee (250g)",Chennai,350,4200,4644850
9519,2024-06-15,"Ground Espresso Coffee (250g)",Pune,350,6650,4656050
9520,2024-06-15,"Ground Espresso Coffee (250g)",Pune,350,4550,4656050
9532,2024-06-16,"Ground Espresso Coffee (250g)",Jaipur,350,3500,4671450
9533,2024-06-16,"Ground Espresso Coffee (250g)",Chennai,350,7000,4671450
9534,2024-06-16,"Ground Espresso Coffee (250g)",Jaipur,350,4900,4671450
9549,2024-06-18,"Ground Espresso Coffee (250g)",Jaipur,350,7000,4686150
9547,2024-06-18,"Ground Espresso Coffee (250g)",Chennai,350,2450,4686150
9548,2024-06-18,"Ground Espresso Coffee (250g)",Surat,350,5250,4686150
9554,2024-06-19,"Ground Espresso Coffee (250g)",Kanpur,350,7000,4693150
9567,2024-06-21,"Ground Espresso Coffee (250g)",Pune,350,1750,4694900
9573,2024-06-22,"Ground Espresso Coffee (250g)",Pune,350,2100,4702950
9574,2024-06-22,"Ground Espresso Coffee (250g)",Bangalore,350,1750,4702950
9575,2024-06-22,"Ground Espresso Coffee (250g)",Chennai,350,4200,4702950
9582,2024-06-23,"Ground Espresso Coffee (250g)",Mumbai,350,5600,4722900
9584,2024-06-23,"Ground Espresso Coffee (250g)",Bangalore,350,6300,4722900
9585,2024-06-23,"Ground Espresso Coffee (250g)",Jaipur,350,2100,4722900
9583,2024-06-23,"Ground Espresso Coffee (250g)",Delhi,350,5950,4722900
9597,2024-06-24,"Ground Espresso Coffee (250g)",Surat,350,5950,4733750
9596,2024-06-24,"Ground Espresso Coffee (250g)",Pune,350,4900,4733750
9605,2024-06-25,"Ground Espresso Coffee (250g)",Mumbai,350,3500,4743900
9603,2024-06-25,"Ground Espresso Coffee (250g)",Kanpur,350,4550,4743900
9604,2024-06-25,"Ground Espresso Coffee (250g)",Bangalore,350,2100,4743900
9612,2024-06-26,"Ground Espresso Coffee (250g)",Pune,350,1750,4750550
9611,2024-06-26,"Ground Espresso Coffee (250g)",Pune,350,3150,4750550
9610,2024-06-26,"Ground Espresso Coffee (250g)",Jaipur,350,1750,4750550
9616,2024-06-27,"Ground Espresso Coffee (250g)",Kanpur,350,4200,4764200
9617,2024-06-27,"Ground Espresso Coffee (250g)",Pune,350,5600,4764200
9618,2024-06-27,"Ground Espresso Coffee (250g)",Delhi,350,3850,4764200
9626,2024-06-28,"Ground Espresso Coffee (250g)",Ahmedabad,350,2100,4770850
9625,2024-06-28,"Ground Espresso Coffee (250g)",Chennai,350,4550,4770850
9631,2024-06-29,"Ground Espresso Coffee (250g)",Delhi,350,6300,4784150
9630,2024-06-29,"Ground Espresso Coffee (250g)",Delhi,350,7000,4784150
9640,2024-06-30,"Ground Espresso Coffee (250g)",Chennai,350,3500,4787650
9647,2024-07-01,"Ground Espresso Coffee (250g)",Hyderabad,350,5950,4800250
9646,2024-07-01,"Ground Espresso Coffee (250g)",Kolkata,350,1750,4800250
9648,2024-07-01,"Ground Espresso Coffee (250g)",Jaipur,350,4900,4800250
9662,2024-07-02,"Ground Espresso Coffee (250g)",Pune,350,4550,4814950
9665,2024-07-02,"Ground Espresso Coffee (250g)",Delhi,350,4550,4814950
9663,2024-07-02,"Ground Espresso Coffee (250g)",Pune,350,2450,4814950
9664,2024-07-02,"Ground Espresso Coffee (250g)",Pune,350,3150,4814950
9668,2024-07-03,"Ground Espresso Coffee (250g)",Chennai,350,6300,4821250
9676,2024-07-04,"Ground Espresso Coffee (250g)",Chennai,350,2100,4827200
9677,2024-07-04,"Ground Espresso Coffee (250g)",Jaipur,350,3850,4827200
9683,2024-07-05,"Ground Espresso Coffee (250g)",Delhi,350,5250,4847850
9686,2024-07-05,"Ground Espresso Coffee (250g)",Pune,350,6650,4847850
9685,2024-07-05,"Ground Espresso Coffee (250g)",Pune,350,3850,4847850
9684,2024-07-05,"Ground Espresso Coffee (250g)",Pune,350,4900,4847850
9693,2024-07-06,"Ground Espresso Coffee (250g)",Delhi,350,6650,4854500
9696,2024-07-07,"Ground Espresso Coffee (250g)",Jaipur,350,5250,4859750
9703,2024-07-08,"Ground Espresso Coffee (250g)",Delhi,350,6650,4875150
9701,2024-07-08,"Ground Espresso Coffee (250g)",Bangalore,350,1750,4875150
9702,2024-07-08,"Ground Espresso Coffee (250g)",Delhi,350,7000,4875150
9711,2024-07-09,"Ground Espresso Coffee (250g)",Delhi,350,5600,4887750
9712,2024-07-09,"Ground Espresso Coffee (250g)",Pune,350,7000,4887750
9720,2024-07-10,"Ground Espresso Coffee (250g)",Delhi,350,4550,4897200
9719,2024-07-10,"Ground Espresso Coffee (250g)",Kolkata,350,4900,4897200
9727,2024-07-11,"Ground Espresso Coffee (250g)",Surat,350,6300,4905950
9728,2024-07-11,"Ground Espresso Coffee (250g)",Bangalore,350,2450,4905950
9731,2024-07-12,"Ground Espresso Coffee (250g)",Bangalore,350,1750,4912250
9733,2024-07-12,"Ground Espresso Coffee (250g)",Delhi,350,2450,4912250
9732,2024-07-12,"Ground Espresso Coffee (250g)",Delhi,350,2100,4912250
9740,2024-07-13,"Ground Espresso Coffee (250g)",Pune,350,5950,4928350
9739,2024-07-13,"Ground Espresso Coffee (250g)",Delhi,350,2450,4928350
9737,2024-07-13,"Ground Espresso Coffee (250g)",Jaipur,350,4900,4928350
9738,2024-07-13,"Ground Espresso Coffee (250g)",Jaipur,350,2800,4928350
9747,2024-07-14,"Ground Espresso Coffee (250g)",Pune,350,2450,4930800
9755,2024-07-15,"Ground Espresso Coffee (250g)",Mumbai,350,1750,4932550
9759,2024-07-16,"Ground Espresso Coffee (250g)",Delhi,350,5950,4942700
9760,2024-07-16,"Ground Espresso Coffee (250g)",Bangalore,350,4200,4942700
9764,2024-07-17,"Ground Espresso Coffee (250g)",Kanpur,350,4900,4947600
9770,2024-07-18,"Ground Espresso Coffee (250g)",Pune,350,1750,4949350
9779,2024-07-19,"Ground Espresso Coffee (250g)",Pune,350,3850,4953200
9788,2024-07-20,"Ground Espresso Coffee (250g)",Delhi,350,4550,4966850
9787,2024-07-20,"Ground Espresso Coffee (250g)",Jaipur,350,2100,4966850
9789,2024-07-20,"Ground Espresso Coffee (250g)",Lucknow,350,7000,4966850
9796,2024-07-21,"Ground Espresso Coffee (250g)",Jaipur,350,2450,4972800
9797,2024-07-21,"Ground Espresso Coffee (250g)",Pune,350,3500,4972800
9802,2024-07-22,"Ground Espresso Coffee (250g)",Kanpur,350,3850,4976650
9808,2024-07-23,"Ground Espresso Coffee (250g)",Pune,350,5600,4982250
9827,2024-07-25,"Ground Espresso Coffee (250g)",Pune,350,5600,4994500
9825,2024-07-25,"Ground Espresso Coffee (250g)",Bangalore,350,2800,4994500
9826,2024-07-25,"Ground Espresso Coffee (250g)",Mumbai,350,3850,4994500
9833,2024-07-26,"Ground Espresso Coffee (250g)",Jaipur,350,4900,4999400
9847,2024-07-28,"Ground Espresso Coffee (250g)",Delhi,350,2800,5005350
9846,2024-07-28,"Ground Espresso Coffee (250g)",Jaipur,350,3150,5005350
9853,2024-07-29,"Ground Espresso Coffee (250g)",Bangalore,350,3500,5008850
9857,2024-07-30,"Ground Espresso Coffee (250g)",Bangalore,350,6300,5028450
9860,2024-07-30,"Ground Espresso Coffee (250g)",Jaipur,350,1750,5028450
9859,2024-07-30,"Ground Espresso Coffee (250g)",Chennai,350,5250,5028450
9858,2024-07-30,"Ground Espresso Coffee (250g)",Ahmedabad,350,6300,5028450
9870,2024-08-01,"Ground Espresso Coffee (250g)",Lucknow,350,6300,5041050
9871,2024-08-01,"Ground Espresso Coffee (250g)",Pune,350,6300,5041050
9877,2024-08-02,"Ground Espresso Coffee (250g)",Pune,350,1750,5051550
9879,2024-08-02,"Ground Espresso Coffee (250g)",Delhi,350,3850,5051550
9878,2024-08-02,"Ground Espresso Coffee (250g)",Mumbai,350,4900,5051550
9886,2024-08-03,"Ground Espresso Coffee (250g)",Kanpur,350,3500,5055050
9896,2024-08-04,"Ground Espresso Coffee (250g)",Mumbai,350,6300,5061350
9907,2024-08-05,"Ground Espresso Coffee (250g)",Pune,350,4550,5074650
9909,2024-08-05,"Ground Espresso Coffee (250g)",Indore,350,3850,5074650
9908,2024-08-05,"Ground Espresso Coffee (250g)",Pune,350,4900,5074650
9922,2024-08-06,"Ground Espresso Coffee (250g)",Surat,350,2800,5084450
9923,2024-08-06,"Ground Espresso Coffee (250g)",Bangalore,350,3150,5084450
9921,2024-08-06,"Ground Espresso Coffee (250g)",Chennai,350,3850,5084450
9932,2024-08-07,"Ground Espresso Coffee (250g)",Jaipur,350,5600,5096350
9931,2024-08-07,"Ground Espresso Coffee (250g)",Delhi,350,2450,5096350
9933,2024-08-07,"Ground Espresso Coffee (250g)",Pune,350,3850,5096350
9940,2024-08-08,"Ground Espresso Coffee (250g)",Kolkata,350,5600,5101950
9958,2024-08-10,"Ground Espresso Coffee (250g)",Kanpur,350,6650,5108600
9970,2024-08-11,"Ground Espresso Coffee (250g)",Lucknow,350,2800,5118400
9969,2024-08-11,"Ground Espresso Coffee (250g)",Delhi,350,7000,5118400
9990,2024-08-13,"Ground Espresso Coffee (250g)",Nagpur,350,2800,5132400
9991,2024-08-13,"Ground Espresso Coffee (250g)",Pune,350,4200,5132400
9992,2024-08-13,"Ground Espresso Coffee (250g)",Kanpur,350,7000,5132400
9999,2024-08-14,"Ground Espresso Coffee (250g)",Jaipur,350,6650,5144300
10000,2024-08-14,"Ground Espresso Coffee (250g)",Delhi,350,3150,5144300
10001,2024-08-14,"Ground Espresso Coffee (250g)",Bangalore,350,2100,5144300
10014,2024-08-16,"Ground Espresso Coffee (250g)",Chennai,350,3850,5154450
10015,2024-08-16,"Ground Espresso Coffee (250g)",Kolkata,350,6300,5154450
10022,2024-08-17,"Ground Espresso Coffee (250g)",Kanpur,350,3150,5164600
10021,2024-08-17,"Ground Espresso Coffee (250g)",Mumbai,350,7000,5164600
10025,2024-08-18,"Ground Espresso Coffee (250g)",Kanpur,350,3500,5168100
10031,2024-08-19,"Ground Espresso Coffee (250g)",Delhi,350,4900,5177200
10032,2024-08-19,"Ground Espresso Coffee (250g)",Jaipur,350,4200,5177200
10035,2024-08-20,"Ground Espresso Coffee (250g)",Delhi,350,5950,5183150
10047,2024-08-21,"Ground Espresso Coffee (250g)",Bangalore,350,7000,5201700
10048,2024-08-21,"Ground Espresso Coffee (250g)",Delhi,350,4900,5201700
10046,2024-08-21,"Ground Espresso Coffee (250g)",Surat,350,6650,5201700
10056,2024-08-22,"Ground Espresso Coffee (250g)",Bangalore,350,3500,5229700
10054,2024-08-22,"Ground Espresso Coffee (250g)",Bangalore,350,3150,5229700
10052,2024-08-22,"Ground Espresso Coffee (250g)",Bangalore,350,3500,5229700
10053,2024-08-22,"Ground Espresso Coffee (250g)",Surat,350,5950,5229700
10055,2024-08-22,"Ground Espresso Coffee (250g)",Jaipur,350,7000,5229700
10051,2024-08-22,"Ground Espresso Coffee (250g)",Pune,350,4900,5229700
10067,2024-08-23,"Ground Espresso Coffee (250g)",Pune,350,4550,5234250
10074,2024-08-24,"Ground Espresso Coffee (250g)",Nagpur,350,5250,5239500
10079,2024-08-25,"Ground Espresso Coffee (250g)",Chennai,350,3850,5243350
10086,2024-08-26,"Ground Espresso Coffee (250g)",Delhi,350,6300,5252100
10087,2024-08-26,"Ground Espresso Coffee (250g)",Pune,350,2450,5252100
10094,2024-08-27,"Ground Espresso Coffee (250g)",Kolkata,350,6300,5275200
10096,2024-08-27,"Ground Espresso Coffee (250g)",Chennai,350,4900,5275200
10097,2024-08-27,"Ground Espresso Coffee (250g)",Ahmedabad,350,4900,5275200
10095,2024-08-27,"Ground Espresso Coffee (250g)",Jaipur,350,3500,5275200
10098,2024-08-27,"Ground Espresso Coffee (250g)",Jaipur,350,3500,5275200
10104,2024-08-28,"Ground Espresso Coffee (250g)",Pune,350,2100,5282200
10103,2024-08-28,"Ground Espresso Coffee (250g)",Kolkata,350,4900,5282200
10106,2024-08-29,"Ground Espresso Coffee (250g)",Jaipur,350,5250,5303900
10109,2024-08-29,"Ground Espresso Coffee (250g)",Delhi,350,5600,5303900
10107,2024-08-29,"Ground Espresso Coffee (250g)",Nagpur,350,7000,5303900
10108,2024-08-29,"Ground Espresso Coffee (250g)",Delhi,350,3850,5303900
10117,2024-08-30,"Ground Espresso Coffee (250g)",Kolkata,350,3850,5307750
10120,2024-08-31,"Ground Espresso Coffee (250g)",Pune,350,1750,5314050
10121,2024-08-31,"Ground Espresso Coffee (250g)",Lucknow,350,4550,5314050
10126,2024-09-01,"Ground Espresso Coffee (250g)",Pune,350,6650,5326650
10127,2024-09-01,"Ground Espresso Coffee (250g)",Mumbai,350,5950,5326650
10135,2024-09-03,"Ground Espresso Coffee (250g)",Chennai,350,1750,5334700
10136,2024-09-03,"Ground Espresso Coffee (250g)",Chennai,350,6300,5334700
10152,2024-09-04,"Ground Espresso Coffee (250g)",Pune,350,7000,5348000
10151,2024-09-04,"Ground Espresso Coffee (250g)",Delhi,350,6300,5348000
10159,2024-09-05,"Ground Espresso Coffee (250g)",Ahmedabad,350,1750,5353950
10160,2024-09-05,"Ground Espresso Coffee (250g)",Chennai,350,4200,5353950
10171,2024-09-06,"Ground Espresso Coffee (250g)",Surat,350,4900,5362350
10172,2024-09-06,"Ground Espresso Coffee (250g)",Mumbai,350,3500,5362350
10179,2024-09-07,"Ground Espresso Coffee (250g)",Kolkata,350,6300,5373900
10180,2024-09-07,"Ground Espresso Coffee (250g)",Chennai,350,5250,5373900
10187,2024-09-08,"Ground Espresso Coffee (250g)",Lucknow,350,5250,5379150
10193,2024-09-09,"Ground Espresso Coffee (250g)",Bangalore,350,3850,5383000
10199,2024-09-10,"Ground Espresso Coffee (250g)",Bangalore,350,2800,5387550
10200,2024-09-10,"Ground Espresso Coffee (250g)",Delhi,350,1750,5387550
10206,2024-09-11,"Ground Espresso Coffee (250g)",Chennai,350,2800,5390350
10222,2024-09-13,"Ground Espresso Coffee (250g)",Chennai,350,7000,5411000
10221,2024-09-13,"Ground Espresso Coffee (250g)",Chennai,350,5250,5411000
10223,2024-09-13,"Ground Espresso Coffee (250g)",Jaipur,350,3500,5411000
10220,2024-09-13,"Ground Espresso Coffee (250g)",Jaipur,350,3150,5411000
10224,2024-09-13,"Ground Espresso Coffee (250g)",Delhi,350,1750,5411000
10236,2024-09-14,"Ground Espresso Coffee (250g)",Chennai,350,3500,5417650
10237,2024-09-14,"Ground Espresso Coffee (250g)",Bangalore,350,3150,5417650
10245,2024-09-15,"Ground Espresso Coffee (250g)",Chennai,350,4200,5421850
10255,2024-09-17,"Ground Espresso Coffee (250g)",Nagpur,350,3150,5425000
10261,2024-09-18,"Ground Espresso Coffee (250g)",Chennai,350,6300,5431300
10272,2024-09-19,"Ground Espresso Coffee (250g)",Delhi,350,6650,5442500
10271,2024-09-19,"Ground Espresso Coffee (250g)",Mumbai,350,4550,5442500
10281,2024-09-20,"Ground Espresso Coffee (250g)",Nagpur,350,2100,5448100
10282,2024-09-20,"Ground Espresso Coffee (250g)",Bangalore,350,3500,5448100
10292,2024-09-21,"Ground Espresso Coffee (250g)",Mumbai,350,3500,5461400
10293,2024-09-21,"Ground Espresso Coffee (250g)",Jaipur,350,4900,5461400
10294,2024-09-21,"Ground Espresso Coffee (250g)",Jaipur,350,4900,5461400
10303,2024-09-22,"Ground Espresso Coffee (250g)",Lucknow,350,5250,5475750
10304,2024-09-22,"Ground Espresso Coffee (250g)",Bangalore,350,3850,5475750
10302,2024-09-22,"Ground Espresso Coffee (250g)",Jaipur,350,5250,5475750
10315,2024-09-24,"Ground Espresso Coffee (250g)",Nagpur,350,5600,5481350
10321,2024-09-25,"Ground Espresso Coffee (250g)",Delhi,350,3500,5489400
10320,2024-09-25,"Ground Espresso Coffee (250g)",Chennai,350,4550,5489400
10337,2024-09-26,"Ground Espresso Coffee (250g)",Pune,350,4550,5504450
10336,2024-09-26,"Ground Espresso Coffee (250g)",Jaipur,350,3850,5504450
10335,2024-09-26,"Ground Espresso Coffee (250g)",Delhi,350,6650,5504450
10344,2024-09-27,"Ground Espresso Coffee (250g)",Jaipur,350,3150,5507600
10352,2024-09-28,"Ground Espresso Coffee (250g)",Pune,350,1750,5509350
10360,2024-09-29,"Ground Espresso Coffee (250g)",Bangalore,350,4550,5513900
10367,2024-09-30,"Ground Espresso Coffee (250g)",Chennai,350,7000,5532100
10369,2024-09-30,"Ground Espresso Coffee (250g)",Jaipur,350,4550,5532100
10368,2024-09-30,"Ground Espresso Coffee (250g)",Mumbai,350,6650,5532100
10382,2024-10-01,"Ground Espresso Coffee (250g)",Chennai,350,2100,5540150
10381,2024-10-01,"Ground Espresso Coffee (250g)",Kolkata,350,5950,5540150
2,2023-01-01,"Instant Coffee Powder (100g)",Surat,250,1500,1500
9,2023-01-02,"Instant Coffee Powder (100g)",Pune,250,2750,4250
77,2023-01-10,"Instant Coffee Powder (100g)",Pune,250,2500,6750
98,2023-01-12,"Instant Coffee Powder (100g)",Kolkata,250,4250,11000
114,2023-01-14,"Instant Coffee Powder (100g)",Delhi,250,1750,12750
131,2023-01-16,"Instant Coffee Powder (100g)",Chennai,250,1250,14000
158,2023-01-18,"Instant Coffee Powder (100g)",Bangalore,250,4250,26500
156,2023-01-18,"Instant Coffee Powder (100g)",Pune,250,4500,26500
157,2023-01-18,"Instant Coffee Powder (100g)",Pune,250,3750,26500
181,2023-01-20,"Instant Coffee Powder (100g)",Chennai,250,1500,28000
218,2023-01-24,"Instant Coffee Powder (100g)",Kanpur,250,2750,30750
290,2023-01-30,"Instant Coffee Powder (100g)",Jaipur,250,1750,32500
456,2023-02-14,"Instant Coffee Powder (100g)",Pune,250,3000,35500
484,2023-02-16,"Instant Coffee Powder (100g)",Bangalore,250,4525,40025
495,2023-02-17,"Instant Coffee Powder (100g)",Bangalore,250,4000,48525
494,2023-02-17,"Instant Coffee Powder (100g)",Pune,250,4500,48525
516,2023-02-20,"Instant Coffee Powder (100g)",Mumbai,250,1500,50025
541,2023-02-22,"Instant Coffee Powder (100g)",Bangalore,250,3500,53525
582,2023-02-25,"Instant Coffee Powder (100g)",Jaipur,250,1750,55275
594,2023-02-26,"Instant Coffee Powder (100g)",Chennai,250,2500,57775
642,2023-03-02,"Instant Coffee Powder (100g)",Bangalore,250,2000,59775
748,2023-03-10,"Instant Coffee Powder (100g)",Bangalore,250,4250,64025
774,2023-03-12,"Instant Coffee Powder (100g)",Delhi,250,1500,65525
820,2023-03-16,"Instant Coffee Powder (100g)",Surat,250,1250,66775
831,2023-03-17,"Instant Coffee Powder (100g)",Hyderabad,250,3750,70525
904,2023-03-25,"Instant Coffee Powder (100g)",Jaipur,250,5000,75525
934,2023-03-29,"Instant Coffee Powder (100g)",Pune,250,4750,80275
964,2023-03-31,"Instant Coffee Powder (100g)",Pune,250,4500,84775
980,2023-04-01,"Instant Coffee Powder (100g)",Jaipur,250,3000,87775
1011,2023-04-03,"Instant Coffee Powder (100g)",Chennai,250,3000,90775
1060,2023-04-08,"Instant Coffee Powder (100g)",Pune,250,4250,96525
1061,2023-04-08,"Instant Coffee Powder (100g)",Delhi,250,1500,96525
1074,2023-04-09,"Instant Coffee Powder (100g)",Jaipur,250,1750,101025
1075,2023-04-09,"Instant Coffee Powder (100g)",Delhi,250,2750,101025
1112,2023-04-12,"Instant Coffee Powder (100g)",Chennai,250,3250,104275
1153,2023-04-16,"Instant Coffee Powder (100g)",Pune,250,4250,108525
1184,2023-04-20,"Instant Coffee Powder (100g)",Pune,250,1250,109775
1191,2023-04-21,"Instant Coffee Powder (100g)",Chennai,250,1500,111275
1219,2023-04-23,"Instant Coffee Powder (100g)",Delhi,250,1500,112775
1233,2023-04-24,"Instant Coffee Powder (100g)",Bangalore,250,4000,116775
1334,2023-05-02,"Instant Coffee Powder (100g)",Bangalore,250,3500,120275
1354,2023-05-04,"Instant Coffee Powder (100g)",Chennai,250,3000,125275
1355,2023-05-04,"Instant Coffee Powder (100g)",Kolkata,250,2000,125275
1379,2023-05-06,"Instant Coffee Powder (100g)",Mumbai,250,1250,126525
1411,2023-05-09,"Instant Coffee Powder (100g)",Hyderabad,250,5000,131525
1457,2023-05-13,"Instant Coffee Powder (100g)",Chennai,250,4000,135525
1469,2023-05-14,"Instant Coffee Powder (100g)",Pune,250,2000,137525
1543,2023-05-21,"Instant Coffee Powder (100g)",Mumbai,250,3250,140775
1610,2023-05-27,"Instant Coffee Powder (100g)",Chennai,250,5000,145775
1618,2023-05-28,"Instant Coffee Powder (100g)",Pune,250,3750,149525
1694,2023-06-04,"Instant Coffee Powder (100g)",Delhi,250,4500,154025
1740,2023-06-07,"Instant Coffee Powder (100g)",Jaipur,250,2250,166025
1741,2023-06-07,"Instant Coffee Powder (100g)",Bangalore,250,4750,166025
1742,2023-06-07,"Instant Coffee Powder (100g)",Pune,250,5000,166025
1751,2023-06-08,"Instant Coffee Powder (100g)",Pune,250,2750,168775
1761,2023-06-09,"Instant Coffee Powder (100g)",Chennai,250,1750,170525
1769,2023-06-10,"Instant Coffee Powder (100g)",Pune,250,4000,174525
1819,2023-06-15,"Instant Coffee Powder (100g)",Bangalore,250,3750,178275
1930,2023-06-29,"Instant Coffee Powder (100g)",Delhi,250,3250,181525
1946,2023-07-01,"Instant Coffee Powder (100g)",Nagpur,250,4750,186275
1965,2023-07-02,"Instant Coffee Powder (100g)",Pune,250,5000,195025
1966,2023-07-02,"Instant Coffee Powder (100g)",Bangalore,250,3750,195025
2008,2023-07-06,"Instant Coffee Powder (100g)",Pune,250,1500,198525
2009,2023-07-06,"Instant Coffee Powder (100g)",Jaipur,250,2000,198525
2028,2023-07-08,"Instant Coffee Powder (100g)",Chennai,250,2000,200525
2042,2023-07-09,"Instant Coffee Powder (100g)",Pune,250,4500,205025
2071,2023-07-12,"Instant Coffee Powder (100g)",Surat,250,4000,209025
2186,2023-07-22,"Instant Coffee Powder (100g)",Pune,250,5000,214025
2202,2023-07-23,"Instant Coffee Powder (100g)",Chennai,250,4000,218025
2223,2023-07-25,"Instant Coffee Powder (100g)",Chennai,250,3000,221025
2233,2023-07-26,"Instant Coffee Powder (100g)",Hyderabad,250,1250,222275
2276,2023-07-30,"Instant Coffee Powder (100g)",Jaipur,250,4250,226525
3580,2023-10-02,"Instant Coffee Powder (100g)",Mumbai,250,3750,230275
3640,2023-10-04,"Instant Coffee Powder (100g)",Nagpur,250,5000,235275
3701,2023-10-06,"Instant Coffee Powder (100g)",Kanpur,250,2250,244025
3700,2023-10-06,"Instant Coffee Powder (100g)",Kanpur,250,3000,244025
3702,2023-10-06,"Instant Coffee Powder (100g)",Bangalore,250,1500,244025
3703,2023-10-06,"Instant Coffee Powder (100g)",Bangalore,250,2000,244025
3734,2023-10-07,"Instant Coffee Powder (100g)",Bangalore,250,4000,258275
3737,2023-10-07,"Instant Coffee Powder (100g)",Bangalore,250,4000,258275
3735,2023-10-07,"Instant Coffee Powder (100g)",Jaipur,250,3000,258275
3736,2023-10-07,"Instant Coffee Powder (100g)",Jaipur,250,3250,258275
3787,2023-10-09,"Instant Coffee Powder (100g)",Indore,250,1250,264525
3788,2023-10-09,"Instant Coffee Powder (100g)",Bangalore,250,5000,264525
3813,2023-10-10,"Instant Coffee Powder (100g)",Jaipur,250,3000,274525
3814,2023-10-10,"Instant Coffee Powder (100g)",Delhi,250,1250,274525
3816,2023-10-10,"Instant Coffee Powder (100g)",Mumbai,250,2000,274525
3815,2023-10-10,"Instant Coffee Powder (100g)",Pune,250,3750,274525
3843,2023-10-11,"Instant Coffee Powder (100g)",Pune,250,4500,281025
3844,2023-10-11,"Instant Coffee Powder (100g)",Kanpur,250,2000,281025
3869,2023-10-12,"Instant Coffee Powder (100g)",Pune,250,2250,283275
3903,2023-10-13,"Instant Coffee Powder (100g)",Pune,250,1500,288775
3902,2023-10-13,"Instant Coffee Powder (100g)",Pune,250,4000,288775
3934,2023-10-14,"Instant Coffee Powder (100g)",Delhi,250,4750,303525
3931,2023-10-14,"Instant Coffee Powder (100g)",Delhi,250,4500,303525
3933,2023-10-14,"Instant Coffee Powder (100g)",Indore,250,1250,303525
3932,2023-10-14,"Instant Coffee Powder (100g)",Hyderabad,250,4250,303525
3963,2023-10-15,"Instant Coffee Powder (100g)",Pune,250,4500,313525
3964,2023-10-15,"Instant Coffee Powder (100g)",Chennai,250,2500,313525
3962,2023-10-15,"Instant Coffee Powder (100g)",Delhi,250,1500,313525
3965,2023-10-15,"Instant Coffee Powder (100g)",Kanpur,250,1500,313525
3988,2023-10-16,"Instant Coffee Powder (100g)",Kanpur,250,2750,324525
3986,2023-10-16,"Instant Coffee Powder (100g)",Bangalore,250,3500,324525
3987,2023-10-16,"Instant Coffee Powder (100g)",Indore,250,4750,324525
4034,2023-10-18,"Instant Coffee Powder (100g)",Bangalore,250,3250,331025
4033,2023-10-18,"Instant Coffee Powder (100g)",Bangalore,250,1750,331025
4032,2023-10-18,"Instant Coffee Powder (100g)",Bangalore,250,1500,331025
4060,2023-10-19,"Instant Coffee Powder (100g)",Pune,250,2250,333275
4086,2023-10-20,"Instant Coffee Powder (100g)",Nagpur,250,1500,334775
4109,2023-10-21,"Instant Coffee Powder (100g)",Kanpur,250,5000,339775
4135,2023-10-22,"Instant Coffee Powder (100g)",Bangalore,250,2750,351525
4134,2023-10-22,"Instant Coffee Powder (100g)",Bangalore,250,4000,351525
4133,2023-10-22,"Instant Coffee Powder (100g)",Ahmedabad,250,5000,351525
4163,2023-10-23,"Instant Coffee Powder (100g)",Jaipur,250,4750,366025
4165,2023-10-23,"Instant Coffee Powder (100g)",Indore,250,3250,366025
4162,2023-10-23,"Instant Coffee Powder (100g)",Delhi,250,2250,366025
4166,2023-10-23,"Instant Coffee Powder (100g)",Bangalore,250,1500,366025
4164,2023-10-23,"Instant Coffee Powder (100g)",Chennai,250,2750,366025
4195,2023-10-24,"Instant Coffee Powder (100g)",Kanpur,250,1500,369025
4194,2023-10-24,"Instant Coffee Powder (100g)",Jaipur,250,1500,369025
4226,2023-10-25,"Instant Coffee Powder (100g)",Jaipur,250,2750,385775
4224,2023-10-25,"Instant Coffee Powder (100g)",Delhi,250,4500,385775
4223,2023-10-25,"Instant Coffee Powder (100g)",Hyderabad,250,4500,385775
4225,2023-10-25,"Instant Coffee Powder (100g)",Bangalore,250,5000,385775
4246,2023-10-26,"Instant Coffee Powder (100g)",Bangalore,250,3000,406775
4247,2023-10-26,"Instant Coffee Powder (100g)",Chennai,250,2750,406775
4243,2023-10-26,"Instant Coffee Powder (100g)",Jaipur,250,3250,406775
4245,2023-10-26,"Instant Coffee Powder (100g)",Hyderabad,250,5000,406775
4248,2023-10-26,"Instant Coffee Powder (100g)",Mumbai,250,4750,406775
4244,2023-10-26,"Instant Coffee Powder (100g)",Kanpur,250,2250,406775
4268,2023-10-27,"Instant Coffee Powder (100g)",Bangalore,250,3000,424775
4267,2023-10-27,"Instant Coffee Powder (100g)",Bangalore,250,2750,424775
4266,2023-10-27,"Instant Coffee Powder (100g)",Bangalore,250,3000,424775
4269,2023-10-27,"Instant Coffee Powder (100g)",Pune,250,5000,424775
4265,2023-10-27,"Instant Coffee Powder (100g)",Mumbai,250,4250,424775
4306,2023-10-28,"Instant Coffee Powder (100g)",Mumbai,250,3000,430525
4305,2023-10-28,"Instant Coffee Powder (100g)",Pune,250,1250,430525
4304,2023-10-28,"Instant Coffee Powder (100g)",Bangalore,250,1500,430525
4373,2023-10-31,"Instant Coffee Powder (100g)",Nagpur,250,1500,436775
4372,2023-10-31,"Instant Coffee Powder (100g)",Delhi,250,4750,436775
4391,2023-11-01,"Instant Coffee Powder (100g)",Chennai,250,2750,448525
4393,2023-11-01,"Instant Coffee Powder (100g)",Bangalore,250,4000,448525
4392,2023-11-01,"Instant Coffee Powder (100g)",Bangalore,250,5000,448525
4433,2023-11-02,"Instant Coffee Powder (100g)",Jaipur,250,3000,454775
4434,2023-11-02,"Instant Coffee Powder (100g)",Pune,250,3250,454775
4469,2023-11-03,"Instant Coffee Powder (100g)",Chennai,250,3000,457775
4500,2023-11-04,"Instant Coffee Powder (100g)",Pune,250,1500,466025
4502,2023-11-04,"Instant Coffee Powder (100g)",Pune,250,5000,466025
4501,2023-11-04,"Instant Coffee Powder (100g)",Delhi,250,1750,466025
4538,2023-11-05,"Instant Coffee Powder (100g)",Indore,250,3250,471525
4537,2023-11-05,"Instant Coffee Powder (100g)",Pune,250,2250,471525
4570,2023-11-06,"Instant Coffee Powder (100g)",Jaipur,250,2000,480775
4569,2023-11-06,"Instant Coffee Powder (100g)",Chennai,250,4000,480775
4571,2023-11-06,"Instant Coffee Powder (100g)",Chennai,250,3250,480775
4595,2023-11-07,"Instant Coffee Powder (100g)",Pune,250,4750,488025
4596,2023-11-07,"Instant Coffee Powder (100g)",Bangalore,250,2500,488025
4623,2023-11-08,"Instant Coffee Powder (100g)",Jaipur,250,1750,489775
4714,2023-11-11,"Instant Coffee Powder (100g)",Jaipur,250,2500,492275
4742,2023-11-12,"Instant Coffee Powder (100g)",Pune,250,4750,513275
4739,2023-11-12,"Instant Coffee Powder (100g)",Delhi,250,3750,513275
4740,2023-11-12,"Instant Coffee Powder (100g)",Pune,250,4250,513275
4741,2023-11-12,"Instant Coffee Powder (100g)",Ahmedabad,250,4250,513275
4743,2023-11-12,"Instant Coffee Powder (100g)",Bangalore,250,4000,513275
4771,2023-11-13,"Instant Coffee Powder (100g)",Bangalore,250,3250,530525
4773,2023-11-13,"Instant Coffee Powder (100g)",Pune,250,3500,530525
4774,2023-11-13,"Instant Coffee Powder (100g)",Surat,250,3750,530525
4770,2023-11-13,"Instant Coffee Powder (100g)",Hyderabad,250,2500,530525
4772,2023-11-13,"Instant Coffee Powder (100g)",Pune,250,4250,530525
4803,2023-11-14,"Instant Coffee Powder (100g)",Chennai,250,1250,531775
4844,2023-11-15,"Instant Coffee Powder (100g)",Chennai,250,3750,538525
4843,2023-11-15,"Instant Coffee Powder (100g)",Pune,250,3000,538525
4870,2023-11-16,"Instant Coffee Powder (100g)",Jaipur,250,2000,556275
4871,2023-11-16,"Instant Coffee Powder (100g)",Chennai,250,3750,556275
4867,2023-11-16,"Instant Coffee Powder (100g)",Chennai,250,2750,556275
4868,2023-11-16,"Instant Coffee Powder (100g)",Bangalore,250,4500,556275
4869,2023-11-16,"Instant Coffee Powder (100g)",Bangalore,250,4750,556275
4890,2023-11-17,"Instant Coffee Powder (100g)",Delhi,250,4000,560275
4917,2023-11-18,"Instant Coffee Powder (100g)",Bangalore,250,2250,576775
4919,2023-11-18,"Instant Coffee Powder (100g)",Bangalore,250,2500,576775
4915,2023-11-18,"Instant Coffee Powder (100g)",Chennai,250,5000,576775
4918,2023-11-18,"Instant Coffee Powder (100g)",Pune,250,2750,576775
4916,2023-11-18,"Instant Coffee Powder (100g)",Kolkata,250,4000,576775
4959,2023-11-19,"Instant Coffee Powder (100g)",Delhi,250,4500,588525
4960,2023-11-19,"Instant Coffee Powder (100g)",Pune,250,1500,588525
4958,2023-11-19,"Instant Coffee Powder (100g)",Jaipur,250,4000,588525
4957,2023-11-19,"Instant Coffee Powder (100g)",Bangalore,250,1750,588525
4990,2023-11-20,"Instant Coffee Powder (100g)",Bangalore,250,5000,599525
4989,2023-11-20,"Instant Coffee Powder (100g)",Chennai,250,2750,599525
4988,2023-11-20,"Instant Coffee Powder (100g)",Kanpur,250,3250,599525
5013,2023-11-21,"Instant Coffee Powder (100g)",Jaipur,250,2750,604025
5014,2023-11-21,"Instant Coffee Powder (100g)",Bangalore,250,1750,604025
5040,2023-11-22,"Instant Coffee Powder (100g)",Bangalore,250,4250,626525
5042,2023-11-22,"Instant Coffee Powder (100g)",Hyderabad,250,2750,626525
5044,2023-11-22,"Instant Coffee Powder (100g)",Delhi,250,2500,626525
5043,2023-11-22,"Instant Coffee Powder (100g)",Pune,250,5000,626525
5046,2023-11-22,"Instant Coffee Powder (100g)",Chennai,250,4500,626525
5045,2023-11-22,"Instant Coffee Powder (100g)",Chennai,250,2000,626525
5041,2023-11-22,"Instant Coffee Powder (100g)",Chennai,250,1500,626525
5069,2023-11-23,"Instant Coffee Powder (100g)",Pune,250,1500,628025
5094,2023-11-24,"Instant Coffee Powder (100g)",Pune,250,2500,630525
5113,2023-11-25,"Instant Coffee Powder (100g)",Mumbai,250,1500,648525
5116,2023-11-25,"Instant Coffee Powder (100g)",Jaipur,250,4500,648525
5117,2023-11-25,"Instant Coffee Powder (100g)",Bangalore,250,2000,648525
5114,2023-11-25,"Instant Coffee Powder (100g)",Bangalore,250,2000,648525
5115,2023-11-25,"Instant Coffee Powder (100g)",Jaipur,250,3000,648525
5118,2023-11-25,"Instant Coffee Powder (100g)",Pune,250,5000,648525
5142,2023-11-26,"Instant Coffee Powder (100g)",Lucknow,250,2750,651275
5168,2023-11-27,"Instant Coffee Powder (100g)",Delhi,250,3250,667525
5170,2023-11-27,"Instant Coffee Powder (100g)",Delhi,250,2750,667525
5169,2023-11-27,"Instant Coffee Powder (100g)",Lucknow,250,2250,667525
5167,2023-11-27,"Instant Coffee Powder (100g)",Chennai,250,3750,667525
5166,2023-11-27,"Instant Coffee Powder (100g)",Bangalore,250,4250,667525
5203,2023-11-28,"Instant Coffee Powder (100g)",Kolkata,250,4500,675525
5204,2023-11-28,"Instant Coffee Powder (100g)",Delhi,250,3500,675525
5221,2023-11-29,"Instant Coffee Powder (100g)",Bangalore,250,4000,686025
5222,2023-11-29,"Instant Coffee Powder (100g)",Bangalore,250,3000,686025
5223,2023-11-29,"Instant Coffee Powder (100g)",Hyderabad,250,3500,686025
5262,2023-11-30,"Instant Coffee Powder (100g)",Kanpur,250,1500,695775
5260,2023-11-30,"Instant Coffee Powder (100g)",Surat,250,3500,695775
5261,2023-11-30,"Instant Coffee Powder (100g)",Chennai,250,1250,695775
5263,2023-11-30,"Instant Coffee Powder (100g)",Chennai,250,3500,695775
5289,2023-12-01,"Instant Coffee Powder (100g)",Delhi,250,2750,710025
5288,2023-12-01,"Instant Coffee Powder (100g)",Jaipur,250,4000,710025
5290,2023-12-01,"Instant Coffee Powder (100g)",Mumbai,250,3750,710025
5291,2023-12-01,"Instant Coffee Powder (100g)",Jaipur,250,3750,710025
5348,2023-12-02,"Instant Coffee Powder (100g)",Delhi,250,1500,719025
5349,2023-12-02,"Instant Coffee Powder (100g)",Chennai,250,1250,719025
5347,2023-12-02,"Instant Coffee Powder (100g)",Pune,250,1500,719025
5346,2023-12-02,"Instant Coffee Powder (100g)",Bangalore,250,2750,719025
5350,2023-12-02,"Instant Coffee Powder (100g)",Bangalore,250,2000,719025
5386,2023-12-03,"Instant Coffee Powder (100g)",Chennai,250,2500,735525
5387,2023-12-03,"Instant Coffee Powder (100g)",Chennai,250,4250,735525
5384,2023-12-03,"Instant Coffee Powder (100g)",Kanpur,250,2250,735525
5385,2023-12-03,"Instant Coffee Powder (100g)",Mumbai,250,3250,735525
5388,2023-12-03,"Instant Coffee Powder (100g)",Delhi,250,4250,735525
5407,2023-12-04,"Instant Coffee Powder (100g)",Chennai,250,4500,740025
5441,2023-12-05,"Instant Coffee Powder (100g)",Hyderabad,250,3500,750275
5439,2023-12-05,"Instant Coffee Powder (100g)",Pune,250,4750,750275
5440,2023-12-05,"Instant Coffee Powder (100g)",Bangalore,250,2000,750275
5477,2023-12-07,"Instant Coffee Powder (100g)",Bangalore,250,2500,756275
5479,2023-12-07,"Instant Coffee Powder (100g)",Bangalore,250,1750,756275
5478,2023-12-07,"Instant Coffee Powder (100g)",Delhi,250,1750,756275
5517,2023-12-08,"Instant Coffee Powder (100g)",Delhi,250,4750,766025
5518,2023-12-08,"Instant Coffee Powder (100g)",Delhi,250,1750,766025
5516,2023-12-08,"Instant Coffee Powder (100g)",Nagpur,250,1500,766025
5515,2023-12-08,"Instant Coffee Powder (100g)",Delhi,250,1750,766025
5550,2023-12-09,"Instant Coffee Powder (100g)",Chennai,250,4750,779275
5552,2023-12-09,"Instant Coffee Powder (100g)",Chennai,250,4250,779275
5551,2023-12-09,"Instant Coffee Powder (100g)",Kanpur,250,4250,779275
5580,2023-12-10,"Instant Coffee Powder (100g)",Hyderabad,250,4000,793025
5583,2023-12-10,"Instant Coffee Powder (100g)",Jaipur,250,3250,793025
5582,2023-12-10,"Instant Coffee Powder (100g)",Pune,250,1500,793025
5581,2023-12-10,"Instant Coffee Powder (100g)",Chennai,250,5000,793025
5613,2023-12-11,"Instant Coffee Powder (100g)",Delhi,250,3000,796025
5635,2023-12-12,"Instant Coffee Powder (100g)",Indore,250,4500,800525
5660,2023-12-13,"Instant Coffee Powder (100g)",Nagpur,250,3250,803775
5682,2023-12-14,"Instant Coffee Powder (100g)",Delhi,250,1500,812025
5683,2023-12-14,"Instant Coffee Powder (100g)",Delhi,250,3000,812025
5684,2023-12-14,"Instant Coffee Powder (100g)",Bangalore,250,3750,812025
5730,2023-12-16,"Instant Coffee Powder (100g)",Chennai,250,4250,822775
5728,2023-12-16,"Instant Coffee Powder (100g)",Chennai,250,4500,822775
5729,2023-12-16,"Instant Coffee Powder (100g)",Jaipur,250,2000,822775
5759,2023-12-17,"Instant Coffee Powder (100g)",Lucknow,250,2250,825025
5789,2023-12-18,"Instant Coffee Powder (100g)",Indore,250,3000,836525
5787,2023-12-18,"Instant Coffee Powder (100g)",Delhi,250,2750,836525
5788,2023-12-18,"Instant Coffee Powder (100g)",Jaipur,250,2750,836525
5786,2023-12-18,"Instant Coffee Powder (100g)",Nagpur,250,3000,836525
5819,2023-12-19,"Instant Coffee Powder (100g)",Jaipur,250,4750,844775
5820,2023-12-19,"Instant Coffee Powder (100g)",Delhi,250,3500,844775
6510,2024-01-11,"Instant Coffee Powder (100g)",Pune,250,4750,857275
6508,2024-01-11,"Instant Coffee Powder (100g)",Pune,250,3250,857275
6512,2024-01-11,"Instant Coffee Powder (100g)",Bangalore,250,1250,857275
6509,2024-01-11,"Instant Coffee Powder (100g)",Lucknow,250,1750,857275
6511,2024-01-11,"Instant Coffee Powder (100g)",Delhi,250,1500,857275
6542,2024-01-12,"Instant Coffee Powder (100g)",Jaipur,250,1750,887775
6533,2024-01-12,"Instant Coffee Powder (100g)",Kolkata,250,4500,887775
6540,2024-01-12,"Instant Coffee Powder (100g)",Pune,250,1500,887775
6539,2024-01-12,"Instant Coffee Powder (100g)",Pune,250,3000,887775
6537,2024-01-12,"Instant Coffee Powder (100g)",Kanpur,250,4250,887775
6543,2024-01-12,"Instant Coffee Powder (100g)",Delhi,250,1750,887775
6541,2024-01-12,"Instant Coffee Powder (100g)",Jaipur,250,3500,887775
6538,2024-01-12,"Instant Coffee Powder (100g)",Jaipur,250,1500,887775
6534,2024-01-12,"Instant Coffee Powder (100g)",Jaipur,250,3250,887775
6536,2024-01-12,"Instant Coffee Powder (100g)",Chennai,250,2750,887775
6544,2024-01-12,"Instant Coffee Powder (100g)",Chennai,250,1500,887775
6535,2024-01-12,"Instant Coffee Powder (100g)",Chennai,250,1250,887775
6570,2024-01-13,"Instant Coffee Powder (100g)",Mumbai,250,1500,930525
6578,2024-01-13,"Instant Coffee Powder (100g)",Delhi,250,4500,930525
6572,2024-01-13,"Instant Coffee Powder (100g)",Jaipur,250,3250,930525
6577,2024-01-13,"Instant Coffee Powder (100g)",Pune,250,3250,930525
6579,2024-01-13,"Instant Coffee Powder (100g)",Jaipur,250,3750,930525
6571,2024-01-13,"Instant Coffee Powder (100g)",Pune,250,5000,930525
6574,2024-01-13,"Instant Coffee Powder (100g)",Bangalore,250,4500,930525
6580,2024-01-13,"Instant Coffee Powder (100g)",Bangalore,250,1500,930525
6576,2024-01-13,"Instant Coffee Powder (100g)",Nagpur,250,3250,930525
6575,2024-01-13,"Instant Coffee Powder (100g)",Jaipur,250,3250,930525
6569,2024-01-13,"Instant Coffee Powder (100g)",Delhi,250,4750,930525
6573,2024-01-13,"Instant Coffee Powder (100g)",Indore,250,4250,930525
6598,2024-01-14,"Instant Coffee Powder (100g)",Delhi,250,4250,953275
6603,2024-01-14,"Instant Coffee Powder (100g)",Chennai,250,1500,953275
6599,2024-01-14,"Instant Coffee Powder (100g)",Jaipur,250,3000,953275
6604,2024-01-14,"Instant Coffee Powder (100g)",Delhi,250,3750,953275
6602,2024-01-14,"Instant Coffee Powder (100g)",Bangalore,250,3750,953275
6601,2024-01-14,"Instant Coffee Powder (100g)",Kolkata,250,4750,953275
6600,2024-01-14,"Instant Coffee Powder (100g)",Delhi,250,1750,953275
6627,2024-01-15,"Instant Coffee Powder (100g)",Pune,250,2250,974275
6624,2024-01-15,"Instant Coffee Powder (100g)",Delhi,250,3000,974275
6623,2024-01-15,"Instant Coffee Powder (100g)",Bangalore,250,3500,974275
6622,2024-01-15,"Instant Coffee Powder (100g)",Bangalore,250,4750,974275
6626,2024-01-15,"Instant Coffee Powder (100g)",Jaipur,250,3750,974275
6625,2024-01-15,"Instant Coffee Powder (100g)",Jaipur,250,3750,974275
6649,2024-01-16,"Instant Coffee Powder (100g)",Delhi,250,3250,1005025
6651,2024-01-16,"Instant Coffee Powder (100g)",Mumbai,250,3250,1005025
6656,2024-01-16,"Instant Coffee Powder (100g)",Pune,250,5000,1005025
6652,2024-01-16,"Instant Coffee Powder (100g)",Jaipur,250,1500,1005025
6654,2024-01-16,"Instant Coffee Powder (100g)",Ahmedabad,250,5000,1005025
6653,2024-01-16,"Instant Coffee Powder (100g)",Pune,250,1250,1005025
6655,2024-01-16,"Instant Coffee Powder (100g)",Chennai,250,3750,1005025
6650,2024-01-16,"Instant Coffee Powder (100g)",Chennai,250,3000,1005025
6648,2024-01-16,"Instant Coffee Powder (100g)",Bangalore,250,4750,1005025
6682,2024-01-17,"Instant Coffee Powder (100g)",Delhi,250,3750,1023275
6681,2024-01-17,"Instant Coffee Powder (100g)",Delhi,250,4500,1023275
6683,2024-01-17,"Instant Coffee Powder (100g)",Chennai,250,3250,1023275
6679,2024-01-17,"Instant Coffee Powder (100g)",Chennai,250,1250,1023275
6680,2024-01-17,"Instant Coffee Powder (100g)",Surat,250,2500,1023275
6684,2024-01-17,"Instant Coffee Powder (100g)",Ahmedabad,250,3000,1023275
6709,2024-01-18,"Instant Coffee Powder (100g)",Kanpur,250,2500,1042525
6708,2024-01-18,"Instant Coffee Powder (100g)",Mumbai,250,4500,1042525
6710,2024-01-18,"Instant Coffee Powder (100g)",Bangalore,250,4250,1042525
6706,2024-01-18,"Instant Coffee Powder (100g)",Chennai,250,5000,1042525
6707,2024-01-18,"Instant Coffee Powder (100g)",Pune,250,3000,1042525
6739,2024-01-19,"Instant Coffee Powder (100g)",Indore,250,1750,1069525
6738,2024-01-19,"Instant Coffee Powder (100g)",Delhi,250,1250,1069525
6740,2024-01-19,"Instant Coffee Powder (100g)",Lucknow,250,3250,1069525
6735,2024-01-19,"Instant Coffee Powder (100g)",Jaipur,250,4250,1069525
6734,2024-01-19,"Instant Coffee Powder (100g)",Kolkata,250,2250,1069525
6742,2024-01-19,"Instant Coffee Powder (100g)",Delhi,250,4000,1069525
6733,2024-01-19,"Instant Coffee Powder (100g)",Kanpur,250,1750,1069525
6741,2024-01-19,"Instant Coffee Powder (100g)",Chennai,250,4500,1069525
6736,2024-01-19,"Instant Coffee Powder (100g)",Chennai,250,2000,1069525
6737,2024-01-19,"Instant Coffee Powder (100g)",Bangalore,250,2000,1069525
6766,2024-01-20,"Instant Coffee Powder (100g)",Pune,250,1750,1104775
6764,2024-01-20,"Instant Coffee Powder (100g)",Mumbai,250,2750,1104775
6768,2024-01-20,"Instant Coffee Powder (100g)",Delhi,250,3750,1104775
6762,2024-01-20,"Instant Coffee Powder (100g)",Surat,250,3250,1104775
6763,2024-01-20,"Instant Coffee Powder (100g)",Nagpur,250,1750,1104775
6765,2024-01-20,"Instant Coffee Powder (100g)",Chennai,250,4250,1104775
6759,2024-01-20,"Instant Coffee Powder (100g)",Chennai,250,3500,1104775
6760,2024-01-20,"Instant Coffee Powder (100g)",Jaipur,250,4750,1104775
6767,2024-01-20,"Instant Coffee Powder (100g)",Pune,250,4250,1104775
6769,2024-01-20,"Instant Coffee Powder (100g)",Mumbai,250,3750,1104775
6761,2024-01-20,"Instant Coffee Powder (100g)",Delhi,250,1500,1104775
6799,2024-01-21,"Instant Coffee Powder (100g)",Bangalore,250,3000,1121275
6796,2024-01-21,"Instant Coffee Powder (100g)",Pune,250,4500,1121275
6797,2024-01-21,"Instant Coffee Powder (100g)",Pune,250,4750,1121275
6798,2024-01-21,"Instant Coffee Powder (100g)",Chennai,250,3000,1121275
6800,2024-01-21,"Instant Coffee Powder (100g)",Chennai,250,1250,1121275
6824,2024-01-22,"Instant Coffee Powder (100g)",Bangalore,250,2250,1135275
6823,2024-01-22,"Instant Coffee Powder (100g)",Pune,250,2000,1135275
6825,2024-01-22,"Instant Coffee Powder (100g)",Pune,250,5000,1135275
6822,2024-01-22,"Instant Coffee Powder (100g)",Delhi,250,4750,1135275
6848,2024-01-23,"Instant Coffee Powder (100g)",Chennai,250,2250,1152275
6850,2024-01-23,"Instant Coffee Powder (100g)",Chennai,250,3250,1152275
6846,2024-01-23,"Instant Coffee Powder (100g)",Jaipur,250,1750,1152275
6849,2024-01-23,"Instant Coffee Powder (100g)",Jaipur,250,4250,1152275
6845,2024-01-23,"Instant Coffee Powder (100g)",Pune,250,1500,1152275
6844,2024-01-23,"Instant Coffee Powder (100g)",Pune,250,1500,1152275
6847,2024-01-23,"Instant Coffee Powder (100g)",Jaipur,250,2500,1152275
6875,2024-01-24,"Instant Coffee Powder (100g)",Delhi,250,1750,1162525
6874,2024-01-24,"Instant Coffee Powder (100g)",Pune,250,2750,1162525
6876,2024-01-24,"Instant Coffee Powder (100g)",Kanpur,250,4000,1162525
6877,2024-01-24,"Instant Coffee Powder (100g)",Chennai,250,1750,1162525
6903,2024-01-25,"Instant Coffee Powder (100g)",Pune,250,4000,1192275
6902,2024-01-25,"Instant Coffee Powder (100g)",Surat,250,5000,1192275
6904,2024-01-25,"Instant Coffee Powder (100g)",Indore,250,2500,1192275
6896,2024-01-25,"Instant Coffee Powder (100g)",Pune,250,1250,1192275
6899,2024-01-25,"Instant Coffee Powder (100g)",Delhi,250,5000,1192275
6900,2024-01-25,"Instant Coffee Powder (100g)",Jaipur,250,1750,1192275
6898,2024-01-25,"Instant Coffee Powder (100g)",Pune,250,2500,1192275
6897,2024-01-25,"Instant Coffee Powder (100g)",Bangalore,250,1500,1192275
6901,2024-01-25,"Instant Coffee Powder (100g)",Jaipur,250,4500,1192275
6895,2024-01-25,"Instant Coffee Powder (100g)",Delhi,250,1750,1192275
6934,2024-01-26,"Instant Coffee Powder (100g)",Kolkata,250,1500,1230775
6928,2024-01-26,"Instant Coffee Powder (100g)",Pune,250,1250,1230775
6933,2024-01-26,"Instant Coffee Powder (100g)",Delhi,250,4250,1230775
6930,2024-01-26,"Instant Coffee Powder (100g)",Chennai,250,4500,1230775
6937,2024-01-26,"Instant Coffee Powder (100g)",Ahmedabad,250,3250,1230775
6927,2024-01-26,"Instant Coffee Powder (100g)",Pune,250,2000,1230775
6929,2024-01-26,"Instant Coffee Powder (100g)",Hyderabad,250,2000,1230775
6932,2024-01-26,"Instant Coffee Powder (100g)",Delhi,250,5000,1230775
6926,2024-01-26,"Instant Coffee Powder (100g)",Jaipur,250,3250,1230775
6931,2024-01-26,"Instant Coffee Powder (100g)",Jaipur,250,4500,1230775
6936,2024-01-26,"Instant Coffee Powder (100g)",Delhi,250,2750,1230775
6935,2024-01-26,"Instant Coffee Powder (100g)",Mumbai,250,4250,1230775
6959,2024-01-27,"Instant Coffee Powder (100g)",Surat,250,3500,1258025
6955,2024-01-27,"Instant Coffee Powder (100g)",Chennai,250,2500,1258025
6958,2024-01-27,"Instant Coffee Powder (100g)",Indore,250,3500,1258025
6956,2024-01-27,"Instant Coffee Powder (100g)",Mumbai,250,3500,1258025
6960,2024-01-27,"Instant Coffee Powder (100g)",Delhi,250,3250,1258025
6957,2024-01-27,"Instant Coffee Powder (100g)",Delhi,250,3000,1258025
6954,2024-01-27,"Instant Coffee Powder (100g)",Jaipur,250,4000,1258025
6962,2024-01-27,"Instant Coffee Powder (100g)",Kanpur,250,2250,1258025
6961,2024-01-27,"Instant Coffee Powder (100g)",Ahmedabad,250,1750,1258025
6981,2024-01-28,"Instant Coffee Powder (100g)",Pune,250,1500,1274775
6979,2024-01-28,"Instant Coffee Powder (100g)",Kolkata,250,3750,1274775
6982,2024-01-28,"Instant Coffee Powder (100g)",Pune,250,3750,1274775
6980,2024-01-28,"Instant Coffee Powder (100g)",Chennai,250,3750,1274775
6978,2024-01-28,"Instant Coffee Powder (100g)",Delhi,250,4000,1274775
7015,2024-01-29,"Instant Coffee Powder (100g)",Hyderabad,250,3500,1295525
7014,2024-01-29,"Instant Coffee Powder (100g)",Pune,250,4250,1295525
7017,2024-01-29,"Instant Coffee Powder (100g)",Pune,250,2750,1295525
7013,2024-01-29,"Instant Coffee Powder (100g)",Chennai,250,3500,1295525
7016,2024-01-29,"Instant Coffee Powder (100g)",Chennai,250,4750,1295525
7012,2024-01-29,"Instant Coffee Powder (100g)",Bangalore,250,2000,1295525
7040,2024-01-30,"Instant Coffee Powder (100g)",Bangalore,250,3750,1310025
7041,2024-01-30,"Instant Coffee Powder (100g)",Ahmedabad,250,4500,1310025
7038,2024-01-30,"Instant Coffee Powder (100g)",Chennai,250,2500,1310025
7042,2024-01-30,"Instant Coffee Powder (100g)",Kanpur,250,2250,1310025
7039,2024-01-30,"Instant Coffee Powder (100g)",Hyderabad,250,1500,1310025
7063,2024-01-31,"Instant Coffee Powder (100g)",Surat,250,3000,1357775
7065,2024-01-31,"Instant Coffee Powder (100g)",Mumbai,250,2000,1357775
7073,2024-01-31,"Instant Coffee Powder (100g)",Mumbai,250,4750,1357775
7066,2024-01-31,"Instant Coffee Powder (100g)",Delhi,250,4500,1357775
7068,2024-01-31,"Instant Coffee Powder (100g)",Jaipur,250,4000,1357775
7064,2024-01-31,"Instant Coffee Powder (100g)",Jaipur,250,3500,1357775
7070,2024-01-31,"Instant Coffee Powder (100g)",Jaipur,250,5000,1357775
7071,2024-01-31,"Instant Coffee Powder (100g)",Lucknow,250,1750,1357775
7072,2024-01-31,"Instant Coffee Powder (100g)",Jaipur,250,1500,1357775
7069,2024-01-31,"Instant Coffee Powder (100g)",Pune,250,1500,1357775
7061,2024-01-31,"Instant Coffee Powder (100g)",Kanpur,250,4750,1357775
7060,2024-01-31,"Instant Coffee Powder (100g)",Delhi,250,4750,1357775
7067,2024-01-31,"Instant Coffee Powder (100g)",Jaipur,250,2750,1357775
7062,2024-01-31,"Instant Coffee Powder (100g)",Chennai,250,4000,1357775
7092,2024-02-01,"Instant Coffee Powder (100g)",Chennai,250,4750,1377525
7089,2024-02-01,"Instant Coffee Powder (100g)",Nagpur,250,3500,1377525
7090,2024-02-01,"Instant Coffee Powder (100g)",Jaipur,250,2250,1377525
7091,2024-02-01,"Instant Coffee Powder (100g)",Bangalore,250,3000,1377525
7088,2024-02-01,"Instant Coffee Powder (100g)",Delhi,250,2000,1377525
7087,2024-02-01,"Instant Coffee Powder (100g)",Jaipur,250,4250,1377525
7112,2024-02-02,"Instant Coffee Powder (100g)",Chennai,250,3250,1387775
7111,2024-02-02,"Instant Coffee Powder (100g)",Chennai,250,1500,1387775
7113,2024-02-02,"Instant Coffee Powder (100g)",Kolkata,250,1250,1387775
7110,2024-02-02,"Instant Coffee Powder (100g)",Pune,250,4250,1387775
7135,2024-02-03,"Instant Coffee Powder (100g)",Pune,250,4000,1404525
7131,2024-02-03,"Instant Coffee Powder (100g)",Pune,250,3000,1404525
7134,2024-02-03,"Instant Coffee Powder (100g)",Chennai,250,2000,1404525
7133,2024-02-03,"Instant Coffee Powder (100g)",Chennai,250,1250,1404525
7129,2024-02-03,"Instant Coffee Powder (100g)",Pune,250,2000,1404525
7130,2024-02-03,"Instant Coffee Powder (100g)",Pune,250,2000,1404525
7132,2024-02-03,"Instant Coffee Powder (100g)",Mumbai,250,2500,1404525
7162,2024-02-04,"Instant Coffee Powder (100g)",Chennai,250,5000,1417775
7164,2024-02-04,"Instant Coffee Powder (100g)",Ahmedabad,250,4250,1417775
7163,2024-02-04,"Instant Coffee Powder (100g)",Hyderabad,250,4000,1417775
7189,2024-02-05,"Instant Coffee Powder (100g)",Bangalore,250,3000,1428275
7188,2024-02-05,"Instant Coffee Powder (100g)",Jaipur,250,4750,1428275
7190,2024-02-05,"Instant Coffee Powder (100g)",Pune,250,2750,1428275
7215,2024-02-06,"Instant Coffee Powder (100g)",Pune,250,2750,1454275
7211,2024-02-06,"Instant Coffee Powder (100g)",Bangalore,250,4500,1454275
7212,2024-02-06,"Instant Coffee Powder (100g)",Bangalore,250,4250,1454275
7214,2024-02-06,"Instant Coffee Powder (100g)",Jaipur,250,2000,1454275
7216,2024-02-06,"Instant Coffee Powder (100g)",Pune,250,1500,1454275
7213,2024-02-06,"Instant Coffee Powder (100g)",Jaipur,250,4500,1454275
7217,2024-02-06,"Instant Coffee Powder (100g)",Indore,250,5000,1454275
7218,2024-02-06,"Instant Coffee Powder (100g)",Chennai,250,1500,1454275
7249,2024-02-07,"Instant Coffee Powder (100g)",Pune,250,2500,1464775
7247,2024-02-07,"Instant Coffee Powder (100g)",Delhi,250,1750,1464775
7248,2024-02-07,"Instant Coffee Powder (100g)",Jaipur,250,3500,1464775
7246,2024-02-07,"Instant Coffee Powder (100g)",Jaipur,250,2750,1464775
7284,2024-02-08,"Instant Coffee Powder (100g)",Delhi,250,2250,1497775
7285,2024-02-08,"Instant Coffee Powder (100g)",Chennai,250,4750,1497775
7286,2024-02-08,"Instant Coffee Powder (100g)",Chennai,250,3250,1497775
7280,2024-02-08,"Instant Coffee Powder (100g)",Chennai,250,4500,1497775
7282,2024-02-08,"Instant Coffee Powder (100g)",Delhi,250,2500,1497775
7277,2024-02-08,"Instant Coffee Powder (100g)",Bangalore,250,4000,1497775
7283,2024-02-08,"Instant Coffee Powder (100g)",Bangalore,250,4500,1497775
7279,2024-02-08,"Instant Coffee Powder (100g)",Hyderabad,250,1750,1497775
7281,2024-02-08,"Instant Coffee Powder (100g)",Jaipur,250,2500,1497775
7278,2024-02-08,"Instant Coffee Powder (100g)",Jaipur,250,3000,1497775
7307,2024-02-09,"Instant Coffee Powder (100g)",Jaipur,250,3500,1515775
7308,2024-02-09,"Instant Coffee Powder (100g)",Jaipur,250,3250,1515775
7310,2024-02-09,"Instant Coffee Powder (100g)",Chennai,250,1250,1515775
7306,2024-02-09,"Instant Coffee Powder (100g)",Chennai,250,3750,1515775
7305,2024-02-09,"Instant Coffee Powder (100g)",Chennai,250,4500,1515775
7309,2024-02-09,"Instant Coffee Powder (100g)",Nagpur,250,1750,1515775
7340,2024-02-10,"Instant Coffee Powder (100g)",Hyderabad,250,2250,1543275
7343,2024-02-10,"Instant Coffee Powder (100g)",Pune,250,4500,1543275
7344,2024-02-10,"Instant Coffee Powder (100g)",Ahmedabad,250,3500,1543275
7347,2024-02-10,"Instant Coffee Powder (100g)",Jaipur,250,1250,1543275
7345,2024-02-10,"Instant Coffee Powder (100g)",Delhi,250,3750,1543275
7341,2024-02-10,"Instant Coffee Powder (100g)",Ahmedabad,250,1500,1543275
7348,2024-02-10,"Instant Coffee Powder (100g)",Delhi,250,2250,1543275
7346,2024-02-10,"Instant Coffee Powder (100g)",Bangalore,250,4500,1543275
7342,2024-02-10,"Instant Coffee Powder (100g)",Bangalore,250,4000,1543275
7373,2024-02-11,"Instant Coffee Powder (100g)",Bangalore,250,3250,1584275
7381,2024-02-11,"Instant Coffee Powder (100g)",Bangalore,250,3000,1584275
7376,2024-02-11,"Instant Coffee Powder (100g)",Kanpur,250,2500,1584275
7379,2024-02-11,"Instant Coffee Powder (100g)",Indore,250,5000,1584275
7378,2024-02-11,"Instant Coffee Powder (100g)",Mumbai,250,1750,1584275
7383,2024-02-11,"Instant Coffee Powder (100g)",Pune,250,3000,1584275
7385,2024-02-11,"Instant Coffee Powder (100g)",Delhi,250,1750,1584275
7382,2024-02-11,"Instant Coffee Powder (100g)",Delhi,250,4000,1584275
7380,2024-02-11,"Instant Coffee Powder (100g)",Jaipur,250,2000,1584275
7384,2024-02-11,"Instant Coffee Powder (100g)",Lucknow,250,3500,1584275
7377,2024-02-11,"Instant Coffee Powder (100g)",Delhi,250,4000,1584275
7374,2024-02-11,"Instant Coffee Powder (100g)",Delhi,250,1750,1584275
7372,2024-02-11,"Instant Coffee Powder (100g)",Jaipur,250,1250,1584275
7375,2024-02-11,"Instant Coffee Powder (100g)",Chennai,250,4250,1584275
7420,2024-02-12,"Instant Coffee Powder (100g)",Chennai,250,1250,1616025
7425,2024-02-12,"Instant Coffee Powder (100g)",Chennai,250,4750,1616025
7418,2024-02-12,"Instant Coffee Powder (100g)",Mumbai,250,2750,1616025
7423,2024-02-12,"Instant Coffee Powder (100g)",Kolkata,250,4250,1616025
7422,2024-02-12,"Instant Coffee Powder (100g)",Bangalore,250,1250,1616025
7417,2024-02-12,"Instant Coffee Powder (100g)",Kanpur,250,4000,1616025
7424,2024-02-12,"Instant Coffee Powder (100g)",Jaipur,250,2000,1616025
7416,2024-02-12,"Instant Coffee Powder (100g)",Pune,250,3250,1616025
7421,2024-02-12,"Instant Coffee Powder (100g)",Hyderabad,250,4500,1616025
7419,2024-02-12,"Instant Coffee Powder (100g)",Delhi,250,3750,1616025
7452,2024-02-13,"Instant Coffee Powder (100g)",Bangalore,250,2250,1649775
7453,2024-02-13,"Instant Coffee Powder (100g)",Chennai,250,3750,1649775
7448,2024-02-13,"Instant Coffee Powder (100g)",Chennai,250,4250,1649775
7454,2024-02-13,"Instant Coffee Powder (100g)",Pune,250,3500,1649775
7449,2024-02-13,"Instant Coffee Powder (100g)",Kanpur,250,5000,1649775
7447,2024-02-13,"Instant Coffee Powder (100g)",Delhi,250,4250,1649775
7446,2024-02-13,"Instant Coffee Powder (100g)",Pune,250,3000,1649775
7451,2024-02-13,"Instant Coffee Powder (100g)",Jaipur,250,4250,1649775
7450,2024-02-13,"Instant Coffee Powder (100g)",Jaipur,250,3500,1649775
7481,2024-02-14,"Instant Coffee Powder (100g)",Lucknow,250,2000,1659025
7482,2024-02-14,"Instant Coffee Powder (100g)",Pune,250,3500,1659025
7480,2024-02-14,"Instant Coffee Powder (100g)",Delhi,250,1250,1659025
7479,2024-02-14,"Instant Coffee Powder (100g)",Surat,250,2500,1659025
7506,2024-02-15,"Instant Coffee Powder (100g)",Pune,250,4750,1713275
7509,2024-02-15,"Instant Coffee Powder (100g)",Delhi,250,4250,1713275
7501,2024-02-15,"Instant Coffee Powder (100g)",Lucknow,250,5000,1713275
7497,2024-02-15,"Instant Coffee Powder (100g)",Bangalore,250,4250,1713275
7499,2024-02-15,"Instant Coffee Powder (100g)",Jaipur,250,5000,1713275
7508,2024-02-15,"Instant Coffee Powder (100g)",Nagpur,250,1500,1713275
7505,2024-02-15,"Instant Coffee Powder (100g)",Delhi,250,5000,1713275
7507,2024-02-15,"Instant Coffee Powder (100g)",Ahmedabad,250,5000,1713275
7502,2024-02-15,"Instant Coffee Powder (100g)",Pune,250,4000,1713275
7510,2024-02-15,"Instant Coffee Powder (100g)",Nagpur,250,2500,1713275
7504,2024-02-15,"Instant Coffee Powder (100g)",Delhi,250,4000,1713275
7498,2024-02-15,"Instant Coffee Powder (100g)",Chennai,250,3500,1713275
7503,2024-02-15,"Instant Coffee Powder (100g)",Chennai,250,2250,1713275
7500,2024-02-15,"Instant Coffee Powder (100g)",Jaipur,250,3250,1713275
7530,2024-02-16,"Instant Coffee Powder (100g)",Jaipur,250,3500,1716775
7557,2024-02-17,"Instant Coffee Powder (100g)",Delhi,250,4000,1739275
7559,2024-02-17,"Instant Coffee Powder (100g)",Nagpur,250,3500,1739275
7556,2024-02-17,"Instant Coffee Powder (100g)",Jaipur,250,2000,1739275
7555,2024-02-17,"Instant Coffee Powder (100g)",Pune,250,2750,1739275
7561,2024-02-17,"Instant Coffee Powder (100g)",Surat,250,3250,1739275
7560,2024-02-17,"Instant Coffee Powder (100g)",Pune,250,5000,1739275
7558,2024-02-17,"Instant Coffee Powder (100g)",Mumbai,250,2000,1739275
7587,2024-02-18,"Instant Coffee Powder (100g)",Pune,250,4500,1754525
7589,2024-02-18,"Instant Coffee Powder (100g)",Mumbai,250,1500,1754525
7588,2024-02-18,"Instant Coffee Powder (100g)",Pune,250,3750,1754525
7585,2024-02-18,"Instant Coffee Powder (100g)",Pune,250,3750,1754525
7586,2024-02-18,"Instant Coffee Powder (100g)",Delhi,250,1750,1754525
7617,2024-02-19,"Instant Coffee Powder (100g)",Pune,250,5000,1764775
7616,2024-02-19,"Instant Coffee Powder (100g)",Jaipur,250,2500,1764775
7618,2024-02-19,"Instant Coffee Powder (100g)",Kolkata,250,1250,1764775
7619,2024-02-19,"Instant Coffee Powder (100g)",Pune,250,1500,1764775
7643,2024-02-20,"Instant Coffee Powder (100g)",Delhi,250,5000,1778275
7642,2024-02-20,"Instant Coffee Powder (100g)",Delhi,250,2750,1778275
7644,2024-02-20,"Instant Coffee Powder (100g)",Bangalore,250,3250,1778275
7645,2024-02-20,"Instant Coffee Powder (100g)",Chennai,250,2500,1778275
7666,2024-02-21,"Instant Coffee Powder (100g)",Chennai,250,3250,1809775
7661,2024-02-21,"Instant Coffee Powder (100g)",Mumbai,250,3000,1809775
7667,2024-02-21,"Instant Coffee Powder (100g)",Lucknow,250,4750,1809775
7663,2024-02-21,"Instant Coffee Powder (100g)",Nagpur,250,2250,1809775
7668,2024-02-21,"Instant Coffee Powder (100g)",Bangalore,250,3250,1809775
7662,2024-02-21,"Instant Coffee Powder (100g)",Jaipur,250,3000,1809775
7665,2024-02-21,"Instant Coffee Powder (100g)",Indore,250,5000,1809775
7669,2024-02-21,"Instant Coffee Powder (100g)",Pune,250,4500,1809775
7664,2024-02-21,"Instant Coffee Powder (100g)",Pune,250,2500,1809775
7696,2024-02-22,"Instant Coffee Powder (100g)",Lucknow,250,1250,1822275
7697,2024-02-22,"Instant Coffee Powder (100g)",Delhi,250,1750,1822275
7699,2024-02-22,"Instant Coffee Powder (100g)",Chennai,250,1250,1822275
7695,2024-02-22,"Instant Coffee Powder (100g)",Pune,250,3250,1822275
7698,2024-02-22,"Instant Coffee Powder (100g)",Bangalore,250,1250,1822275
7700,2024-02-22,"Instant Coffee Powder (100g)",Bangalore,250,3750,1822275
7723,2024-02-23,"Instant Coffee Powder (100g)",Bangalore,250,4750,1839775
7722,2024-02-23,"Instant Coffee Powder (100g)",Chennai,250,2750,1839775
7725,2024-02-23,"Instant Coffee Powder (100g)",Kolkata,250,3500,1839775
7724,2024-02-23,"Instant Coffee Powder (100g)",Nagpur,250,5000,1839775
7721,2024-02-23,"Instant Coffee Powder (100g)",Jaipur,250,1500,1839775
7747,2024-02-24,"Instant Coffee Powder (100g)",Delhi,250,4250,1849525
7750,2024-02-24,"Instant Coffee Powder (100g)",Jaipur,250,1750,1849525
7748,2024-02-24,"Instant Coffee Powder (100g)",Kolkata,250,1250,1849525
7749,2024-02-24,"Instant Coffee Powder (100g)",Pune,250,2500,1849525
7780,2024-02-25,"Instant Coffee Powder (100g)",Pune,250,2000,1865275
7781,2024-02-25,"Instant Coffee Powder (100g)",Delhi,250,4000,1865275
7782,2024-02-25,"Instant Coffee Powder (100g)",Ahmedabad,250,3000,1865275
7779,2024-02-25,"Instant Coffee Powder (100g)",Chennai,250,3250,1865275
7783,2024-02-25,"Instant Coffee Powder (100g)",Chennai,250,3500,1865275
7810,2024-02-26,"Instant Coffee Powder (100g)",Pune,250,2750,1877275
7812,2024-02-26,"Instant Coffee Powder (100g)",Pune,250,1750,1877275
7811,2024-02-26,"Instant Coffee Powder (100g)",Kanpur,250,1250,1877275
7813,2024-02-26,"Instant Coffee Powder (100g)",Kanpur,250,2750,1877275
7809,2024-02-26,"Instant Coffee Powder (100g)",Surat,250,3500,1877275
7845,2024-02-27,"Instant Coffee Powder (100g)",Ahmedabad,250,1500,1937025
7843,2024-02-27,"Instant Coffee Powder (100g)",Nagpur,250,1250,1937025
7847,2024-02-27,"Instant Coffee Powder (100g)",Lucknow,250,1250,1937025
7842,2024-02-27,"Instant Coffee Powder (100g)",Kanpur,250,4250,1937025
7840,2024-02-27,"Instant Coffee Powder (100g)",Delhi,250,4750,1937025
7838,2024-02-27,"Instant Coffee Powder (100g)",Delhi,250,2000,1937025
7839,2024-02-27,"Instant Coffee Powder (100g)",Jaipur,250,4500,1937025
7848,2024-02-27,"Instant Coffee Powder (100g)",Pune,250,3000,1937025
7844,2024-02-27,"Instant Coffee Powder (100g)",Jaipur,250,2500,1937025
7841,2024-02-27,"Instant Coffee Powder (100g)",Chennai,250,2500,1937025
7835,2024-02-27,"Instant Coffee Powder (100g)",Chennai,250,5000,1937025
7846,2024-02-27,"Instant Coffee Powder (100g)",Chennai,250,4750,1937025
7850,2024-02-27,"Instant Coffee Powder (100g)",Chennai,250,2500,1937025
7834,2024-02-27,"Instant Coffee Powder (100g)",Bangalore,250,4000,1937025
7833,2024-02-27,"Instant Coffee Powder (100g)",Chennai,250,2750,1937025
7836,2024-02-27,"Instant Coffee Powder (100g)",Bangalore,250,4000,1937025
7851,2024-02-27,"Instant Coffee Powder (100g)",Mumbai,250,4500,1937025
7849,2024-02-27,"Instant Coffee Powder (100g)",Pune,250,3250,1937025
7837,2024-02-27,"Instant Coffee Powder (100g)",Jaipur,250,1500,1937025
7873,2024-02-28,"Instant Coffee Powder (100g)",Lucknow,250,3250,1948525
7871,2024-02-28,"Instant Coffee Powder (100g)",Delhi,250,1500,1948525
7870,2024-02-28,"Instant Coffee Powder (100g)",Surat,250,4500,1948525
7872,2024-02-28,"Instant Coffee Powder (100g)",Chennai,250,2250,1948525
7897,2024-02-29,"Instant Coffee Powder (100g)",Chennai,250,3500,1972275
7895,2024-02-29,"Instant Coffee Powder (100g)",Chennai,250,4500,1972275
7899,2024-02-29,"Instant Coffee Powder (100g)",Delhi,250,2000,1972275
7898,2024-02-29,"Instant Coffee Powder (100g)",Hyderabad,250,3250,1972275
7900,2024-02-29,"Instant Coffee Powder (100g)",Pune,250,1500,1972275
7901,2024-02-29,"Instant Coffee Powder (100g)",Pune,250,1250,1972275
7894,2024-02-29,"Instant Coffee Powder (100g)",Jaipur,250,3500,1972275
7896,2024-02-29,"Instant Coffee Powder (100g)",Bangalore,250,4250,1972275
7943,2024-03-01,"Instant Coffee Powder (100g)",Pune,250,2000,1998275
7947,2024-03-01,"Instant Coffee Powder (100g)",Delhi,250,4500,1998275
7942,2024-03-01,"Instant Coffee Powder (100g)",Delhi,250,4000,1998275
7940,2024-03-01,"Instant Coffee Powder (100g)",Pune,250,3750,1998275
7941,2024-03-01,"Instant Coffee Powder (100g)",Jaipur,250,3500,1998275
7945,2024-03-01,"Instant Coffee Powder (100g)",Pune,250,1250,1998275
7944,2024-03-01,"Instant Coffee Powder (100g)",Indore,250,2750,1998275
7946,2024-03-01,"Instant Coffee Powder (100g)",Jaipur,250,4250,1998275
8004,2024-03-02,"Instant Coffee Powder (100g)",Mumbai,250,1750,2032525
8003,2024-03-02,"Instant Coffee Powder (100g)",Delhi,250,3000,2032525
8006,2024-03-02,"Instant Coffee Powder (100g)",Indore,250,4000,2032525
8007,2024-03-02,"Instant Coffee Powder (100g)",Kanpur,250,3750,2032525
8010,2024-03-02,"Instant Coffee Powder (100g)",Pune,250,1250,2032525
8001,2024-03-02,"Instant Coffee Powder (100g)",Pune,250,2000,2032525
8002,2024-03-02,"Instant Coffee Powder (100g)",Indore,250,5000,2032525
8000,2024-03-02,"Instant Coffee Powder (100g)",Pune,250,1500,2032525
8009,2024-03-02,"Instant Coffee Powder (100g)",Pune,250,4250,2032525
8005,2024-03-02,"Instant Coffee Powder (100g)",Ahmedabad,250,3750,2032525
8011,2024-03-02,"Instant Coffee Powder (100g)",Mumbai,250,2000,2032525
8008,2024-03-02,"Instant Coffee Powder (100g)",Lucknow,250,2000,2032525
8042,2024-03-03,"Instant Coffee Powder (100g)",Delhi,250,4000,2055025
8045,2024-03-03,"Instant Coffee Powder (100g)",Hyderabad,250,3500,2055025
8041,2024-03-03,"Instant Coffee Powder (100g)",Chennai,250,2750,2055025
8043,2024-03-03,"Instant Coffee Powder (100g)",Bangalore,250,5000,2055025
8044,2024-03-03,"Instant Coffee Powder (100g)",Mumbai,250,3750,2055025
8046,2024-03-03,"Instant Coffee Powder (100g)",Mumbai,250,3500,2055025
8072,2024-03-04,"Instant Coffee Powder (100g)",Chennai,250,4500,2076025
8071,2024-03-04,"Instant Coffee Powder (100g)",Bangalore,250,5000,2076025
8070,2024-03-04,"Instant Coffee Powder (100g)",Hyderabad,250,4500,2076025
8069,2024-03-04,"Instant Coffee Powder (100g)",Surat,250,3500,2076025
8073,2024-03-04,"Instant Coffee Powder (100g)",Delhi,250,3500,2076025
8111,2024-03-05,"Instant Coffee Powder (100g)",Jaipur,250,3000,2115275
8107,2024-03-05,"Instant Coffee Powder (100g)",Indore,250,2250,2115275
8105,2024-03-05,"Instant Coffee Powder (100g)",Pune,250,3000,2115275
8110,2024-03-05,"Instant Coffee Powder (100g)",Pune,250,3250,2115275
8104,2024-03-05,"Instant Coffee Powder (100g)",Mumbai,250,4000,2115275
8109,2024-03-05,"Instant Coffee Powder (100g)",Lucknow,250,2750,2115275
8114,2024-03-05,"Instant Coffee Powder (100g)",Kanpur,250,4000,2115275
8112,2024-03-05,"Instant Coffee Powder (100g)",Pune,250,1500,2115275
8113,2024-03-05,"Instant Coffee Powder (100g)",Delhi,250,3000,2115275
8108,2024-03-05,"Instant Coffee Powder (100g)",Bangalore,250,3750,2115275
8103,2024-03-05,"Instant Coffee Powder (100g)",Chennai,250,4250,2115275
8106,2024-03-05,"Instant Coffee Powder (100g)",Pune,250,4500,2115275
8145,2024-03-06,"Instant Coffee Powder (100g)",Chennai,250,3500,2135525
8141,2024-03-06,"Instant Coffee Powder (100g)",Bangalore,250,3250,2135525
8142,2024-03-06,"Instant Coffee Powder (100g)",Bangalore,250,2750,2135525
8143,2024-03-06,"Instant Coffee Powder (100g)",Bangalore,250,4500,2135525
8146,2024-03-06,"Instant Coffee Powder (100g)",Pune,250,2000,2135525
8144,2024-03-06,"Instant Coffee Powder (100g)",Indore,250,4250,2135525
8170,2024-03-07,"Instant Coffee Powder (100g)",Jaipur,250,4750,2154275
8166,2024-03-07,"Instant Coffee Powder (100g)",Indore,250,3750,2154275
8168,2024-03-07,"Instant Coffee Powder (100g)",Pune,250,2250,2154275
8167,2024-03-07,"Instant Coffee Powder (100g)",Pune,250,4000,2154275
8165,2024-03-07,"Instant Coffee Powder (100g)",Delhi,250,2750,2154275
8169,2024-03-07,"Instant Coffee Powder (100g)",Delhi,250,1250,2154275
8197,2024-03-08,"Instant Coffee Powder (100g)",Jaipur,250,3750,2178025
8201,2024-03-08,"Instant Coffee Powder (100g)",Delhi,250,1750,2178025
8200,2024-03-08,"Instant Coffee Powder (100g)",Hyderabad,250,3750,2178025
8203,2024-03-08,"Instant Coffee Powder (100g)",Pune,250,3250,2178025
8199,2024-03-08,"Instant Coffee Powder (100g)",Chennai,250,4750,2178025
8198,2024-03-08,"Instant Coffee Powder (100g)",Chennai,250,2750,2178025
8202,2024-03-08,"Instant Coffee Powder (100g)",Bangalore,250,3750,2178025
8231,2024-03-09,"Instant Coffee Powder (100g)",Bangalore,250,4000,2189025
8229,2024-03-09,"Instant Coffee Powder (100g)",Chennai,250,1250,2189025
8230,2024-03-09,"Instant Coffee Powder (100g)",Hyderabad,250,1250,2189025
8232,2024-03-09,"Instant Coffee Powder (100g)",Kanpur,250,2500,2189025
8228,2024-03-09,"Instant Coffee Powder (100g)",Chennai,250,2000,2189025
8252,2024-03-10,"Instant Coffee Powder (100g)",Jaipur,250,2250,2203525
8254,2024-03-10,"Instant Coffee Powder (100g)",Delhi,250,4250,2203525
8255,2024-03-10,"Instant Coffee Powder (100g)",Jaipur,250,1250,2203525
8251,2024-03-10,"Instant Coffee Powder (100g)",Jaipur,250,2500,2203525
8253,2024-03-10,"Instant Coffee Powder (100g)",Pune,250,4250,2203525
8276,2024-03-11,"Instant Coffee Powder (100g)",Jaipur,250,3750,2226275
8279,2024-03-11,"Instant Coffee Powder (100g)",Chennai,250,2750,2226275
8280,2024-03-11,"Instant Coffee Powder (100g)",Bangalore,250,3750,2226275
8275,2024-03-11,"Instant Coffee Powder (100g)",Bangalore,250,3750,2226275
8278,2024-03-11,"Instant Coffee Powder (100g)",Indore,250,2000,2226275
8274,2024-03-11,"Instant Coffee Powder (100g)",Pune,250,4000,2226275
8277,2024-03-11,"Instant Coffee Powder (100g)",Delhi,250,2750,2226275
8307,2024-03-12,"Instant Coffee Powder (100g)",Delhi,250,4000,2249775
8310,2024-03-12,"Instant Coffee Powder (100g)",Pune,250,2250,2249775
8306,2024-03-12,"Instant Coffee Powder (100g)",Jaipur,250,4250,2249775
8311,2024-03-12,"Instant Coffee Powder (100g)",Chennai,250,4750,2249775
8313,2024-03-12,"Instant Coffee Powder (100g)",Delhi,250,4000,2249775
8308,2024-03-12,"Instant Coffee Powder (100g)",Mumbai,250,1250,2249775
8312,2024-03-12,"Instant Coffee Powder (100g)",Chennai,250,1250,2249775
8309,2024-03-12,"Instant Coffee Powder (100g)",Bangalore,250,1750,2249775
8331,2024-03-13,"Instant Coffee Powder (100g)",Bangalore,250,1250,2270775
8333,2024-03-13,"Instant Coffee Powder (100g)",Chennai,250,5000,2270775
8335,2024-03-13,"Instant Coffee Powder (100g)",Chennai,250,3250,2270775
8332,2024-03-13,"Instant Coffee Powder (100g)",Kolkata,250,2750,2270775
8330,2024-03-13,"Instant Coffee Powder (100g)",Nagpur,250,4500,2270775
8334,2024-03-13,"Instant Coffee Powder (100g)",Kanpur,250,4250,2270775
8363,2024-03-14,"Instant Coffee Powder (100g)",Pune,250,4000,2303525
8365,2024-03-14,"Instant Coffee Powder (100g)",Lucknow,250,2000,2303525
8358,2024-03-14,"Instant Coffee Powder (100g)",Jaipur,250,4000,2303525
8359,2024-03-14,"Instant Coffee Powder (100g)",Chennai,250,4750,2303525
8361,2024-03-14,"Instant Coffee Powder (100g)",Bangalore,250,4250,2303525
8357,2024-03-14,"Instant Coffee Powder (100g)",Jaipur,250,4000,2303525
8362,2024-03-14,"Instant Coffee Powder (100g)",Indore,250,4500,2303525
8364,2024-03-14,"Instant Coffee Powder (100g)",Pune,250,1250,2303525
8360,2024-03-14,"Instant Coffee Powder (100g)",Hyderabad,250,4000,2303525
8392,2024-03-15,"Instant Coffee Powder (100g)",Lucknow,250,2250,2316275
8391,2024-03-15,"Instant Coffee Powder (100g)",Bangalore,250,3750,2316275
8393,2024-03-15,"Instant Coffee Powder (100g)",Hyderabad,250,3250,2316275
8394,2024-03-15,"Instant Coffee Powder (100g)",Pune,250,3500,2316275
8416,2024-03-16,"Instant Coffee Powder (100g)",Pune,250,1250,2333525
8420,2024-03-16,"Instant Coffee Powder (100g)",Delhi,250,5000,2333525
8417,2024-03-16,"Instant Coffee Powder (100g)",Pune,250,4250,2333525
8418,2024-03-16,"Instant Coffee Powder (100g)",Jaipur,250,3000,2333525
8419,2024-03-16,"Instant Coffee Powder (100g)",Delhi,250,3750,2333525
8453,2024-03-17,"Instant Coffee Powder (100g)",Surat,250,4250,2366525
8454,2024-03-17,"Instant Coffee Powder (100g)",Jaipur,250,1500,2366525
8455,2024-03-17,"Instant Coffee Powder (100g)",Mumbai,250,2500,2366525
8458,2024-03-17,"Instant Coffee Powder (100g)",Jaipur,250,2250,2366525
8456,2024-03-17,"Instant Coffee Powder (100g)",Pune,250,5000,2366525
8452,2024-03-17,"Instant Coffee Powder (100g)",Bangalore,250,4750,2366525
8457,2024-03-17,"Instant Coffee Powder (100g)",Delhi,250,4000,2366525
8451,2024-03-17,"Instant Coffee Powder (100g)",Jaipur,250,4500,2366525
8459,2024-03-17,"Instant Coffee Powder (100g)",Jaipur,250,4250,2366525
8481,2024-03-18,"Instant Coffee Powder (100g)",Chennai,250,2000,2374775
8480,2024-03-18,"Instant Coffee Powder (100g)",Chennai,250,1750,2374775
8482,2024-03-18,"Instant Coffee Powder (100g)",Jaipur,250,4500,2374775
8523,2024-03-19,"Instant Coffee Powder (100g)",Pune,250,3750,2402275
8522,2024-03-19,"Instant Coffee Powder (100g)",Delhi,250,1750,2402275
8519,2024-03-19,"Instant Coffee Powder (100g)",Kolkata,250,1750,2402275
8521,2024-03-19,"Instant Coffee Powder (100g)",Jaipur,250,2250,2402275
8520,2024-03-19,"Instant Coffee Powder (100g)",Jaipur,250,4750,2402275
8525,2024-03-19,"Instant Coffee Powder (100g)",Chennai,250,1750,2402275
8524,2024-03-19,"Instant Coffee Powder (100g)",Bangalore,250,3250,2402275
8517,2024-03-19,"Instant Coffee Powder (100g)",Delhi,250,4250,2402275
8518,2024-03-19,"Instant Coffee Powder (100g)",Kanpur,250,4000,2402275
8539,2024-03-20,"Instant Coffee Powder (100g)",Delhi,250,2750,2412775
8540,2024-03-20,"Instant Coffee Powder (100g)",Pune,250,2750,2412775
8541,2024-03-20,"Instant Coffee Powder (100g)",Bangalore,250,5000,2412775
8564,2024-03-21,"Instant Coffee Powder (100g)",Bangalore,250,1500,2433775
8565,2024-03-21,"Instant Coffee Powder (100g)",Delhi,250,3750,2433775
8566,2024-03-21,"Instant Coffee Powder (100g)",Delhi,250,1250,2433775
8560,2024-03-21,"Instant Coffee Powder (100g)",Jaipur,250,3500,2433775
8563,2024-03-21,"Instant Coffee Powder (100g)",Jaipur,250,3250,2433775
8562,2024-03-21,"Instant Coffee Powder (100g)",Jaipur,250,2750,2433775
8561,2024-03-21,"Instant Coffee Powder (100g)",Pune,250,5000,2433775
8601,2024-03-22,"Instant Coffee Powder (100g)",Jaipur,250,2250,2455275
8599,2024-03-22,"Instant Coffee Powder (100g)",Bangalore,250,4000,2455275
8596,2024-03-22,"Instant Coffee Powder (100g)",Pune,250,4250,2455275
8600,2024-03-22,"Instant Coffee Powder (100g)",Pune,250,4000,2455275
8598,2024-03-22,"Instant Coffee Powder (100g)",Pune,250,4250,2455275
8597,2024-03-22,"Instant Coffee Powder (100g)",Chennai,250,2750,2455275
8629,2024-03-23,"Instant Coffee Powder (100g)",Chennai,250,2250,2477775
8625,2024-03-23,"Instant Coffee Powder (100g)",Pune,250,2500,2477775
8628,2024-03-23,"Instant Coffee Powder (100g)",Jaipur,250,5000,2477775
8626,2024-03-23,"Instant Coffee Powder (100g)",Hyderabad,250,4500,2477775
8630,2024-03-23,"Instant Coffee Powder (100g)",Indore,250,4750,2477775
8627,2024-03-23,"Instant Coffee Powder (100g)",Jaipur,250,3500,2477775
8655,2024-03-24,"Instant Coffee Powder (100g)",Jaipur,250,5000,2508525
8657,2024-03-24,"Instant Coffee Powder (100g)",Nagpur,250,3000,2508525
8650,2024-03-24,"Instant Coffee Powder (100g)",Nagpur,250,4250,2508525
8653,2024-03-24,"Instant Coffee Powder (100g)",Delhi,250,2750,2508525
8651,2024-03-24,"Instant Coffee Powder (100g)",Chennai,250,4000,2508525
8652,2024-03-24,"Instant Coffee Powder (100g)",Bangalore,250,3000,2508525
8658,2024-03-24,"Instant Coffee Powder (100g)",Jaipur,250,1750,2508525
8654,2024-03-24,"Instant Coffee Powder (100g)",Pune,250,2500,2508525
8656,2024-03-24,"Instant Coffee Powder (100g)",Kanpur,250,4500,2508525
8687,2024-03-25,"Instant Coffee Powder (100g)",Kanpur,250,1750,2531025
8689,2024-03-25,"Instant Coffee Powder (100g)",Jaipur,250,4750,2531025
8685,2024-03-25,"Instant Coffee Powder (100g)",Indore,250,2250,2531025
8684,2024-03-25,"Instant Coffee Powder (100g)",Lucknow,250,1250,2531025
8690,2024-03-25,"Instant Coffee Powder (100g)",Pune,250,3500,2531025
8686,2024-03-25,"Instant Coffee Powder (100g)",Jaipur,250,1250,2531025
8691,2024-03-25,"Instant Coffee Powder (100g)",Chennai,250,3250,2531025
8688,2024-03-25,"Instant Coffee Powder (100g)",Chennai,250,4500,2531025
8713,2024-03-26,"Instant Coffee Powder (100g)",Chennai,250,2500,2550025
8710,2024-03-26,"Instant Coffee Powder (100g)",Pune,250,1250,2550025
8715,2024-03-26,"Instant Coffee Powder (100g)",Delhi,250,4000,2550025
8712,2024-03-26,"Instant Coffee Powder (100g)",Kanpur,250,1750,2550025
8714,2024-03-26,"Instant Coffee Powder (100g)",Pune,250,3000,2550025
8716,2024-03-26,"Instant Coffee Powder (100g)",Indore,250,3500,2550025
8711,2024-03-26,"Instant Coffee Powder (100g)",Bangalore,250,3000,2550025
8734,2024-03-27,"Instant Coffee Powder (100g)",Jaipur,250,5000,2585775
8740,2024-03-27,"Instant Coffee Powder (100g)",Jaipur,250,4250,2585775
8735,2024-03-27,"Instant Coffee Powder (100g)",Jaipur,250,4000,2585775
8736,2024-03-27,"Instant Coffee Powder (100g)",Hyderabad,250,4000,2585775
8738,2024-03-27,"Instant Coffee Powder (100g)",Pune,250,3750,2585775
8739,2024-03-27,"Instant Coffee Powder (100g)",Delhi,250,3750,2585775
8741,2024-03-27,"Instant Coffee Powder (100g)",Jaipur,250,4000,2585775
8737,2024-03-27,"Instant Coffee Powder (100g)",Pune,250,4000,2585775
8742,2024-03-27,"Instant Coffee Powder (100g)",Pune,250,3000,2585775
8768,2024-03-28,"Instant Coffee Powder (100g)",Pune,250,4500,2620275
8767,2024-03-28,"Instant Coffee Powder (100g)",Bangalore,250,3250,2620275
8766,2024-03-28,"Instant Coffee Powder (100g)",Bangalore,250,5000,2620275
8762,2024-03-28,"Instant Coffee Powder (100g)",Chennai,250,3500,2620275
8763,2024-03-28,"Instant Coffee Powder (100g)",Kanpur,250,1500,2620275
8761,2024-03-28,"Instant Coffee Powder (100g)",Pune,250,4250,2620275
8765,2024-03-28,"Instant Coffee Powder (100g)",Nagpur,250,4250,2620275
8764,2024-03-28,"Instant Coffee Powder (100g)",Pune,250,3250,2620275
8760,2024-03-28,"Instant Coffee Powder (100g)",Jaipur,250,5000,2620275
8797,2024-03-29,"Instant Coffee Powder (100g)",Jaipur,250,3000,2645525
8799,2024-03-29,"Instant Coffee Powder (100g)",Pune,250,2000,2645525
8802,2024-03-29,"Instant Coffee Powder (100g)",Pune,250,3750,2645525
8795,2024-03-29,"Instant Coffee Powder (100g)",Bangalore,250,2000,2645525
8796,2024-03-29,"Instant Coffee Powder (100g)",Pune,250,3500,2645525
8800,2024-03-29,"Instant Coffee Powder (100g)",Pune,250,5000,2645525
8801,2024-03-29,"Instant Coffee Powder (100g)",Nagpur,250,4000,2645525
8798,2024-03-29,"Instant Coffee Powder (100g)",Delhi,250,2000,2645525
8822,2024-03-30,"Instant Coffee Powder (100g)",Ahmedabad,250,4750,2655775
8821,2024-03-30,"Instant Coffee Powder (100g)",Lucknow,250,3250,2655775
8823,2024-03-30,"Instant Coffee Powder (100g)",Bangalore,250,2250,2655775
8857,2024-03-31,"Instant Coffee Powder (100g)",Bangalore,250,1250,2675775
8854,2024-03-31,"Instant Coffee Powder (100g)",Pune,250,2750,2675775
8852,2024-03-31,"Instant Coffee Powder (100g)",Jaipur,250,4750,2675775
8856,2024-03-31,"Instant Coffee Powder (100g)",Delhi,250,5000,2675775
8853,2024-03-31,"Instant Coffee Powder (100g)",Kanpur,250,2000,2675775
8858,2024-03-31,"Instant Coffee Powder (100g)",Mumbai,250,2750,2675775
8855,2024-03-31,"Instant Coffee Powder (100g)",Mumbai,250,1500,2675775
8872,2024-04-01,"Instant Coffee Powder (100g)",Pune,250,4250,2682025
8871,2024-04-01,"Instant Coffee Powder (100g)",Pune,250,2000,2682025
8880,2024-04-02,"Instant Coffee Powder (100g)",Delhi,250,2000,2691525
8881,2024-04-02,"Instant Coffee Powder (100g)",Pune,250,1750,2691525
8879,2024-04-02,"Instant Coffee Powder (100g)",Chennai,250,2250,2691525
8882,2024-04-02,"Instant Coffee Powder (100g)",Lucknow,250,3500,2691525
8888,2024-04-03,"Instant Coffee Powder (100g)",Kolkata,250,3750,2695275
8899,2024-04-04,"Instant Coffee Powder (100g)",Kanpur,250,4750,2706525
8897,2024-04-04,"Instant Coffee Powder (100g)",Kolkata,250,1750,2706525
8898,2024-04-04,"Instant Coffee Powder (100g)",Pune,250,4750,2706525
8909,2024-04-05,"Instant Coffee Powder (100g)",Delhi,250,2250,2715275
8911,2024-04-05,"Instant Coffee Powder (100g)",Delhi,250,4000,2715275
8910,2024-04-05,"Instant Coffee Powder (100g)",Nagpur,250,2500,2715275
8916,2024-04-06,"Instant Coffee Powder (100g)",Jaipur,250,5000,2725025
8915,2024-04-06,"Instant Coffee Powder (100g)",Delhi,250,4750,2725025
8927,2024-04-08,"Instant Coffee Powder (100g)",Pune,250,4250,2731025
8926,2024-04-08,"Instant Coffee Powder (100g)",Indore,250,1750,2731025
8934,2024-04-09,"Instant Coffee Powder (100g)",Jaipur,250,2500,2733525
8940,2024-04-10,"Instant Coffee Powder (100g)",Pune,250,2750,2736275
8950,2024-04-11,"Instant Coffee Powder (100g)",Lucknow,250,1750,2745025
8951,2024-04-11,"Instant Coffee Powder (100g)",Nagpur,250,2500,2745025
8949,2024-04-11,"Instant Coffee Powder (100g)",Delhi,250,4500,2745025
8953,2024-04-12,"Instant Coffee Powder (100g)",Pune,250,4000,2751775
8954,2024-04-12,"Instant Coffee Powder (100g)",Chennai,250,2750,2751775
8965,2024-04-13,"Instant Coffee Powder (100g)",Bangalore,250,3250,2766775
8966,2024-04-13,"Instant Coffee Powder (100g)",Bangalore,250,4500,2766775
8967,2024-04-13,"Instant Coffee Powder (100g)",Kanpur,250,1750,2766775
8968,2024-04-13,"Instant Coffee Powder (100g)",Chennai,250,2000,2766775
8969,2024-04-13,"Instant Coffee Powder (100g)",Lucknow,250,3500,2766775
8972,2024-04-14,"Instant Coffee Powder (100g)",Bangalore,250,1750,2778275
8974,2024-04-14,"Instant Coffee Powder (100g)",Indore,250,1500,2778275
8973,2024-04-14,"Instant Coffee Powder (100g)",Kolkata,250,4250,2778275
8975,2024-04-14,"Instant Coffee Powder (100g)",Chennai,250,4000,2778275
8982,2024-04-15,"Instant Coffee Powder (100g)",Chennai,250,3750,2784025
8983,2024-04-15,"Instant Coffee Powder (100g)",Jaipur,250,2000,2784025
8993,2024-04-16,"Instant Coffee Powder (100g)",Jaipur,250,3250,2792775
8992,2024-04-16,"Instant Coffee Powder (100g)",Delhi,250,2000,2792775
8991,2024-04-16,"Instant Coffee Powder (100g)",Pune,250,3500,2792775
9002,2024-04-17,"Instant Coffee Powder (100g)",Surat,250,2500,2807025
9003,2024-04-17,"Instant Coffee Powder (100g)",Pune,250,4750,2807025
9004,2024-04-17,"Instant Coffee Powder (100g)",Mumbai,250,1250,2807025
9001,2024-04-17,"Instant Coffee Powder (100g)",Pune,250,2250,2807025
9000,2024-04-17,"Instant Coffee Powder (100g)",Hyderabad,250,3500,2807025
9013,2024-04-18,"Instant Coffee Powder (100g)",Pune,250,1500,2812275
9011,2024-04-18,"Instant Coffee Powder (100g)",Bangalore,250,2000,2812275
9012,2024-04-18,"Instant Coffee Powder (100g)",Lucknow,250,1750,2812275
9025,2024-04-19,"Instant Coffee Powder (100g)",Chennai,250,3750,2816025
9033,2024-04-20,"Instant Coffee Powder (100g)",Pune,250,1500,2826025
9036,2024-04-20,"Instant Coffee Powder (100g)",Jaipur,250,4500,2826025
9035,2024-04-20,"Instant Coffee Powder (100g)",Pune,250,1500,2826025
9034,2024-04-20,"Instant Coffee Powder (100g)",Delhi,250,2500,2826025
9040,2024-04-21,"Instant Coffee Powder (100g)",Kolkata,250,4250,2833775
9041,2024-04-21,"Instant Coffee Powder (100g)",Chennai,250,3500,2833775
9051,2024-04-22,"Instant Coffee Powder (100g)",Chennai,250,2500,2842525
9050,2024-04-22,"Instant Coffee Powder (100g)",Mumbai,250,1750,2842525
9049,2024-04-22,"Instant Coffee Powder (100g)",Pune,250,4500,2842525
9059,2024-04-23,"Instant Coffee Powder (100g)",Pune,250,1750,2847525
9060,2024-04-23,"Instant Coffee Powder (100g)",Surat,250,3250,2847525
9066,2024-04-24,"Instant Coffee Powder (100g)",Pune,250,3250,2857525
9068,2024-04-24,"Instant Coffee Powder (100g)",Pune,250,4250,2857525
9067,2024-04-24,"Instant Coffee Powder (100g)",Jaipur,250,2500,2857525
9079,2024-04-25,"Instant Coffee Powder (100g)",Jaipur,250,2000,2865275
9078,2024-04-25,"Instant Coffee Powder (100g)",Jaipur,250,3000,2865275
9080,2024-04-25,"Instant Coffee Powder (100g)",Pune,250,2750,2865275
9085,2024-04-26,"Instant Coffee Powder (100g)",Pune,250,2250,2873775
9087,2024-04-26,"Instant Coffee Powder (100g)",Chennai,250,2500,2873775
9086,2024-04-26,"Instant Coffee Powder (100g)",Pune,250,3750,2873775
9093,2024-04-27,"Instant Coffee Powder (100g)",Chennai,250,3250,2877025
9101,2024-04-28,"Instant Coffee Powder (100g)",Hyderabad,250,5000,2883275
9100,2024-04-28,"Instant Coffee Powder (100g)",Bangalore,250,1250,2883275
9108,2024-04-29,"Instant Coffee Powder (100g)",Pune,250,4500,2887775
9114,2024-04-30,"Instant Coffee Powder (100g)",Nagpur,250,3500,2891275
9133,2024-05-01,"Instant Coffee Powder (100g)",Jaipur,250,3000,2910775
9129,2024-05-01,"Instant Coffee Powder (100g)",Delhi,250,3250,2910775
9130,2024-05-01,"Instant Coffee Powder (100g)",Pune,250,4250,2910775
9132,2024-05-01,"Instant Coffee Powder (100g)",Chennai,250,1750,2910775
9131,2024-05-01,"Instant Coffee Powder (100g)",Pune,250,2500,2910775
9135,2024-05-01,"Instant Coffee Powder (100g)",Jaipur,250,3500,2910775
9134,2024-05-01,"Instant Coffee Powder (100g)",Ahmedabad,250,1250,2910775
9148,2024-05-02,"Instant Coffee Powder (100g)",Mumbai,250,1750,2919025
9147,2024-05-02,"Instant Coffee Powder (100g)",Kanpur,250,1500,2919025
9146,2024-05-02,"Instant Coffee Powder (100g)",Pune,250,5000,2919025
9158,2024-05-03,"Instant Coffee Powder (100g)",Pune,250,4000,2931025
9157,2024-05-03,"Instant Coffee Powder (100g)",Bangalore,250,3000,2931025
9156,2024-05-03,"Instant Coffee Powder (100g)",Delhi,250,5000,2931025
9166,2024-05-04,"Instant Coffee Powder (100g)",Bangalore,250,5000,2936025
9174,2024-05-05,"Instant Coffee Powder (100g)",Pune,250,3500,2946775
9175,2024-05-05,"Instant Coffee Powder (100g)",Delhi,250,4000,2946775
9176,2024-05-05,"Instant Coffee Powder (100g)",Pune,250,3250,2946775
9187,2024-05-06,"Instant Coffee Powder (100g)",Mumbai,250,4250,2951025
9192,2024-05-07,"Instant Coffee Powder (100g)",Mumbai,250,1750,2957775
9193,2024-05-07,"Instant Coffee Powder (100g)",Chennai,250,5000,2957775
9211,2024-05-08,"Instant Coffee Powder (100g)",Pune,250,1750,2959525
9221,2024-05-09,"Instant Coffee Powder (100g)",Jaipur,250,2250,2968275
9222,2024-05-09,"Instant Coffee Powder (100g)",Bangalore,250,1250,2968275
9220,2024-05-09,"Instant Coffee Powder (100g)",Jaipur,250,1250,2968275
9219,2024-05-09,"Instant Coffee Powder (100g)",Delhi,250,4000,2968275
9232,2024-05-10,"Instant Coffee Powder (100g)",Mumbai,250,4750,2973025
9244,2024-05-11,"Instant Coffee Powder (100g)",Jaipur,250,3250,2982275
9243,2024-05-11,"Instant Coffee Powder (100g)",Chennai,250,2250,2982275
9242,2024-05-11,"Instant Coffee Powder (100g)",Pune,250,3750,2982275
9252,2024-05-12,"Instant Coffee Powder (100g)",Mumbai,250,5000,2992025
9253,2024-05-12,"Instant Coffee Powder (100g)",Delhi,250,2500,2992025
9251,2024-05-12,"Instant Coffee Powder (100g)",Pune,250,2250,2992025
9260,2024-05-13,"Instant Coffee Powder (100g)",Chennai,250,3500,2999525
9261,2024-05-13,"Instant Coffee Powder (100g)",Pune,250,4000,2999525
9273,2024-05-14,"Instant Coffee Powder (100g)",Chennai,250,4250,3013775
9272,2024-05-14,"Instant Coffee Powder (100g)",Pune,250,3750,3013775
9270,2024-05-14,"Instant Coffee Powder (100g)",Delhi,250,3750,3013775
9271,2024-05-14,"Instant Coffee Powder (100g)",Mumbai,250,2500,3013775
9281,2024-05-15,"Instant Coffee Powder (100g)",Delhi,250,3750,3017525
9292,2024-05-16,"Instant Coffee Powder (100g)",Pune,250,3000,3022525
9293,2024-05-16,"Instant Coffee Powder (100g)",Delhi,250,2000,3022525
9303,2024-05-17,"Instant Coffee Powder (100g)",Ahmedabad,250,3750,3036275
9306,2024-05-17,"Instant Coffee Powder (100g)",Delhi,250,5000,3036275
9304,2024-05-17,"Instant Coffee Powder (100g)",Jaipur,250,1500,3036275
9305,2024-05-17,"Instant Coffee Powder (100g)",Surat,250,3500,3036275
9310,2024-05-18,"Instant Coffee Powder (100g)",Surat,250,1500,3037775
9315,2024-05-19,"Instant Coffee Powder (100g)",Ahmedabad,250,1500,3039275
9332,2024-05-21,"Instant Coffee Powder (100g)",Chennai,250,3500,3042775
9345,2024-05-23,"Instant Coffee Powder (100g)",Chennai,250,2250,3052525
9347,2024-05-23,"Instant Coffee Powder (100g)",Pune,250,2750,3052525
9346,2024-05-23,"Instant Coffee Powder (100g)",Jaipur,250,4750,3052525
9358,2024-05-24,"Instant Coffee Powder (100g)",Chennai,250,3750,3056275
9369,2024-05-25,"Instant Coffee Powder (100g)",Pune,250,3250,3063525
9370,2024-05-25,"Instant Coffee Powder (100g)",Pune,250,2000,3063525
9368,2024-05-25,"Instant Coffee Powder (100g)",Jaipur,250,2000,3063525
9378,2024-05-26,"Instant Coffee Powder (100g)",Pune,250,1750,3072525
9380,2024-05-26,"Instant Coffee Powder (100g)",Chennai,250,3250,3072525
9379,2024-05-26,"Instant Coffee Powder (100g)",Pune,250,4000,3072525
9394,2024-05-27,"Instant Coffee Powder (100g)",Ahmedabad,250,3500,3076025
9400,2024-05-28,"Instant Coffee Powder (100g)",Delhi,250,4500,3080525
9408,2024-05-29,"Instant Coffee Powder (100g)",Delhi,250,3750,3084275
9418,2024-05-30,"Instant Coffee Powder (100g)",Ahmedabad,250,3750,3098775
9416,2024-05-30,"Instant Coffee Powder (100g)",Jaipur,250,4250,3098775
9417,2024-05-30,"Instant Coffee Powder (100g)",Delhi,250,1500,3098775
9419,2024-05-30,"Instant Coffee Powder (100g)",Bangalore,250,3750,3098775
9415,2024-05-30,"Instant Coffee Powder (100g)",Chennai,250,1250,3098775
9427,2024-05-31,"Instant Coffee Powder (100g)",Delhi,250,3000,3106275
9428,2024-05-31,"Instant Coffee Powder (100g)",Mumbai,250,2250,3106275
9429,2024-05-31,"Instant Coffee Powder (100g)",Delhi,250,2250,3106275
9434,2024-06-01,"Instant Coffee Powder (100g)",Chennai,250,3250,3109525
9438,2024-06-02,"Instant Coffee Powder (100g)",Pune,250,1250,3113775
9439,2024-06-02,"Instant Coffee Powder (100g)",Mumbai,250,3000,3113775
9450,2024-06-04,"Instant Coffee Powder (100g)",Jaipur,250,3500,3126025
9449,2024-06-04,"Instant Coffee Powder (100g)",Kolkata,250,4250,3126025
9451,2024-06-04,"Instant Coffee Powder (100g)",Kanpur,250,4500,3126025
9459,2024-06-05,"Instant Coffee Powder (100g)",Ahmedabad,250,3250,3135275
9461,2024-06-05,"Instant Coffee Powder (100g)",Kolkata,250,4750,3135275
9460,2024-06-05,"Instant Coffee Powder (100g)",Pune,250,1250,3135275
9472,2024-06-07,"Instant Coffee Powder (100g)",Mumbai,250,4250,3139525
9479,2024-06-08,"Instant Coffee Powder (100g)",Surat,250,2000,3147275
9478,2024-06-08,"Instant Coffee Powder (100g)",Chennai,250,3250,3147275
9477,2024-06-08,"Instant Coffee Powder (100g)",Bangalore,250,2500,3147275
9485,2024-06-09,"Instant Coffee Powder (100g)",Delhi,250,4750,3152025
9492,2024-06-10,"Instant Coffee Powder (100g)",Kolkata,250,2500,3158775
9491,2024-06-10,"Instant Coffee Powder (100g)",Pune,250,4250,3158775
9495,2024-06-11,"Instant Coffee Powder (100g)",Pune,250,1750,3163025
9496,2024-06-11,"Instant Coffee Powder (100g)",Surat,250,2500,3163025
9506,2024-06-12,"Instant Coffee Powder (100g)",Jaipur,250,4500,3167525
9512,2024-06-13,"Instant Coffee Powder (100g)",Delhi,250,1250,3171525
9511,2024-06-13,"Instant Coffee Powder (100g)",Surat,250,2750,3171525
9517,2024-06-14,"Instant Coffee Powder (100g)",Indore,250,4000,3178025
9516,2024-06-14,"Instant Coffee Powder (100g)",Pune,250,2500,3178025
9524,2024-06-15,"Instant Coffee Powder (100g)",Delhi,250,2000,3186025
9525,2024-06-15,"Instant Coffee Powder (100g)",Mumbai,250,3500,3186025
9523,2024-06-15,"Instant Coffee Powder (100g)",Indore,250,2500,3186025
9537,2024-06-16,"Instant Coffee Powder (100g)",Delhi,250,1500,3192025
9538,2024-06-16,"Instant Coffee Powder (100g)",Mumbai,250,4500,3192025
9543,2024-06-17,"Instant Coffee Powder (100g)",Jaipur,250,3250,3199775
9542,2024-06-17,"Instant Coffee Powder (100g)",Nagpur,250,4500,3199775
9553,2024-06-18,"Instant Coffee Powder (100g)",Chennai,250,2000,3201775
9558,2024-06-19,"Instant Coffee Powder (100g)",Mumbai,250,3250,3205025
9564,2024-06-20,"Instant Coffee Powder (100g)",Jaipur,250,1500,3221525
9562,2024-06-20,"Instant Coffee Powder (100g)",Mumbai,250,3000,3221525
9566,2024-06-20,"Instant Coffee Powder (100g)",Pune,250,4000,3221525
9565,2024-06-20,"Instant Coffee Powder (100g)",Lucknow,250,4750,3221525
9563,2024-06-20,"Instant Coffee Powder (100g)",Pune,250,3250,3221525
9570,2024-06-21,"Instant Coffee Powder (100g)",Pune,250,1250,3222775
9581,2024-06-22,"Instant Coffee Powder (100g)",Mumbai,250,2250,3225025
9595,2024-06-23,"Instant Coffee Powder (100g)",Jaipur,250,2250,3233775
9593,2024-06-23,"Instant Coffee Powder (100g)",Pune,250,2500,3233775
9594,2024-06-23,"Instant Coffee Powder (100g)",Bangalore,250,4000,3233775
9599,2024-06-24,"Instant Coffee Powder (100g)",Delhi,250,4250,3238025
9608,2024-06-25,"Instant Coffee Powder (100g)",Jaipur,250,4000,3246525
9609,2024-06-25,"Instant Coffee Powder (100g)",Kolkata,250,4500,3246525
9614,2024-06-26,"Instant Coffee Powder (100g)",Pune,250,1500,3252525
9613,2024-06-26,"Instant Coffee Powder (100g)",Pune,250,2750,3252525
9615,2024-06-26,"Instant Coffee Powder (100g)",Indore,250,1750,3252525
9621,2024-06-27,"Instant Coffee Powder (100g)",Chennai,250,2250,3254775
9629,2024-06-28,"Instant Coffee Powder (100g)",Nagpur,250,4000,3258775
9635,2024-06-29,"Instant Coffee Powder (100g)",Chennai,250,5000,3263775
9644,2024-06-30,"Instant Coffee Powder (100g)",Pune,250,3500,3270025
9643,2024-06-30,"Instant Coffee Powder (100g)",Bangalore,250,2750,3270025
9650,2024-07-01,"Instant Coffee Powder (100g)",Kanpur,250,4250,3283275
9652,2024-07-01,"Instant Coffee Powder (100g)",Pune,250,1750,3283275
9653,2024-07-01,"Instant Coffee Powder (100g)",Pune,250,2000,3283275
9651,2024-07-01,"Instant Coffee Powder (100g)",Chennai,250,4000,3283275
9654,2024-07-01,"Instant Coffee Powder (100g)",Delhi,250,1250,3283275
9666,2024-07-02,"Instant Coffee Powder (100g)",Mumbai,250,1750,3285025
9691,2024-07-05,"Instant Coffee Powder (100g)",Pune,250,2750,3287775
9694,2024-07-06,"Instant Coffee Powder (100g)",Jaipur,250,3000,3290775
9698,2024-07-07,"Instant Coffee Powder (100g)",Bangalore,250,4750,3295525
9705,2024-07-08,"Instant Coffee Powder (100g)",Bangalore,250,2250,3304025
9707,2024-07-08,"Instant Coffee Powder (100g)",Pune,250,3750,3304025
9706,2024-07-08,"Instant Coffee Powder (100g)",Jaipur,250,2500,3304025
9714,2024-07-09,"Instant Coffee Powder (100g)",Lucknow,250,5000,3310275
9715,2024-07-09,"Instant Coffee Powder (100g)",Pune,250,1250,3310275
9724,2024-07-10,"Instant Coffee Powder (100g)",Jaipur,250,1500,3314775
9726,2024-07-10,"Instant Coffee Powder (100g)",Jaipur,250,1500,3314775
9725,2024-07-10,"Instant Coffee Powder (100g)",Kanpur,250,1500,3314775
9730,2024-07-11,"Instant Coffee Powder (100g)",Kanpur,250,1500,3317525
9729,2024-07-11,"Instant Coffee Powder (100g)",Jaipur,250,1250,3317525
9735,2024-07-12,"Instant Coffee Powder (100g)",Kanpur,250,4000,3321525
9743,2024-07-13,"Instant Coffee Powder (100g)",Delhi,250,1500,3331775
9744,2024-07-13,"Instant Coffee Powder (100g)",Surat,250,4500,3331775
9746,2024-07-13,"Instant Coffee Powder (100g)",Bangalore,250,1750,3331775
9745,2024-07-13,"Instant Coffee Powder (100g)",Jaipur,250,2500,3331775
9753,2024-07-14,"Instant Coffee Powder (100g)",Delhi,250,2500,3334275
9757,2024-07-15,"Instant Coffee Powder (100g)",Hyderabad,250,2750,3340525
9758,2024-07-15,"Instant Coffee Powder (100g)",Chennai,250,3500,3340525
9763,2024-07-16,"Instant Coffee Powder (100g)",Pune,250,4250,3344775
9767,2024-07-17,"Instant Coffee Powder (100g)",Jaipur,250,1500,3346275
9774,2024-07-18,"Instant Coffee Powder (100g)",Kolkata,250,3750,3357525
9773,2024-07-18,"Instant Coffee Powder (100g)",Jaipur,250,2750,3357525
9775,2024-07-18,"Instant Coffee Powder (100g)",Bangalore,250,4750,3357525
9782,2024-07-19,"Instant Coffee Powder (100g)",Bangalore,250,2250,3368275
9783,2024-07-19,"Instant Coffee Powder (100g)",Delhi,250,3750,3368275
9781,2024-07-19,"Instant Coffee Powder (100g)",Chennai,250,4750,3368275
9793,2024-07-20,"Instant Coffee Powder (100g)",Ahmedabad,250,4750,3381275
9792,2024-07-20,"Instant Coffee Powder (100g)",Jaipur,250,3500,3381275
9794,2024-07-20,"Instant Coffee Powder (100g)",Mumbai,250,4750,3381275
9800,2024-07-21,"Instant Coffee Powder (100g)",Jaipur,250,3000,3384275
9806,2024-07-22,"Instant Coffee Powder (100g)",Pune,250,3000,3389275
9807,2024-07-22,"Instant Coffee Powder (100g)",Delhi,250,2000,3389275
9811,2024-07-23,"Instant Coffee Powder (100g)",Pune,250,3250,3401025
9812,2024-07-23,"Instant Coffee Powder (100g)",Pune,250,1500,3401025
9815,2024-07-23,"Instant Coffee Powder (100g)",Bangalore,250,1750,3401025
9816,2024-07-23,"Instant Coffee Powder (100g)",Kolkata,250,2000,3401025
9813,2024-07-23,"Instant Coffee Powder (100g)",Delhi,250,1750,3401025
9814,2024-07-23,"Instant Coffee Powder (100g)",Kolkata,250,1500,3401025
9823,2024-07-24,"Instant Coffee Powder (100g)",Chennai,250,3500,3414775
9821,2024-07-24,"Instant Coffee Powder (100g)",Delhi,250,3500,3414775
9824,2024-07-24,"Instant Coffee Powder (100g)",Delhi,250,4250,3414775
9822,2024-07-24,"Instant Coffee Powder (100g)",Nagpur,250,2500,3414775
9830,2024-07-25,"Instant Coffee Powder (100g)",Chennai,250,4750,3423525
9831,2024-07-25,"Instant Coffee Powder (100g)",Bangalore,250,4000,3423525
9835,2024-07-26,"Instant Coffee Powder (100g)",Jaipur,250,1750,3425275
9856,2024-07-29,"Instant Coffee Powder (100g)",Surat,250,3750,3433525
9855,2024-07-29,"Instant Coffee Powder (100g)",Jaipur,250,2000,3433525
9854,2024-07-29,"Instant Coffee Powder (100g)",Pune,250,2500,3433525
9863,2024-07-30,"Instant Coffee Powder (100g)",Pune,250,2250,3435775
9868,2024-07-31,"Instant Coffee Powder (100g)",Pune,250,3250,3443525
9867,2024-07-31,"Instant Coffee Powder (100g)",Pune,250,4500,3443525
9873,2024-08-01,"Instant Coffee Powder (100g)",Hyderabad,250,3250,3450025
9874,2024-08-01,"Instant Coffee Powder (100g)",Chennai,250,3250,3450025
9882,2024-08-02,"Instant Coffee Powder (100g)",Chennai,250,4250,3461525
9883,2024-08-02,"Instant Coffee Powder (100g)",Chennai,250,4000,3461525
9884,2024-08-02,"Instant Coffee Powder (100g)",Delhi,250,2000,3461525
9885,2024-08-02,"Instant Coffee Powder (100g)",Nagpur,250,1250,3461525
9889,2024-08-03,"Instant Coffee Powder (100g)",Kolkata,250,2250,3469025
9890,2024-08-03,"Instant Coffee Powder (100g)",Bangalore,250,2250,3469025
9888,2024-08-03,"Instant Coffee Powder (100g)",Bangalore,250,3000,3469025
9901,2024-08-04,"Instant Coffee Powder (100g)",Bangalore,250,1500,3483525
9903,2024-08-04,"Instant Coffee Powder (100g)",Hyderabad,250,2500,3483525
9902,2024-08-04,"Instant Coffee Powder (100g)",Jaipur,250,4250,3483525
9900,2024-08-04,"Instant Coffee Powder (100g)",Pune,250,4000,3483525
9904,2024-08-04,"Instant Coffee Powder (100g)",Delhi,250,2250,3483525
9915,2024-08-05,"Instant Coffee Powder (100g)",Bangalore,250,4000,3495525
9916,2024-08-05,"Instant Coffee Powder (100g)",Ahmedabad,250,3500,3495525
9917,2024-08-05,"Instant Coffee Powder (100g)",Mumbai,250,4500,3495525
9938,2024-08-07,"Instant Coffee Powder (100g)",Mumbai,250,4500,3508275
9936,2024-08-07,"Instant Coffee Powder (100g)",Surat,250,3250,3508275
9937,2024-08-07,"Instant Coffee Powder (100g)",Chennai,250,5000,3508275
9943,2024-08-08,"Instant Coffee Powder (100g)",Pune,250,3000,3511275
9953,2024-08-09,"Instant Coffee Powder (100g)",Delhi,250,4750,3526775
9955,2024-08-09,"Instant Coffee Powder (100g)",Jaipur,250,3500,3526775
9954,2024-08-09,"Instant Coffee Powder (100g)",Pune,250,2750,3526775
9956,2024-08-09,"Instant Coffee Powder (100g)",Mumbai,250,4500,3526775
9963,2024-08-10,"Instant Coffee Powder (100g)",Delhi,250,1250,3531025
9964,2024-08-10,"Instant Coffee Powder (100g)",Pune,250,3000,3531025
9976,2024-08-11,"Instant Coffee Powder (100g)",Delhi,250,2500,3535025
9977,2024-08-11,"Instant Coffee Powder (100g)",Kanpur,250,1500,3535025
9984,2024-08-12,"Instant Coffee Powder (100g)",Delhi,250,2750,3546275
9985,2024-08-12,"Instant Coffee Powder (100g)",Ahmedabad,250,1500,3546275
9982,2024-08-12,"Instant Coffee Powder (100g)",Chennai,250,3250,3546275
9983,2024-08-12,"Instant Coffee Powder (100g)",Chennai,250,2500,3546275
9986,2024-08-12,"Instant Coffee Powder (100g)",Bangalore,250,1250,3546275
9994,2024-08-13,"Instant Coffee Powder (100g)",Hyderabad,250,4000,3550275
10006,2024-08-14,"Instant Coffee Powder (100g)",Chennai,250,3500,3561525
10004,2024-08-14,"Instant Coffee Powder (100g)",Pune,250,1250,3561525
10003,2024-08-14,"Instant Coffee Powder (100g)",Delhi,250,4250,3561525
10005,2024-08-14,"Instant Coffee Powder (100g)",Delhi,250,2250,3561525
10012,2024-08-15,"Instant Coffee Powder (100g)",Delhi,250,3000,3564525
10017,2024-08-16,"Instant Coffee Powder (100g)",Bangalore,250,3000,3567525
10023,2024-08-17,"Instant Coffee Powder (100g)",Jaipur,250,4750,3572275
10026,2024-08-18,"Instant Coffee Powder (100g)",Kolkata,250,1250,3576025
10027,2024-08-18,"Instant Coffee Powder (100g)",Pune,250,2500,3576025
10033,2024-08-19,"Instant Coffee Powder (100g)",Kolkata,250,2000,3578025
10050,2024-08-21,"Instant Coffee Powder (100g)",Pune,250,3500,3581525
10063,2024-08-22,"Instant Coffee Powder (100g)",Delhi,250,2750,3593525
10065,2024-08-22,"Instant Coffee Powder (100g)",Pune,250,4250,3593525
10064,2024-08-22,"Instant Coffee Powder (100g)",Jaipur,250,2250,3593525
10062,2024-08-22,"Instant Coffee Powder (100g)",Chennai,250,2750,3593525
10078,2024-08-24,"Instant Coffee Powder (100g)",Chennai,250,1250,3594775
10083,2024-08-25,"Instant Coffee Powder (100g)",Chennai,250,3250,3601275
10082,2024-08-25,"Instant Coffee Powder (100g)",Pune,250,3250,3601275
10092,2024-08-26,"Instant Coffee Powder (100g)",Hyderabad,250,3000,3610525
10091,2024-08-26,"Instant Coffee Powder (100g)",Jaipur,250,1750,3610525
10090,2024-08-26,"Instant Coffee Powder (100g)",Jaipur,250,4500,3610525
10100,2024-08-27,"Instant Coffee Powder (100g)",Pune,250,1250,3611775
10112,2024-08-29,"Instant Coffee Powder (100g)",Delhi,250,1250,3617775
10113,2024-08-29,"Instant Coffee Powder (100g)",Jaipur,250,1250,3617775
10114,2024-08-29,"Instant Coffee Powder (100g)",Hyderabad,250,3500,3617775
10118,2024-08-30,"Instant Coffee Powder (100g)",Bangalore,250,4250,3622025
10123,2024-08-31,"Instant Coffee Powder (100g)",Jaipur,250,3750,3625775
10131,2024-09-01,"Instant Coffee Powder (100g)",Lucknow,250,4250,3635525
10130,2024-09-01,"Instant Coffee Powder (100g)",Chennai,250,2250,3635525
10129,2024-09-01,"Instant Coffee Powder (100g)",Pune,250,3250,3635525
10143,2024-09-03,"Instant Coffee Powder (100g)",Lucknow,250,3000,3646275
10141,2024-09-03,"Instant Coffee Powder (100g)",Bangalore,250,3250,3646275
10142,2024-09-03,"Instant Coffee Powder (100g)",Delhi,250,2000,3646275
10144,2024-09-03,"Instant Coffee Powder (100g)",Surat,250,2500,3646275
10157,2024-09-04,"Instant Coffee Powder (100g)",Bangalore,250,3000,3659025
10158,2024-09-04,"Instant Coffee Powder (100g)",Delhi,250,1500,3659025
10156,2024-09-04,"Instant Coffee Powder (100g)",Jaipur,250,2500,3659025
10155,2024-09-04,"Instant Coffee Powder (100g)",Chennai,250,3750,3659025
10154,2024-09-04,"Instant Coffee Powder (100g)",Chennai,250,2000,3659025
10164,2024-09-05,"Instant Coffee Powder (100g)",Chennai,250,3000,3676525
10167,2024-09-05,"Instant Coffee Powder (100g)",Delhi,250,5000,3676525
10166,2024-09-05,"Instant Coffee Powder (100g)",Chennai,250,4250,3676525
10163,2024-09-05,"Instant Coffee Powder (100g)",Chennai,250,3000,3676525
10165,2024-09-05,"Instant Coffee Powder (100g)",Mumbai,250,2250,3676525
10174,2024-09-06,"Instant Coffee Powder (100g)",Delhi,250,3500,3685525
10175,2024-09-06,"Instant Coffee Powder (100g)",Jaipur,250,2250,3685525
10173,2024-09-06,"Instant Coffee Powder (100g)",Pune,250,3250,3685525
10185,2024-09-07,"Instant Coffee Powder (100g)",Hyderabad,250,4500,3690025
10189,2024-09-08,"Instant Coffee Powder (100g)",Delhi,250,3250,3693275
10197,2024-09-09,"Instant Coffee Powder (100g)",Indore,250,3500,3696775
10202,2024-09-10,"Instant Coffee Powder (100g)",Jaipur,250,1500,3707525
10203,2024-09-10,"Instant Coffee Powder (100g)",Pune,250,5000,3707525
10204,2024-09-10,"Instant Coffee Powder (100g)",Pune,250,4250,3707525
10208,2024-09-11,"Instant Coffee Powder (100g)",Kanpur,250,1250,3708775
10215,2024-09-12,"Instant Coffee Powder (100g)",Indore,250,2750,3723275
10216,2024-09-12,"Instant Coffee Powder (100g)",Pune,250,3000,3723275
10214,2024-09-12,"Instant Coffee Powder (100g)",Bangalore,250,3750,3723275
10217,2024-09-12,"Instant Coffee Powder (100g)",Bangalore,250,5000,3723275
10230,2024-09-13,"Instant Coffee Powder (100g)",Indore,250,2500,3725775
10242,2024-09-14,"Instant Coffee Powder (100g)",Kanpur,250,2000,3730275
10243,2024-09-14,"Instant Coffee Powder (100g)",Bangalore,250,2500,3730275
10247,2024-09-15,"Instant Coffee Powder (100g)",Pune,250,3000,3737025
10248,2024-09-15,"Instant Coffee Powder (100g)",Mumbai,250,3750,3737025
10251,2024-09-16,"Instant Coffee Powder (100g)",Delhi,250,1250,3738275
10257,2024-09-17,"Instant Coffee Powder (100g)",Delhi,250,2500,3740775
10265,2024-09-18,"Instant Coffee Powder (100g)",Delhi,250,4000,3754775
10267,2024-09-18,"Instant Coffee Powder (100g)",Bangalore,250,2000,3754775
10264,2024-09-18,"Instant Coffee Powder (100g)",Chennai,250,3000,3754775
10266,2024-09-18,"Instant Coffee Powder (100g)",Jaipur,250,5000,3754775
10276,2024-09-19,"Instant Coffee Powder (100g)",Pune,250,3250,3767025
10278,2024-09-19,"Instant Coffee Powder (100g)",Pune,250,4250,3767025
10277,2024-09-19,"Instant Coffee Powder (100g)",Delhi,250,4750,3767025
10289,2024-09-20,"Instant Coffee Powder (100g)",Surat,250,2250,3769275
10299,2024-09-21,"Instant Coffee Powder (100g)",Bangalore,250,1250,3770525
10308,2024-09-22,"Instant Coffee Powder (100g)",Delhi,250,3500,3776775
10307,2024-09-22,"Instant Coffee Powder (100g)",Pune,250,2750,3776775
10310,2024-09-23,"Instant Coffee Powder (100g)",Lucknow,250,4500,3784775
10311,2024-09-23,"Instant Coffee Powder (100g)",Bangalore,250,3500,3784775
10317,2024-09-24,"Instant Coffee Powder (100g)",Pune,250,4500,3789275
10330,2024-09-25,"Instant Coffee Powder (100g)",Delhi,250,4250,3796025
10331,2024-09-25,"Instant Coffee Powder (100g)",Kanpur,250,2500,3796025
10347,2024-09-27,"Instant Coffee Powder (100g)",Bangalore,250,1250,3805275
10349,2024-09-27,"Instant Coffee Powder (100g)",Bangalore,250,4750,3805275
10348,2024-09-27,"Instant Coffee Powder (100g)",Pune,250,3250,3805275
10355,2024-09-28,"Instant Coffee Powder (100g)",Ahmedabad,250,2250,3807525
10364,2024-09-29,"Instant Coffee Powder (100g)",Pune,250,2250,3813775
10363,2024-09-29,"Instant Coffee Powder (100g)",Pune,250,4000,3813775
10372,2024-09-30,"Instant Coffee Powder (100g)",Jaipur,250,1500,3823775
10375,2024-09-30,"Instant Coffee Powder (100g)",Mumbai,250,1750,3823775
10373,2024-09-30,"Instant Coffee Powder (100g)",Chennai,250,2750,3823775
10374,2024-09-30,"Instant Coffee Powder (100g)",Ahmedabad,250,4000,3823775
10386,2024-10-01,"Instant Coffee Powder (100g)",Pune,250,3250,3831275
10387,2024-10-01,"Instant Coffee Powder (100g)",Kolkata,250,4250,3831275
6,2023-01-01,"Insulated Travel Mug",Ahmedabad,650,5200,5200
12,2023-01-02,"Insulated Travel Mug",Pune,650,5850,11050
54,2023-01-06,"Insulated Travel Mug",Pune,650,11700,22750
67,2023-01-08,"Insulated Travel Mug",Chennai,650,8450,31200
74,2023-01-09,"Insulated Travel Mug",Bangalore,650,10400,41600
105,2023-01-12,"Insulated Travel Mug",Chennai,650,3250,44850
191,2023-01-21,"Insulated Travel Mug",Chennai,650,7150,52000
202,2023-01-22,"Insulated Travel Mug",Bangalore,650,11700,63700
212,2023-01-23,"Insulated Travel Mug",Jaipur,650,5850,69550
255,2023-01-26,"Insulated Travel Mug",Delhi,650,11700,81250
276,2023-01-28,"Insulated Travel Mug",Bangalore,650,11700,92950
283,2023-01-29,"Insulated Travel Mug",Pune,650,5850,98800
300,2023-01-30,"Insulated Travel Mug",Jaipur,650,11700,110500
314,2023-01-31,"Insulated Travel Mug",Chennai,650,5850,116350
330,2023-02-01,"Insulated Travel Mug",Pune,650,9750,126100
344,2023-02-02,"Insulated Travel Mug",Bangalore,650,11700,137800
408,2023-02-09,"Insulated Travel Mug",Bangalore,650,13000,150800
423,2023-02-10,"Insulated Travel Mug",Jaipur,650,9100,159900
535,2023-02-21,"Insulated Travel Mug",Jaipur,650,3250,163150
550,2023-02-22,"Insulated Travel Mug",Indore,650,11050,174200
603,2023-02-26,"Insulated Travel Mug",Delhi,650,6500,180700
637,2023-03-01,"Insulated Travel Mug",Bangalore,650,7800,188500
653,2023-03-02,"Insulated Travel Mug",Chennai,650,9750,203450
654,2023-03-02,"Insulated Travel Mug",Kanpur,650,5200,203450
686,2023-03-04,"Insulated Travel Mug",Delhi,650,7800,211250
702,2023-03-05,"Insulated Travel Mug",Bangalore,650,7150,218400
720,2023-03-07,"Insulated Travel Mug",Pune,650,9100,227500
857,2023-03-19,"Insulated Travel Mug",Kanpur,650,5850,233350
957,2023-03-30,"Insulated Travel Mug",Hyderabad,650,9100,242450
975,2023-03-31,"Insulated Travel Mug",Kolkata,650,9100,251550
987,2023-04-01,"Insulated Travel Mug",Delhi,650,7800,259350
1004,2023-04-02,"Insulated Travel Mug",Bangalore,650,7800,270400
1003,2023-04-02,"Insulated Travel Mug",Nagpur,650,3250,270400
1068,2023-04-08,"Insulated Travel Mug",Jaipur,650,12350,282750
1123,2023-04-13,"Insulated Travel Mug",Jaipur,650,5200,287950
1170,2023-04-18,"Insulated Travel Mug",Bangalore,650,8450,296400
1213,2023-04-22,"Insulated Travel Mug",Kanpur,650,10400,306800
1304,2023-04-30,"Insulated Travel Mug",Pune,650,5850,323050
1305,2023-04-30,"Insulated Travel Mug",Jaipur,650,10400,323050
1324,2023-05-01,"Insulated Travel Mug",Lucknow,650,5200,328250
1405,2023-05-08,"Insulated Travel Mug",Mumbai,650,7800,336050
1496,2023-05-16,"Insulated Travel Mug",Delhi,650,5200,341250
1510,2023-05-17,"Insulated Travel Mug",Jaipur,650,7800,349050
1523,2023-05-18,"Insulated Travel Mug",Pune,650,9750,358800
1550,2023-05-21,"Insulated Travel Mug",Bangalore,650,9100,367900
1560,2023-05-22,"Insulated Travel Mug",Jaipur,650,5200,373100
1587,2023-05-24,"Insulated Travel Mug",Bangalore,650,3250,376350
1605,2023-05-26,"Insulated Travel Mug",Jaipur,650,3900,380250
1614,2023-05-27,"Insulated Travel Mug",Bangalore,650,11050,391300
1640,2023-05-30,"Insulated Travel Mug",Bangalore,650,11050,415350
1641,2023-05-30,"Insulated Travel Mug",Mumbai,650,5850,415350
1642,2023-05-30,"Insulated Travel Mug",Pune,650,7150,415350
1650,2023-05-31,"Insulated Travel Mug",Kanpur,650,11050,426400
1690,2023-06-03,"Insulated Travel Mug",Delhi,650,5850,432250
1708,2023-06-04,"Insulated Travel Mug",Indore,650,8450,440700
1735,2023-06-06,"Insulated Travel Mug",Pune,650,7150,447850
1748,2023-06-07,"Insulated Travel Mug",Bangalore,650,7150,455000
1870,2023-06-21,"Insulated Travel Mug",Bangalore,650,5850,460850
1896,2023-06-24,"Insulated Travel Mug",Bangalore,650,6500,467350
1941,2023-06-30,"Insulated Travel Mug",Pune,650,13000,480350
1959,2023-07-01,"Insulated Travel Mug",Pune,650,3900,484250
1995,2023-07-04,"Insulated Travel Mug",Bangalore,650,13000,497250
2002,2023-07-05,"Insulated Travel Mug",Bangalore,650,10400,507650
2036,2023-07-08,"Insulated Travel Mug",Bangalore,650,11700,519350
2080,2023-07-12,"Insulated Travel Mug",Bangalore,650,9750,529100
2117,2023-07-16,"Insulated Travel Mug",Pune,650,3250,532350
2180,2023-07-21,"Insulated Travel Mug",Jaipur,650,11700,549250
2181,2023-07-21,"Insulated Travel Mug",Mumbai,650,5200,549250
2195,2023-07-22,"Insulated Travel Mug",Pune,650,11700,569400
2196,2023-07-22,"Insulated Travel Mug",Pune,650,8450,569400
2217,2023-07-24,"Insulated Travel Mug",Bangalore,650,4550,573950
2229,2023-07-25,"Insulated Travel Mug",Pune,650,10400,584350
2283,2023-07-30,"Insulated Travel Mug",Bangalore,650,8450,592800
2303,2023-08-01,"Insulated Travel Mug",Delhi,650,10400,603200
2788,2023-09-07,"Insulated Travel Mug",Kanpur,650,11050,637000
2790,2023-09-07,"Insulated Travel Mug",Chennai,650,6500,637000
2787,2023-09-07,"Insulated Travel Mug",Delhi,650,7150,637000
2789,2023-09-07,"Insulated Travel Mug",Jaipur,650,9100,637000
2825,2023-09-08,"Insulated Travel Mug",Pune,650,13000,729300
2824,2023-09-08,"Insulated Travel Mug",Pune,650,9100,729300
2821,2023-09-08,"Insulated Travel Mug",Pune,650,9750,729300
2830,2023-09-08,"Insulated Travel Mug",Ahmedabad,650,9750,729300
2826,2023-09-08,"Insulated Travel Mug",Jaipur,650,9100,729300
2828,2023-09-08,"Insulated Travel Mug",Jaipur,650,6500,729300
2827,2023-09-08,"Insulated Travel Mug",Bangalore,650,7150,729300
2820,2023-09-08,"Insulated Travel Mug",Bangalore,650,8450,729300
2822,2023-09-08,"Insulated Travel Mug",Bangalore,650,5200,729300
2829,2023-09-08,"Insulated Travel Mug",Chennai,650,3900,729300
2823,2023-09-08,"Insulated Travel Mug",Pune,650,10400,729300
2853,2023-09-09,"Insulated Travel Mug",Pune,650,6500,794300
2855,2023-09-09,"Insulated Travel Mug",Delhi,650,6500,794300
2856,2023-09-09,"Insulated Travel Mug",Pune,650,3900,794300
2852,2023-09-09,"Insulated Travel Mug",Chennai,650,10400,794300
2850,2023-09-09,"Insulated Travel Mug",Bangalore,650,12350,794300
2851,2023-09-09,"Insulated Travel Mug",Mumbai,650,3900,794300
2854,2023-09-09,"Insulated Travel Mug",Lucknow,650,11050,794300
2849,2023-09-09,"Insulated Travel Mug",Mumbai,650,10400,794300
2898,2023-09-10,"Insulated Travel Mug",Lucknow,650,4550,855400
2891,2023-09-10,"Insulated Travel Mug",Pune,650,4550,855400
2893,2023-09-10,"Insulated Travel Mug",Pune,650,6500,855400
2895,2023-09-10,"Insulated Travel Mug",Delhi,650,9750,855400
2896,2023-09-10,"Insulated Travel Mug",Chennai,650,12350,855400
2897,2023-09-10,"Insulated Travel Mug",Chennai,650,7150,855400
2894,2023-09-10,"Insulated Travel Mug",Chennai,650,10400,855400
2892,2023-09-10,"Insulated Travel Mug",Bangalore,650,5850,855400
2933,2023-09-11,"Insulated Travel Mug",Bangalore,650,11050,899600
2938,2023-09-11,"Insulated Travel Mug",Bangalore,650,5200,899600
2937,2023-09-11,"Insulated Travel Mug",Bangalore,650,3250,899600
2939,2023-09-11,"Insulated Travel Mug",Pune,650,13000,899600
2936,2023-09-11,"Insulated Travel Mug",Delhi,650,4550,899600
2934,2023-09-11,"Insulated Travel Mug",Chennai,650,3900,899600
2935,2023-09-11,"Insulated Travel Mug",Delhi,650,3250,899600
2961,2023-09-12,"Insulated Travel Mug",Hyderabad,650,5850,940550
2958,2023-09-12,"Insulated Travel Mug",Delhi,650,3900,940550
2957,2023-09-12,"Insulated Travel Mug",Jaipur,650,7150,940550
2959,2023-09-12,"Insulated Travel Mug",Jaipur,650,6500,940550
2962,2023-09-12,"Insulated Travel Mug",Bangalore,650,12350,940550
2960,2023-09-12,"Insulated Travel Mug",Chennai,650,5200,940550
2981,2023-09-13,"Insulated Travel Mug",Bangalore,650,9100,995150
2979,2023-09-13,"Insulated Travel Mug",Bangalore,650,8450,995150
2980,2023-09-13,"Insulated Travel Mug",Jaipur,650,9100,995150
2984,2023-09-13,"Insulated Travel Mug",Pune,650,8450,995150
2983,2023-09-13,"Insulated Travel Mug",Chennai,650,11050,995150
2982,2023-09-13,"Insulated Travel Mug",Delhi,650,8450,995150
3002,2023-09-14,"Insulated Travel Mug",Pune,650,5200,1048450
3008,2023-09-14,"Insulated Travel Mug",Mumbai,650,3900,1048450
3005,2023-09-14,"Insulated Travel Mug",Pune,650,11700,1048450
3007,2023-09-14,"Insulated Travel Mug",Pune,650,9750,1048450
3004,2023-09-14,"Insulated Travel Mug",Chennai,650,9750,1048450
3006,2023-09-14,"Insulated Travel Mug",Delhi,650,3250,1048450
3003,2023-09-14,"Insulated Travel Mug",Jaipur,650,9750,1048450
3035,2023-09-15,"Insulated Travel Mug",Pune,650,11700,1114100
3033,2023-09-15,"Insulated Travel Mug",Delhi,650,12350,1114100
3036,2023-09-15,"Insulated Travel Mug",Jaipur,650,5850,1114100
3037,2023-09-15,"Insulated Travel Mug",Chennai,650,9100,1114100
3032,2023-09-15,"Insulated Travel Mug",Pune,650,9750,1114100
3031,2023-09-15,"Insulated Travel Mug",Pune,650,9750,1114100
3034,2023-09-15,"Insulated Travel Mug",Delhi,650,7150,1114100
3064,2023-09-16,"Insulated Travel Mug",Nagpur,650,3250,1169350
3068,2023-09-16,"Insulated Travel Mug",Hyderabad,650,9750,1169350
3063,2023-09-16,"Insulated Travel Mug",Delhi,650,7150,1169350
3066,2023-09-16,"Insulated Travel Mug",Surat,650,11700,1169350
3067,2023-09-16,"Insulated Travel Mug",Bangalore,650,9750,1169350
3065,2023-09-16,"Insulated Travel Mug",Pune,650,9750,1169350
3069,2023-09-16,"Insulated Travel Mug",Chennai,650,3900,1169350
3093,2023-09-17,"Insulated Travel Mug",Chennai,650,3250,1212900
3089,2023-09-17,"Insulated Travel Mug",Chennai,650,6500,1212900
3090,2023-09-17,"Insulated Travel Mug",Chennai,650,8450,1212900
3091,2023-09-17,"Insulated Travel Mug",Chennai,650,7800,1212900
3094,2023-09-17,"Insulated Travel Mug",Delhi,650,4550,1212900
3092,2023-09-17,"Insulated Travel Mug",Pune,650,13000,1212900
3123,2023-09-18,"Insulated Travel Mug",Pune,650,7800,1282450
3124,2023-09-18,"Insulated Travel Mug",Surat,650,10400,1282450
3121,2023-09-18,"Insulated Travel Mug",Kanpur,650,11700,1282450
3117,2023-09-18,"Insulated Travel Mug",Jaipur,650,5200,1282450
3119,2023-09-18,"Insulated Travel Mug",Delhi,650,7800,1282450
3118,2023-09-18,"Insulated Travel Mug",Chennai,650,5850,1282450
3125,2023-09-18,"Insulated Travel Mug",Jaipur,650,6500,1282450
3120,2023-09-18,"Insulated Travel Mug",Pune,650,8450,1282450
3122,2023-09-18,"Insulated Travel Mug",Bangalore,650,5850,1282450
3162,2023-09-19,"Insulated Travel Mug",Chennai,650,11050,1348750
3165,2023-09-19,"Insulated Travel Mug",Bangalore,650,10400,1348750
3164,2023-09-19,"Insulated Travel Mug",Kanpur,650,11700,1348750
3161,2023-09-19,"Insulated Travel Mug",Pune,650,11700,1348750
3163,2023-09-19,"Insulated Travel Mug",Chennai,650,9750,1348750
3166,2023-09-19,"Insulated Travel Mug",Pune,650,11700,1348750
3202,2023-09-20,"Insulated Travel Mug",Chennai,650,11050,1442350
3204,2023-09-20,"Insulated Travel Mug",Chennai,650,5200,1442350
3199,2023-09-20,"Insulated Travel Mug",Bangalore,650,10400,1442350
3197,2023-09-20,"Insulated Travel Mug",Bangalore,650,10400,1442350
3201,2023-09-20,"Insulated Travel Mug",Pune,650,12350,1442350
3198,2023-09-20,"Insulated Travel Mug",Indore,650,12350,1442350
3196,2023-09-20,"Insulated Travel Mug",Pune,650,6500,1442350
3203,2023-09-20,"Insulated Travel Mug",Pune,650,11050,1442350
3195,2023-09-20,"Insulated Travel Mug",Delhi,650,8450,1442350
3200,2023-09-20,"Insulated Travel Mug",Jaipur,650,5850,1442350
3230,2023-09-21,"Insulated Travel Mug",Delhi,650,13000,1517100
3227,2023-09-21,"Insulated Travel Mug",Hyderabad,650,7150,1517100
3225,2023-09-21,"Insulated Travel Mug",Bangalore,650,7150,1517100
3233,2023-09-21,"Insulated Travel Mug",Bangalore,650,5200,1517100
3229,2023-09-21,"Insulated Travel Mug",Chennai,650,13000,1517100
3226,2023-09-21,"Insulated Travel Mug",Chennai,650,7800,1517100
3232,2023-09-21,"Insulated Travel Mug",Jaipur,650,3900,1517100
3231,2023-09-21,"Insulated Travel Mug",Pune,650,5200,1517100
3228,2023-09-21,"Insulated Travel Mug",Surat,650,12350,1517100
3260,2023-09-22,"Insulated Travel Mug",Jaipur,650,11700,1587950
3256,2023-09-22,"Insulated Travel Mug",Delhi,650,10400,1587950
3258,2023-09-22,"Insulated Travel Mug",Mumbai,650,9750,1587950
3255,2023-09-22,"Insulated Travel Mug",Lucknow,650,9100,1587950
3257,2023-09-22,"Insulated Travel Mug",Bangalore,650,10400,1587950
3262,2023-09-22,"Insulated Travel Mug",Delhi,650,4550,1587950
3259,2023-09-22,"Insulated Travel Mug",Chennai,650,11700,1587950
3261,2023-09-22,"Insulated Travel Mug",Chennai,650,3250,1587950
3293,2023-09-23,"Insulated Travel Mug",Chennai,650,6500,1668550
3294,2023-09-23,"Insulated Travel Mug",Chennai,650,9100,1668550
3295,2023-09-23,"Insulated Travel Mug",Bangalore,650,11700,1668550
3299,2023-09-23,"Insulated Travel Mug",Bangalore,650,6500,1668550
3300,2023-09-23,"Insulated Travel Mug",Bangalore,650,9750,1668550
3292,2023-09-23,"Insulated Travel Mug",Jaipur,650,6500,1668550
3298,2023-09-23,"Insulated Travel Mug",Pune,650,6500,1668550
3297,2023-09-23,"Insulated Travel Mug",Pune,650,11700,1668550
3296,2023-09-23,"Insulated Travel Mug",Pune,650,12350,1668550
3325,2023-09-24,"Insulated Travel Mug",Delhi,650,8450,1715350
3328,2023-09-24,"Insulated Travel Mug",Chennai,650,5200,1715350
3329,2023-09-24,"Insulated Travel Mug",Bangalore,650,9750,1715350
3327,2023-09-24,"Insulated Travel Mug",Jaipur,650,5200,1715350
3330,2023-09-24,"Insulated Travel Mug",Pune,650,7800,1715350
3326,2023-09-24,"Insulated Travel Mug",Lucknow,650,10400,1715350
3354,2023-09-25,"Insulated Travel Mug",Delhi,650,3250,1764100
3356,2023-09-25,"Insulated Travel Mug",Chennai,650,5200,1764100
3351,2023-09-25,"Insulated Travel Mug",Kanpur,650,10400,1764100
3353,2023-09-25,"Insulated Travel Mug",Hyderabad,650,3250,1764100
3352,2023-09-25,"Insulated Travel Mug",Bangalore,650,9100,1764100
3355,2023-09-25,"Insulated Travel Mug",Jaipur,650,12350,1764100
3357,2023-09-25,"Insulated Travel Mug",Pune,650,5200,1764100
3384,2023-09-26,"Insulated Travel Mug",Pune,650,9100,1833650
3386,2023-09-26,"Insulated Travel Mug",Ahmedabad,650,11700,1833650
3390,2023-09-26,"Insulated Travel Mug",Hyderabad,650,11050,1833650
3389,2023-09-26,"Insulated Travel Mug",Delhi,650,7800,1833650
3387,2023-09-26,"Insulated Travel Mug",Jaipur,650,4550,1833650
3385,2023-09-26,"Insulated Travel Mug",Bangalore,650,13000,1833650
3383,2023-09-26,"Insulated Travel Mug",Bangalore,650,7150,1833650
3388,2023-09-26,"Insulated Travel Mug",Bangalore,650,5200,1833650
3412,2023-09-27,"Insulated Travel Mug",Bangalore,650,6500,1869400
3409,2023-09-27,"Insulated Travel Mug",Pune,650,5850,1869400
3410,2023-09-27,"Insulated Travel Mug",Chennai,650,3250,1869400
3413,2023-09-27,"Insulated Travel Mug",Jaipur,650,8450,1869400
3411,2023-09-27,"Insulated Travel Mug",Delhi,650,11700,1869400
3447,2023-09-28,"Insulated Travel Mug",Pune,650,11700,1950650
3441,2023-09-28,"Insulated Travel Mug",Jaipur,650,8450,1950650
3446,2023-09-28,"Insulated Travel Mug",Pune,650,3900,1950650
3438,2023-09-28,"Insulated Travel Mug",Pune,650,13000,1950650
3439,2023-09-28,"Insulated Travel Mug",Delhi,650,7150,1950650
3444,2023-09-28,"Insulated Travel Mug",Bangalore,650,3250,1950650
3442,2023-09-28,"Insulated Travel Mug",Bangalore,650,5200,1950650
3445,2023-09-28,"Insulated Travel Mug",Chennai,650,5200,1950650
3443,2023-09-28,"Insulated Travel Mug",Chennai,650,5850,1950650
3437,2023-09-28,"Insulated Travel Mug",Jaipur,650,9750,1950650
3440,2023-09-28,"Insulated Travel Mug",Pune,650,7800,1950650
3472,2023-09-29,"Insulated Travel Mug",Jaipur,650,3250,2041000
3471,2023-09-29,"Insulated Travel Mug",Jaipur,650,3900,2041000
3477,2023-09-29,"Insulated Travel Mug",Pune,650,5200,2041000
3470,2023-09-29,"Insulated Travel Mug",Jaipur,650,10400,2041000
3476,2023-09-29,"Insulated Travel Mug",Pune,650,13000,2041000
3475,2023-09-29,"Insulated Travel Mug",Nagpur,650,9100,2041000
3474,2023-09-29,"Insulated Travel Mug",Indore,650,5200,2041000
3478,2023-09-29,"Insulated Travel Mug",Jaipur,650,9750,2041000
3479,2023-09-29,"Insulated Travel Mug",Kanpur,650,5850,2041000
3473,2023-09-29,"Insulated Travel Mug",Chennai,650,11700,2041000
3480,2023-09-29,"Insulated Travel Mug",Bangalore,650,13000,2041000
3507,2023-09-30,"Insulated Travel Mug",Pune,650,10400,2075450
3510,2023-09-30,"Insulated Travel Mug",Delhi,650,4550,2075450
3505,2023-09-30,"Insulated Travel Mug",Jaipur,650,3250,2075450
3508,2023-09-30,"Insulated Travel Mug",Pune,650,3900,2075450
3509,2023-09-30,"Insulated Travel Mug",Pune,650,3250,2075450
3506,2023-09-30,"Insulated Travel Mug",Pune,650,9100,2075450
3541,2023-10-01,"Insulated Travel Mug",Delhi,650,10400,2161900
3539,2023-10-01,"Insulated Travel Mug",Hyderabad,650,3250,2161900
3531,2023-10-01,"Insulated Travel Mug",Pune,650,5200,2161900
3537,2023-10-01,"Insulated Travel Mug",Pune,650,10400,2161900
3538,2023-10-01,"Insulated Travel Mug",Pune,650,6500,2161900
3536,2023-10-01,"Insulated Travel Mug",Bangalore,650,3900,2161900
3535,2023-10-01,"Insulated Travel Mug",Lucknow,650,6500,2161900
3534,2023-10-01,"Insulated Travel Mug",Jaipur,650,6500,2161900
3533,2023-10-01,"Insulated Travel Mug",Chennai,650,11050,2161900
3532,2023-10-01,"Insulated Travel Mug",Delhi,650,11700,2161900
3540,2023-10-01,"Insulated Travel Mug",Pune,650,11050,2161900
3597,2023-10-02,"Insulated Travel Mug",Delhi,650,4550,2204150
3602,2023-10-02,"Insulated Travel Mug",Chennai,650,9100,2204150
3599,2023-10-02,"Insulated Travel Mug",Chennai,650,8450,2204150
3598,2023-10-02,"Insulated Travel Mug",Chennai,650,3900,2204150
3601,2023-10-02,"Insulated Travel Mug",Chennai,650,4550,2204150
3600,2023-10-02,"Insulated Travel Mug",Lucknow,650,11700,2204150
24,2023-01-03,"Mocha Flavored Coffee Mix (200g)",Surat,450,6750,6750
43,2023-01-05,"Mocha Flavored Coffee Mix (200g)",Bangalore,450,5400,12150
51,2023-01-06,"Mocha Flavored Coffee Mix (200g)",Bangalore,450,4050,16200
61,2023-01-07,"Mocha Flavored Coffee Mix (200g)",Pune,450,4050,20250
65,2023-01-08,"Mocha Flavored Coffee Mix (200g)",Bangalore,450,7650,30150
64,2023-01-08,"Mocha Flavored Coffee Mix (200g)",Pune,450,2250,30150
81,2023-01-10,"Mocha Flavored Coffee Mix (200g)",Jaipur,450,7650,37800
115,2023-01-14,"Mocha Flavored Coffee Mix (200g)",Pune,450,8100,45900
184,2023-01-20,"Mocha Flavored Coffee Mix (200g)",Kanpur,450,7650,62100
183,2023-01-20,"Mocha Flavored Coffee Mix (200g)",Chennai,450,8550,62100
239,2023-01-25,"Mocha Flavored Coffee Mix (200g)",Bangalore,450,5850,71100
240,2023-01-25,"Mocha Flavored Coffee Mix (200g)",Kanpur,450,3150,71100
296,2023-01-30,"Mocha Flavored Coffee Mix (200g)",Pune,450,8550,79650
313,2023-01-31,"Mocha Flavored Coffee Mix (200g)",Delhi,450,4050,83700
327,2023-02-01,"Mocha Flavored Coffee Mix (200g)",Chennai,450,2700,86400
365,2023-02-05,"Mocha Flavored Coffee Mix (200g)",Kanpur,450,4500,98100
366,2023-02-05,"Mocha Flavored Coffee Mix (200g)",Bangalore,450,7200,98100
404,2023-02-09,"Mocha Flavored Coffee Mix (200g)",Bangalore,450,9000,107100
448,2023-02-13,"Mocha Flavored Coffee Mix (200g)",Delhi,450,5400,112500
490,2023-02-16,"Mocha Flavored Coffee Mix (200g)",Jaipur,450,7650,120150
545,2023-02-22,"Mocha Flavored Coffee Mix (200g)",Kanpur,450,2250,122400
597,2023-02-26,"Mocha Flavored Coffee Mix (200g)",Chennai,450,4050,126450
617,2023-02-28,"Mocha Flavored Coffee Mix (200g)",Delhi,450,3600,130050
632,2023-03-01,"Mocha Flavored Coffee Mix (200g)",Nagpur,450,2700,132750
698,2023-03-05,"Mocha Flavored Coffee Mix (200g)",Bangalore,450,3600,136350
743,2023-03-09,"Mocha Flavored Coffee Mix (200g)",Delhi,450,6750,143100
780,2023-03-12,"Mocha Flavored Coffee Mix (200g)",Jaipur,450,8550,151650
789,2023-03-13,"Mocha Flavored Coffee Mix (200g)",Bangalore,450,3150,154800
801,2023-03-14,"Mocha Flavored Coffee Mix (200g)",Pune,450,6300,164250
802,2023-03-14,"Mocha Flavored Coffee Mix (200g)",Jaipur,450,3150,164250
870,2023-03-21,"Mocha Flavored Coffee Mix (200g)",Mumbai,450,8550,172800
881,2023-03-22,"Mocha Flavored Coffee Mix (200g)",Delhi,450,6750,179550
889,2023-03-23,"Mocha Flavored Coffee Mix (200g)",Delhi,450,8550,188100
940,2023-03-29,"Mocha Flavored Coffee Mix (200g)",Pune,450,4950,193050
970,2023-03-31,"Mocha Flavored Coffee Mix (200g)",Chennai,450,3600,196650
995,2023-04-02,"Mocha Flavored Coffee Mix (200g)",Lucknow,450,8100,204750
1038,2023-04-06,"Mocha Flavored Coffee Mix (200g)",Indore,450,7200,211950
1081,2023-04-09,"Mocha Flavored Coffee Mix (200g)",Chennai,450,7200,219150
1121,2023-04-13,"Mocha Flavored Coffee Mix (200g)",Jaipur,450,4950,224100
1136,2023-04-14,"Mocha Flavored Coffee Mix (200g)",Indore,450,6300,236700
1135,2023-04-14,"Mocha Flavored Coffee Mix (200g)",Jaipur,450,6300,236700
1189,2023-04-20,"Mocha Flavored Coffee Mix (200g)",Nagpur,450,8100,251550
1188,2023-04-20,"Mocha Flavored Coffee Mix (200g)",Bangalore,450,6750,251550
1287,2023-04-28,"Mocha Flavored Coffee Mix (200g)",Bangalore,450,3600,261450
1286,2023-04-28,"Mocha Flavored Coffee Mix (200g)",Kolkata,450,6300,261450
1302,2023-04-30,"Mocha Flavored Coffee Mix (200g)",Bangalore,450,4050,265500
1361,2023-05-04,"Mocha Flavored Coffee Mix (200g)",Jaipur,450,5400,270900
1382,2023-05-06,"Mocha Flavored Coffee Mix (200g)",Kolkata,450,8100,279000
1401,2023-05-08,"Mocha Flavored Coffee Mix (200g)",Jaipur,450,8100,287100
1418,2023-05-09,"Mocha Flavored Coffee Mix (200g)",Pune,450,6750,293850
1434,2023-05-10,"Mocha Flavored Coffee Mix (200g)",Bangalore,450,6750,300600
1463,2023-05-13,"Mocha Flavored Coffee Mix (200g)",Mumbai,450,8550,313650
1462,2023-05-13,"Mocha Flavored Coffee Mix (200g)",Chennai,450,4500,313650
1531,2023-05-19,"Mocha Flavored Coffee Mix (200g)",Chennai,450,8550,322200
1622,2023-05-28,"Mocha Flavored Coffee Mix (200g)",Mumbai,450,6300,335700
1621,2023-05-28,"Mocha Flavored Coffee Mix (200g)",Pune,450,7200,335700
1660,2023-06-01,"Mocha Flavored Coffee Mix (200g)",Bangalore,450,5400,341100
1702,2023-06-04,"Mocha Flavored Coffee Mix (200g)",Bangalore,450,4050,351000
1704,2023-06-04,"Mocha Flavored Coffee Mix (200g)",Bangalore,450,2250,351000
1703,2023-06-04,"Mocha Flavored Coffee Mix (200g)",Nagpur,450,3600,351000
1717,2023-06-05,"Mocha Flavored Coffee Mix (200g)",Delhi,450,4500,355500
1728,2023-06-06,"Mocha Flavored Coffee Mix (200g)",Delhi,450,4050,359550
1773,2023-06-10,"Mocha Flavored Coffee Mix (200g)",Pune,450,8550,368100
1787,2023-06-11,"Mocha Flavored Coffee Mix (200g)",Bangalore,450,6750,374850
1809,2023-06-14,"Mocha Flavored Coffee Mix (200g)",Delhi,450,5400,380250
1824,2023-06-15,"Mocha Flavored Coffee Mix (200g)",Mumbai,450,2700,386550
1823,2023-06-15,"Mocha Flavored Coffee Mix (200g)",Kanpur,450,3600,386550
1934,2023-06-29,"Mocha Flavored Coffee Mix (200g)",Bangalore,450,3600,390150
1952,2023-07-01,"Mocha Flavored Coffee Mix (200g)",Bangalore,450,7650,400050
1953,2023-07-01,"Mocha Flavored Coffee Mix (200g)",Bangalore,450,2250,400050
1969,2023-07-02,"Mocha Flavored Coffee Mix (200g)",Kanpur,450,3600,403650
2019,2023-07-07,"Mocha Flavored Coffee Mix (200g)",Chennai,450,3600,407250
2052,2023-07-10,"Mocha Flavored Coffee Mix (200g)",Jaipur,450,4050,411300
2063,2023-07-11,"Mocha Flavored Coffee Mix (200g)",Bangalore,450,2700,414000
2084,2023-07-13,"Mocha Flavored Coffee Mix (200g)",Delhi,450,3150,421200
2083,2023-07-13,"Mocha Flavored Coffee Mix (200g)",Pune,450,4050,421200
2112,2023-07-16,"Mocha Flavored Coffee Mix (200g)",Ahmedabad,450,5400,428850
2113,2023-07-16,"Mocha Flavored Coffee Mix (200g)",Pune,450,2250,428850
2125,2023-07-17,"Mocha Flavored Coffee Mix (200g)",Chennai,450,5400,434250
2149,2023-07-19,"Mocha Flavored Coffee Mix (200g)",Nagpur,450,8100,442350
2176,2023-07-21,"Mocha Flavored Coffee Mix (200g)",Chennai,450,2700,445050
2214,2023-07-24,"Mocha Flavored Coffee Mix (200g)",Kolkata,450,4050,449100
2226,2023-07-25,"Mocha Flavored Coffee Mix (200g)",Bangalore,450,2700,451800
2256,2023-07-28,"Mocha Flavored Coffee Mix (200g)",Pune,450,8100,459900
2291,2023-07-31,"Mocha Flavored Coffee Mix (200g)",Bangalore,450,7200,467100
2300,2023-08-01,"Mocha Flavored Coffee Mix (200g)",Delhi,450,6750,473850
22,2023-01-03,"Organic Green Coffee Beans (500g)",Pune,700,13300,28000
21,2023-01-03,"Organic Green Coffee Beans (500g)",Chennai,700,3500,28000
23,2023-01-03,"Organic Green Coffee Beans (500g)",Bangalore,700,11200,28000
40,2023-01-05,"Organic Green Coffee Beans (500g)",Bangalore,700,8400,36400
139,2023-01-16,"Organic Green Coffee Beans (500g)",Indore,700,8400,44800
148,2023-01-17,"Organic Green Coffee Beans (500g)",Surat,700,11900,56700
182,2023-01-20,"Organic Green Coffee Beans (500g)",Jaipur,700,4200,60900
224,2023-01-24,"Organic Green Coffee Beans (500g)",Bangalore,700,4200,65100
246,2023-01-26,"Organic Green Coffee Beans (500g)",Jaipur,700,8400,80500
247,2023-01-26,"Organic Green Coffee Beans (500g)",Kanpur,700,7000,80500
294,2023-01-30,"Organic Green Coffee Beans (500g)",Surat,700,11200,91700
309,2023-01-31,"Organic Green Coffee Beans (500g)",Pune,700,14000,124600
311,2023-01-31,"Organic Green Coffee Beans (500g)",Bangalore,700,8400,124600
310,2023-01-31,"Organic Green Coffee Beans (500g)",Pune,700,10500,124600
324,2023-02-01,"Organic Green Coffee Beans (500g)",Delhi,700,4200,166600
323,2023-02-01,"Organic Green Coffee Beans (500g)",Pune,700,13300,166600
321,2023-02-01,"Organic Green Coffee Beans (500g)",Pune,700,12600,166600
322,2023-02-01,"Organic Green Coffee Beans (500g)",Pune,700,11900,166600
353,2023-02-03,"Organic Green Coffee Beans (500g)",Bangalore,700,14000,187600
352,2023-02-03,"Organic Green Coffee Beans (500g)",Chennai,700,7000,187600
373,2023-02-06,"Organic Green Coffee Beans (500g)",Bangalore,700,7000,194600
420,2023-02-10,"Organic Green Coffee Beans (500g)",Jaipur,700,10500,205100
488,2023-02-16,"Organic Green Coffee Beans (500g)",Bangalore,700,6300,211400
543,2023-02-22,"Organic Green Coffee Beans (500g)",Chennai,700,9800,221200
559,2023-02-23,"Organic Green Coffee Beans (500g)",Chennai,700,11200,254100
558,2023-02-23,"Organic Green Coffee Beans (500g)",Pune,700,8400,254100
560,2023-02-23,"Organic Green Coffee Beans (500g)",Hyderabad,700,13300,254100
572,2023-02-24,"Organic Green Coffee Beans (500g)",Chennai,700,3500,257600
584,2023-02-25,"Organic Green Coffee Beans (500g)",Bangalore,700,12600,270200
630,2023-03-01,"Organic Green Coffee Beans (500g)",Jaipur,700,7000,277200
664,2023-03-03,"Organic Green Coffee Beans (500g)",Delhi,700,12600,298900
663,2023-03-03,"Organic Green Coffee Beans (500g)",Chennai,700,9100,298900
695,2023-03-05,"Organic Green Coffee Beans (500g)",Pune,700,14000,317100
696,2023-03-05,"Organic Green Coffee Beans (500g)",Jaipur,700,4200,317100
738,2023-03-09,"Organic Green Coffee Beans (500g)",Chennai,700,7700,324800
777,2023-03-12,"Organic Green Coffee Beans (500g)",Delhi,700,4900,329700
812,2023-03-15,"Organic Green Coffee Beans (500g)",Chennai,700,11200,340900
855,2023-03-19,"Organic Green Coffee Beans (500g)",Chennai,700,9100,361900
854,2023-03-19,"Organic Green Coffee Beans (500g)",Kanpur,700,11900,361900
888,2023-03-23,"Organic Green Coffee Beans (500g)",Bangalore,700,11900,373800
952,2023-03-30,"Organic Green Coffee Beans (500g)",Pune,700,4900,392700
951,2023-03-30,"Organic Green Coffee Beans (500g)",Chennai,700,14000,392700
968,2023-03-31,"Organic Green Coffee Beans (500g)",Indore,700,4200,396900
994,2023-04-02,"Organic Green Coffee Beans (500g)",Pune,700,9100,406000
1014,2023-04-03,"Organic Green Coffee Beans (500g)",Chennai,700,8400,414400
1023,2023-04-04,"Organic Green Coffee Beans (500g)",Delhi,700,11900,426300
1105,2023-04-11,"Organic Green Coffee Beans (500g)",Bangalore,700,11900,438200
1114,2023-04-12,"Organic Green Coffee Beans (500g)",Pune,700,8400,446600
1119,2023-04-13,"Organic Green Coffee Beans (500g)",Mumbai,700,10500,457100
1131,2023-04-14,"Organic Green Coffee Beans (500g)",Mumbai,700,5600,476000
1130,2023-04-14,"Organic Green Coffee Beans (500g)",Chennai,700,13300,476000
1145,2023-04-15,"Organic Green Coffee Beans (500g)",Chennai,700,11900,497700
1144,2023-04-15,"Organic Green Coffee Beans (500g)",Chennai,700,9800,497700
1154,2023-04-16,"Organic Green Coffee Beans (500g)",Delhi,700,4900,502600
1160,2023-04-17,"Organic Green Coffee Beans (500g)",Delhi,700,11900,514500
1176,2023-04-19,"Organic Green Coffee Beans (500g)",Indore,700,4200,518700
1187,2023-04-20,"Organic Green Coffee Beans (500g)",Delhi,700,11200,529900
1281,2023-04-28,"Organic Green Coffee Beans (500g)",Jaipur,700,6300,536200
1358,2023-05-04,"Organic Green Coffee Beans (500g)",Pune,700,9800,546000
1369,2023-05-05,"Organic Green Coffee Beans (500g)",Mumbai,700,9100,555100
1391,2023-05-07,"Organic Green Coffee Beans (500g)",Pune,700,7700,576100
1392,2023-05-07,"Organic Green Coffee Beans (500g)",Chennai,700,13300,576100
1399,2023-05-08,"Organic Green Coffee Beans (500g)",Chennai,700,8400,584500
1459,2023-05-13,"Organic Green Coffee Beans (500g)",Bangalore,700,7000,591500
1484,2023-05-15,"Organic Green Coffee Beans (500g)",Delhi,700,12600,604100
1504,2023-05-17,"Organic Green Coffee Beans (500g)",Jaipur,700,4900,613900
1503,2023-05-17,"Organic Green Coffee Beans (500g)",Mumbai,700,4900,613900
1558,2023-05-22,"Organic Green Coffee Beans (500g)",Pune,700,10500,624400
1571,2023-05-23,"Organic Green Coffee Beans (500g)",Chennai,700,11200,635600
1597,2023-05-26,"Organic Green Coffee Beans (500g)",Pune,700,14000,658700
1596,2023-05-26,"Organic Green Coffee Beans (500g)",Bangalore,700,9100,658700
1630,2023-05-29,"Organic Green Coffee Beans (500g)",Chennai,700,7700,666400
1669,2023-06-02,"Organic Green Coffee Beans (500g)",Chennai,700,13300,679700
1712,2023-06-05,"Organic Green Coffee Beans (500g)",Bangalore,700,8400,688100
1821,2023-06-15,"Organic Green Coffee Beans (500g)",Chennai,700,9800,697900
1853,2023-06-19,"Organic Green Coffee Beans (500g)",Delhi,700,6300,704200
1901,2023-06-25,"Organic Green Coffee Beans (500g)",Pune,700,7000,711200
1919,2023-06-28,"Organic Green Coffee Beans (500g)",Delhi,700,13300,724500
1948,2023-07-01,"Organic Green Coffee Beans (500g)",Chennai,700,7700,732200
1990,2023-07-04,"Organic Green Coffee Beans (500g)",Chennai,700,10500,751800
1989,2023-07-04,"Organic Green Coffee Beans (500g)",Pune,700,9100,751800
2012,2023-07-06,"Organic Green Coffee Beans (500g)",Pune,700,4200,756000
2031,2023-07-08,"Organic Green Coffee Beans (500g)",Chennai,700,4900,769300
2032,2023-07-08,"Organic Green Coffee Beans (500g)",Chennai,700,8400,769300
2062,2023-07-11,"Organic Green Coffee Beans (500g)",Chennai,700,14000,783300
2073,2023-07-12,"Organic Green Coffee Beans (500g)",Kolkata,700,4900,788200
2093,2023-07-14,"Organic Green Coffee Beans (500g)",Delhi,700,6300,794500
2110,2023-07-16,"Organic Green Coffee Beans (500g)",Chennai,700,4900,799400
2148,2023-07-19,"Organic Green Coffee Beans (500g)",Indore,700,5600,816200
2147,2023-07-19,"Organic Green Coffee Beans (500g)",Pune,700,11200,816200
2288,2023-07-31,"Organic Green Coffee Beans (500g)",Hyderabad,700,6300,828800
2287,2023-07-31,"Organic Green Coffee Beans (500g)",Surat,700,6300,828800
3591,2023-10-02,"Organic Green Coffee Beans (500g)",Chennai,700,4900,842800
3592,2023-10-02,"Organic Green Coffee Beans (500g)",Bangalore,700,9100,842800
3627,2023-10-03,"Organic Green Coffee Beans (500g)",Pune,700,12600,855400
3659,2023-10-04,"Organic Green Coffee Beans (500g)",Bangalore,700,8400,863800
3689,2023-10-05,"Organic Green Coffee Beans (500g)",Chennai,700,12600,905100
3690,2023-10-05,"Organic Green Coffee Beans (500g)",Surat,700,13300,905100
3688,2023-10-05,"Organic Green Coffee Beans (500g)",Surat,700,4200,905100
3687,2023-10-05,"Organic Green Coffee Beans (500g)",Lucknow,700,11200,905100
3715,2023-10-06,"Organic Green Coffee Beans (500g)",Chennai,700,9800,924700
3714,2023-10-06,"Organic Green Coffee Beans (500g)",Kanpur,700,9800,924700
3758,2023-10-07,"Organic Green Coffee Beans (500g)",Mumbai,700,11200,954100
3757,2023-10-07,"Organic Green Coffee Beans (500g)",Chennai,700,6300,954100
3756,2023-10-07,"Organic Green Coffee Beans (500g)",Chennai,700,11900,954100
3772,2023-10-08,"Organic Green Coffee Beans (500g)",Delhi,700,3500,968100
3773,2023-10-08,"Organic Green Coffee Beans (500g)",Bangalore,700,10500,968100
3806,2023-10-09,"Organic Green Coffee Beans (500g)",Bangalore,700,4900,982100
3807,2023-10-09,"Organic Green Coffee Beans (500g)",Bangalore,700,9100,982100
3834,2023-10-10,"Organic Green Coffee Beans (500g)",Chennai,700,11900,994000
3856,2023-10-11,"Organic Green Coffee Beans (500g)",Delhi,700,8400,1010100
3857,2023-10-11,"Organic Green Coffee Beans (500g)",Delhi,700,7700,1010100
3889,2023-10-12,"Organic Green Coffee Beans (500g)",Mumbai,700,14000,1071000
3893,2023-10-12,"Organic Green Coffee Beans (500g)",Pune,700,4900,1071000
3890,2023-10-12,"Organic Green Coffee Beans (500g)",Chennai,700,6300,1071000
3891,2023-10-12,"Organic Green Coffee Beans (500g)",Chennai,700,9100,1071000
3892,2023-10-12,"Organic Green Coffee Beans (500g)",Jaipur,700,9100,1071000
3888,2023-10-12,"Organic Green Coffee Beans (500g)",Delhi,700,7700,1071000
3887,2023-10-12,"Organic Green Coffee Beans (500g)",Delhi,700,9800,1071000
3916,2023-10-13,"Organic Green Coffee Beans (500g)",Pune,700,4200,1084300
3917,2023-10-13,"Organic Green Coffee Beans (500g)",Chennai,700,9100,1084300
3950,2023-10-14,"Organic Green Coffee Beans (500g)",Chennai,700,9800,1103200
3951,2023-10-14,"Organic Green Coffee Beans (500g)",Pune,700,9100,1103200
3977,2023-10-15,"Organic Green Coffee Beans (500g)",Chennai,700,12600,1136100
3974,2023-10-15,"Organic Green Coffee Beans (500g)",Chennai,700,4900,1136100
3975,2023-10-15,"Organic Green Coffee Beans (500g)",Bangalore,700,4200,1136100
3978,2023-10-15,"Organic Green Coffee Beans (500g)",Bangalore,700,7000,1136100
3976,2023-10-15,"Organic Green Coffee Beans (500g)",Hyderabad,700,4200,1136100
4001,2023-10-16,"Organic Green Coffee Beans (500g)",Chennai,700,8400,1173900
3998,2023-10-16,"Organic Green Coffee Beans (500g)",Bangalore,700,9100,1173900
3999,2023-10-16,"Organic Green Coffee Beans (500g)",Nagpur,700,8400,1173900
4000,2023-10-16,"Organic Green Coffee Beans (500g)",Jaipur,700,11900,1173900
4021,2023-10-17,"Organic Green Coffee Beans (500g)",Ahmedabad,700,4900,1199100
4022,2023-10-17,"Organic Green Coffee Beans (500g)",Ahmedabad,700,9800,1199100
4023,2023-10-17,"Organic Green Coffee Beans (500g)",Hyderabad,700,10500,1199100
4048,2023-10-18,"Organic Green Coffee Beans (500g)",Mumbai,700,5600,1210300
4047,2023-10-18,"Organic Green Coffee Beans (500g)",Kolkata,700,5600,1210300
4077,2023-10-19,"Organic Green Coffee Beans (500g)",Pune,700,3500,1222200
4076,2023-10-19,"Organic Green Coffee Beans (500g)",Mumbai,700,8400,1222200
4096,2023-10-20,"Organic Green Coffee Beans (500g)",Kanpur,700,7700,1229900
4119,2023-10-21,"Organic Green Coffee Beans (500g)",Jaipur,700,14000,1250900
4118,2023-10-21,"Organic Green Coffee Beans (500g)",Bangalore,700,7000,1250900
4145,2023-10-22,"Organic Green Coffee Beans (500g)",Delhi,700,13300,1313200
4146,2023-10-22,"Organic Green Coffee Beans (500g)",Kanpur,700,4900,1313200
4143,2023-10-22,"Organic Green Coffee Beans (500g)",Pune,700,12600,1313200
4144,2023-10-22,"Organic Green Coffee Beans (500g)",Pune,700,14000,1313200
4147,2023-10-22,"Organic Green Coffee Beans (500g)",Chennai,700,7700,1313200
4148,2023-10-22,"Organic Green Coffee Beans (500g)",Surat,700,9800,1313200
4185,2023-10-23,"Organic Green Coffee Beans (500g)",Mumbai,700,7000,1338400
4186,2023-10-23,"Organic Green Coffee Beans (500g)",Chennai,700,13300,1338400
4187,2023-10-23,"Organic Green Coffee Beans (500g)",Chennai,700,4900,1338400
4211,2023-10-24,"Organic Green Coffee Beans (500g)",Chennai,700,7700,1362900
4213,2023-10-24,"Organic Green Coffee Beans (500g)",Chennai,700,12600,1362900
4212,2023-10-24,"Organic Green Coffee Beans (500g)",Mumbai,700,4200,1362900
4259,2023-10-26,"Organic Green Coffee Beans (500g)",Jaipur,700,10500,1373400
4291,2023-10-27,"Organic Green Coffee Beans (500g)",Pune,700,4200,1377600
4323,2023-10-28,"Organic Green Coffee Beans (500g)",Surat,700,5600,1395100
4324,2023-10-28,"Organic Green Coffee Beans (500g)",Mumbai,700,11900,1395100
4348,2023-10-29,"Organic Green Coffee Beans (500g)",Chennai,700,9100,1404200
4365,2023-10-30,"Organic Green Coffee Beans (500g)",Jaipur,700,9100,1425900
4364,2023-10-30,"Organic Green Coffee Beans (500g)",Delhi,700,12600,1425900
4385,2023-10-31,"Organic Green Coffee Beans (500g)",Bangalore,700,7000,1432900
4413,2023-11-01,"Organic Green Coffee Beans (500g)",Pune,700,7000,1468600
4414,2023-11-01,"Organic Green Coffee Beans (500g)",Hyderabad,700,7700,1468600
4415,2023-11-01,"Organic Green Coffee Beans (500g)",Pune,700,5600,1468600
4411,2023-11-01,"Organic Green Coffee Beans (500g)",Pune,700,9100,1468600
4412,2023-11-01,"Organic Green Coffee Beans (500g)",Chennai,700,6300,1468600
4453,2023-11-02,"Organic Green Coffee Beans (500g)",Chennai,700,7000,1514800
4451,2023-11-02,"Organic Green Coffee Beans (500g)",Chennai,700,11200,1514800
4455,2023-11-02,"Organic Green Coffee Beans (500g)",Pune,700,8400,1514800
4456,2023-11-02,"Organic Green Coffee Beans (500g)",Chennai,700,9800,1514800
4452,2023-11-02,"Organic Green Coffee Beans (500g)",Kanpur,700,5600,1514800
4454,2023-11-02,"Organic Green Coffee Beans (500g)",Jaipur,700,4200,1514800
4488,2023-11-03,"Organic Green Coffee Beans (500g)",Hyderabad,700,14000,1542100
4487,2023-11-03,"Organic Green Coffee Beans (500g)",Jaipur,700,13300,1542100
4513,2023-11-04,"Organic Green Coffee Beans (500g)",Chennai,700,5600,1547700
4556,2023-11-05,"Organic Green Coffee Beans (500g)",Jaipur,700,4200,1575000
4559,2023-11-05,"Organic Green Coffee Beans (500g)",Nagpur,700,7700,1575000
4558,2023-11-05,"Organic Green Coffee Beans (500g)",Mumbai,700,7700,1575000
4557,2023-11-05,"Organic Green Coffee Beans (500g)",Bangalore,700,7700,1575000
4605,2023-11-07,"Organic Green Coffee Beans (500g)",Bangalore,700,6300,1624700
4606,2023-11-07,"Organic Green Coffee Beans (500g)",Bangalore,700,10500,1624700
4602,2023-11-07,"Organic Green Coffee Beans (500g)",Chennai,700,4900,1624700
4607,2023-11-07,"Organic Green Coffee Beans (500g)",Delhi,700,4200,1624700
4604,2023-11-07,"Organic Green Coffee Beans (500g)",Pune,700,11200,1624700
4603,2023-11-07,"Organic Green Coffee Beans (500g)",Pune,700,12600,1624700
4638,2023-11-08,"Organic Green Coffee Beans (500g)",Bangalore,700,13300,1663900
4637,2023-11-08,"Organic Green Coffee Beans (500g)",Lucknow,700,8400,1663900
4636,2023-11-08,"Organic Green Coffee Beans (500g)",Jaipur,700,6300,1663900
4639,2023-11-08,"Organic Green Coffee Beans (500g)",Pune,700,11200,1663900
4670,2023-11-09,"Organic Green Coffee Beans (500g)",Bangalore,700,6300,1682800
4668,2023-11-09,"Organic Green Coffee Beans (500g)",Pune,700,6300,1682800
4669,2023-11-09,"Organic Green Coffee Beans (500g)",Surat,700,6300,1682800
4695,2023-11-10,"Organic Green Coffee Beans (500g)",Delhi,700,4200,1717100
4697,2023-11-10,"Organic Green Coffee Beans (500g)",Bangalore,700,14000,1717100
4694,2023-11-10,"Organic Green Coffee Beans (500g)",Bangalore,700,4200,1717100
4696,2023-11-10,"Organic Green Coffee Beans (500g)",Pune,700,11900,1717100
4727,2023-11-11,"Organic Green Coffee Beans (500g)",Delhi,700,14000,1767500
4724,2023-11-11,"Organic Green Coffee Beans (500g)",Bangalore,700,8400,1767500
4723,2023-11-11,"Organic Green Coffee Beans (500g)",Bangalore,700,4900,1767500
4725,2023-11-11,"Organic Green Coffee Beans (500g)",Bangalore,700,10500,1767500
4726,2023-11-11,"Organic Green Coffee Beans (500g)",Indore,700,12600,1767500
4760,2023-11-12,"Organic Green Coffee Beans (500g)",Bangalore,700,11900,1803900
4759,2023-11-12,"Organic Green Coffee Beans (500g)",Bangalore,700,7700,1803900
4758,2023-11-12,"Organic Green Coffee Beans (500g)",Bangalore,700,12600,1803900
4761,2023-11-12,"Organic Green Coffee Beans (500g)",Chennai,700,4200,1803900
4792,2023-11-13,"Organic Green Coffee Beans (500g)",Chennai,700,10500,1840300
4793,2023-11-13,"Organic Green Coffee Beans (500g)",Bangalore,700,4200,1840300
4795,2023-11-13,"Organic Green Coffee Beans (500g)",Bangalore,700,9100,1840300
4794,2023-11-13,"Organic Green Coffee Beans (500g)",Hyderabad,700,12600,1840300
4824,2023-11-14,"Organic Green Coffee Beans (500g)",Lucknow,700,9100,1858500
4825,2023-11-14,"Organic Green Coffee Beans (500g)",Ahmedabad,700,9100,1858500
4857,2023-11-15,"Organic Green Coffee Beans (500g)",Pune,700,4900,1914500
4856,2023-11-15,"Organic Green Coffee Beans (500g)",Mumbai,700,4200,1914500
4858,2023-11-15,"Organic Green Coffee Beans (500g)",Bangalore,700,11200,1914500
4861,2023-11-15,"Organic Green Coffee Beans (500g)",Bangalore,700,14000,1914500
4860,2023-11-15,"Organic Green Coffee Beans (500g)",Pune,700,14000,1914500
4859,2023-11-15,"Organic Green Coffee Beans (500g)",Chennai,700,7700,1914500
4884,2023-11-16,"Organic Green Coffee Beans (500g)",Bangalore,700,7000,1925700
4883,2023-11-16,"Organic Green Coffee Beans (500g)",Pune,700,4200,1925700
4903,2023-11-17,"Organic Green Coffee Beans (500g)",Delhi,700,14000,1950900
4902,2023-11-17,"Organic Green Coffee Beans (500g)",Hyderabad,700,4900,1950900
4904,2023-11-17,"Organic Green Coffee Beans (500g)",Chennai,700,6300,1950900
4935,2023-11-18,"Organic Green Coffee Beans (500g)",Pune,700,3500,1993600
4936,2023-11-18,"Organic Green Coffee Beans (500g)",Pune,700,6300,1993600
4939,2023-11-18,"Organic Green Coffee Beans (500g)",Delhi,700,9100,1993600
4938,2023-11-18,"Organic Green Coffee Beans (500g)",Jaipur,700,9100,1993600
4937,2023-11-18,"Organic Green Coffee Beans (500g)",Delhi,700,5600,1993600
4940,2023-11-18,"Organic Green Coffee Beans (500g)",Bangalore,700,9100,1993600
5003,2023-11-20,"Organic Green Coffee Beans (500g)",Kanpur,700,11200,2027900
5002,2023-11-20,"Organic Green Coffee Beans (500g)",Delhi,700,12600,2027900
5004,2023-11-20,"Organic Green Coffee Beans (500g)",Jaipur,700,10500,2027900
5030,2023-11-21,"Organic Green Coffee Beans (500g)",Delhi,700,12600,2040500
5057,2023-11-22,"Organic Green Coffee Beans (500g)",Hyderabad,700,7000,2060100
5056,2023-11-22,"Organic Green Coffee Beans (500g)",Delhi,700,12600,2060100
5084,2023-11-23,"Organic Green Coffee Beans (500g)",Mumbai,700,9100,2095800
5081,2023-11-23,"Organic Green Coffee Beans (500g)",Pune,700,9800,2095800
5083,2023-11-23,"Organic Green Coffee Beans (500g)",Surat,700,7000,2095800
5082,2023-11-23,"Organic Green Coffee Beans (500g)",Bangalore,700,9800,2095800
5104,2023-11-24,"Organic Green Coffee Beans (500g)",Lucknow,700,7000,2109100
5105,2023-11-24,"Organic Green Coffee Beans (500g)",Pune,700,6300,2109100
5126,2023-11-25,"Organic Green Coffee Beans (500g)",Ahmedabad,700,7700,2130800
5127,2023-11-25,"Organic Green Coffee Beans (500g)",Lucknow,700,14000,2130800
5157,2023-11-26,"Organic Green Coffee Beans (500g)",Lucknow,700,4900,2160200
5156,2023-11-26,"Organic Green Coffee Beans (500g)",Chennai,700,11200,2160200
5155,2023-11-26,"Organic Green Coffee Beans (500g)",Pune,700,13300,2160200
5188,2023-11-27,"Organic Green Coffee Beans (500g)",Delhi,700,9100,2216900
5189,2023-11-27,"Organic Green Coffee Beans (500g)",Pune,700,8400,2216900
5190,2023-11-27,"Organic Green Coffee Beans (500g)",Chennai,700,10500,2216900
5185,2023-11-27,"Organic Green Coffee Beans (500g)",Delhi,700,11200,2216900
5187,2023-11-27,"Organic Green Coffee Beans (500g)",Bangalore,700,14000,2216900
5186,2023-11-27,"Organic Green Coffee Beans (500g)",Bangalore,700,3500,2216900
5213,2023-11-28,"Organic Green Coffee Beans (500g)",Pune,700,12600,2229500
5247,2023-11-29,"Organic Green Coffee Beans (500g)",Delhi,700,13300,2281300
5245,2023-11-29,"Organic Green Coffee Beans (500g)",Pune,700,9800,2281300
5243,2023-11-29,"Organic Green Coffee Beans (500g)",Jaipur,700,7700,2281300
5244,2023-11-29,"Organic Green Coffee Beans (500g)",Mumbai,700,5600,2281300
5246,2023-11-29,"Organic Green Coffee Beans (500g)",Delhi,700,9800,2281300
5248,2023-11-29,"Organic Green Coffee Beans (500g)",Kanpur,700,5600,2281300
5272,2023-11-30,"Organic Green Coffee Beans (500g)",Chennai,700,9800,2291100
5324,2023-12-01,"Organic Green Coffee Beans (500g)",Chennai,700,3500,2363900
5322,2023-12-01,"Organic Green Coffee Beans (500g)",Pune,700,6300,2363900
5323,2023-12-01,"Organic Green Coffee Beans (500g)",Pune,700,14000,2363900
5327,2023-12-01,"Organic Green Coffee Beans (500g)",Bangalore,700,13300,2363900
5325,2023-12-01,"Organic Green Coffee Beans (500g)",Bangalore,700,11900,2363900
5326,2023-12-01,"Organic Green Coffee Beans (500g)",Delhi,700,10500,2363900
5321,2023-12-01,"Organic Green Coffee Beans (500g)",Kanpur,700,13300,2363900
5369,2023-12-02,"Organic Green Coffee Beans (500g)",Kolkata,700,7000,2391200
5367,2023-12-02,"Organic Green Coffee Beans (500g)",Delhi,700,5600,2391200
5370,2023-12-02,"Organic Green Coffee Beans (500g)",Kolkata,700,11200,2391200
5368,2023-12-02,"Organic Green Coffee Beans (500g)",Kanpur,700,3500,2391200
5401,2023-12-03,"Organic Green Coffee Beans (500g)",Surat,700,13300,2404500
5425,2023-12-04,"Organic Green Coffee Beans (500g)",Jaipur,700,7000,2419900
5424,2023-12-04,"Organic Green Coffee Beans (500g)",Bangalore,700,8400,2419900
5452,2023-12-05,"Organic Green Coffee Beans (500g)",Bangalore,700,11900,2445100
5450,2023-12-05,"Organic Green Coffee Beans (500g)",Delhi,700,5600,2445100
5451,2023-12-05,"Organic Green Coffee Beans (500g)",Jaipur,700,7700,2445100
5468,2023-12-06,"Organic Green Coffee Beans (500g)",Indore,700,11900,2465400
5467,2023-12-06,"Organic Green Coffee Beans (500g)",Delhi,700,8400,2465400
5497,2023-12-07,"Organic Green Coffee Beans (500g)",Lucknow,700,10500,2482900
5498,2023-12-07,"Organic Green Coffee Beans (500g)",Bangalore,700,7000,2482900
5539,2023-12-08,"Organic Green Coffee Beans (500g)",Chennai,700,3500,2535400
5536,2023-12-08,"Organic Green Coffee Beans (500g)",Chennai,700,6300,2535400
5538,2023-12-08,"Organic Green Coffee Beans (500g)",Chennai,700,4900,2535400
5534,2023-12-08,"Organic Green Coffee Beans (500g)",Nagpur,700,13300,2535400
5535,2023-12-08,"Organic Green Coffee Beans (500g)",Jaipur,700,14000,2535400
5537,2023-12-08,"Organic Green Coffee Beans (500g)",Mumbai,700,10500,2535400
5567,2023-12-09,"Organic Green Coffee Beans (500g)",Delhi,700,11200,2559900
5566,2023-12-09,"Organic Green Coffee Beans (500g)",Kanpur,700,7000,2559900
5565,2023-12-09,"Organic Green Coffee Beans (500g)",Jaipur,700,6300,2559900
5600,2023-12-10,"Organic Green Coffee Beans (500g)",Chennai,700,11200,2571100
5628,2023-12-11,"Organic Green Coffee Beans (500g)",Jaipur,700,11900,2596300
5627,2023-12-11,"Organic Green Coffee Beans (500g)",Mumbai,700,13300,2596300
5650,2023-12-12,"Organic Green Coffee Beans (500g)",Bangalore,700,7000,2603300
5697,2023-12-14,"Organic Green Coffee Beans (500g)",Delhi,700,4900,2611700
5698,2023-12-14,"Organic Green Coffee Beans (500g)",Pune,700,3500,2611700
5718,2023-12-15,"Organic Green Coffee Beans (500g)",Pune,700,6300,2641800
5717,2023-12-15,"Organic Green Coffee Beans (500g)",Pune,700,7000,2641800
5716,2023-12-15,"Organic Green Coffee Beans (500g)",Hyderabad,700,7000,2641800
5715,2023-12-15,"Organic Green Coffee Beans (500g)",Delhi,700,9800,2641800
5746,2023-12-16,"Organic Green Coffee Beans (500g)",Ahmedabad,700,13300,2668400
5747,2023-12-16,"Organic Green Coffee Beans (500g)",Bangalore,700,13300,2668400
5771,2023-12-17,"Organic Green Coffee Beans (500g)",Delhi,700,14000,2691500
5772,2023-12-17,"Organic Green Coffee Beans (500g)",Jaipur,700,9100,2691500
5805,2023-12-18,"Organic Green Coffee Beans (500g)",Pune,700,6300,2697800
5829,2023-12-19,"Organic Green Coffee Beans (500g)",Chennai,700,10500,2711800
5830,2023-12-19,"Organic Green Coffee Beans (500g)",Bangalore,700,3500,2711800
30,2023-01-03,"Personalized Coffee Spoon",Delhi,200,1400,1400
38,2023-01-04,"Personalized Coffee Spoon",Lucknow,200,1400,6000
39,2023-01-04,"Personalized Coffee Spoon",Delhi,200,3200,6000
76,2023-01-09,"Personalized Coffee Spoon",Pune,200,2800,8800
154,2023-01-17,"Personalized Coffee Spoon",Delhi,200,1800,10600
167,2023-01-18,"Personalized Coffee Spoon",Kanpur,200,2600,13200
204,2023-01-22,"Personalized Coffee Spoon",Jaipur,200,3400,16600
214,2023-01-23,"Personalized Coffee Spoon",Jaipur,200,2600,19200
306,2023-01-30,"Personalized Coffee Spoon",Pune,200,2600,21800
318,2023-01-31,"Personalized Coffee Spoon",Ahmedabad,200,3400,26200
319,2023-01-31,"Personalized Coffee Spoon",Jaipur,200,1000,26200
334,2023-02-01,"Personalized Coffee Spoon",Mumbai,200,3400,29600
388,2023-02-07,"Personalized Coffee Spoon",Pune,200,3200,32800
413,2023-02-09,"Personalized Coffee Spoon",Bangalore,200,3000,35800
451,2023-02-13,"Personalized Coffee Spoon",Jaipur,200,3200,39000
479,2023-02-15,"Personalized Coffee Spoon",Nagpur,200,3000,42000
553,2023-02-22,"Personalized Coffee Spoon",Jaipur,200,4000,48200
554,2023-02-22,"Personalized Coffee Spoon",Chennai,200,2200,48200
580,2023-02-24,"Personalized Coffee Spoon",Chennai,200,3200,55200
581,2023-02-24,"Personalized Coffee Spoon",Jaipur,200,3800,55200
622,2023-02-28,"Personalized Coffee Spoon",Chennai,200,2200,57400
641,2023-03-01,"Personalized Coffee Spoon",Pune,200,3400,60800
659,2023-03-02,"Personalized Coffee Spoon",Nagpur,200,1400,65400
658,2023-03-02,"Personalized Coffee Spoon",Chennai,200,3200,65400
723,2023-03-07,"Personalized Coffee Spoon",Surat,200,2000,67400
735,2023-03-08,"Personalized Coffee Spoon",Pune,200,3600,71000
772,2023-03-11,"Personalized Coffee Spoon",Pune,200,1000,72000
786,2023-03-12,"Personalized Coffee Spoon",Delhi,200,1200,73200
806,2023-03-14,"Personalized Coffee Spoon",Pune,200,2000,75200
819,2023-03-15,"Personalized Coffee Spoon",Pune,200,3800,79000
827,2023-03-16,"Personalized Coffee Spoon",Jaipur,200,4000,87000
828,2023-03-16,"Personalized Coffee Spoon",Pune,200,4000,87000
841,2023-03-17,"Personalized Coffee Spoon",Jaipur,200,1200,88200
876,2023-03-21,"Personalized Coffee Spoon",Chennai,200,1000,91000
877,2023-03-21,"Personalized Coffee Spoon",Delhi,200,1800,91000
886,2023-03-22,"Personalized Coffee Spoon",Delhi,200,4000,95000
961,2023-03-30,"Personalized Coffee Spoon",Pune,200,1400,96400
1026,2023-04-04,"Personalized Coffee Spoon",Pune,200,1400,99000
1027,2023-04-04,"Personalized Coffee Spoon",Bangalore,200,1200,99000
1058,2023-04-07,"Personalized Coffee Spoon",Bangalore,200,1400,100400
1090,2023-04-09,"Personalized Coffee Spoon",Bangalore,200,1200,106800
1091,2023-04-09,"Personalized Coffee Spoon",Delhi,200,2000,106800
1089,2023-04-09,"Personalized Coffee Spoon",Delhi,200,3200,106800
1127,2023-04-13,"Personalized Coffee Spoon",Bangalore,200,4000,110800
1141,2023-04-14,"Personalized Coffee Spoon",Indore,200,3600,114400
1166,2023-04-17,"Personalized Coffee Spoon",Indore,200,3200,117600
1172,2023-04-18,"Personalized Coffee Spoon",Pune,200,3800,121400
1203,2023-04-21,"Personalized Coffee Spoon",Delhi,200,1600,123000
1216,2023-04-22,"Personalized Coffee Spoon",Hyderabad,200,3600,126600
1241,2023-04-24,"Personalized Coffee Spoon",Ahmedabad,200,4000,133200
1240,2023-04-24,"Personalized Coffee Spoon",Chennai,200,2600,133200
1253,2023-04-25,"Personalized Coffee Spoon",Pune,200,1600,134800
1298,2023-04-29,"Personalized Coffee Spoon",Mumbai,200,1000,135800
1307,2023-04-30,"Personalized Coffee Spoon",Jaipur,200,1200,138800
1308,2023-04-30,"Personalized Coffee Spoon",Pune,200,1800,138800
1353,2023-05-03,"Personalized Coffee Spoon",Bangalore,200,3400,142200
1375,2023-05-05,"Personalized Coffee Spoon",Kanpur,200,1200,145200
1374,2023-05-05,"Personalized Coffee Spoon",Delhi,200,1800,145200
1409,2023-05-08,"Personalized Coffee Spoon",Lucknow,200,1600,146800
1444,2023-05-11,"Personalized Coffee Spoon",Bangalore,200,3800,150600
1468,2023-05-13,"Personalized Coffee Spoon",Pune,200,1800,152400
1479,2023-05-14,"Personalized Coffee Spoon",Chennai,200,3600,156000
1514,2023-05-17,"Personalized Coffee Spoon",Chennai,200,3400,159400
1541,2023-05-20,"Personalized Coffee Spoon",Bangalore,200,1000,160400
1552,2023-05-21,"Personalized Coffee Spoon",Chennai,200,3200,163600
1564,2023-05-22,"Personalized Coffee Spoon",Jaipur,200,3000,166600
1590,2023-05-24,"Personalized Coffee Spoon",Pune,200,4000,170600
1645,2023-05-30,"Personalized Coffee Spoon",Jaipur,200,1400,172000
1666,2023-06-01,"Personalized Coffee Spoon",Kanpur,200,2400,174400
1693,2023-06-03,"Personalized Coffee Spoon",Pune,200,3000,177400
1710,2023-06-04,"Personalized Coffee Spoon",Bangalore,200,3400,180800
1759,2023-06-08,"Personalized Coffee Spoon",Kanpur,200,2400,183200
1804,2023-06-13,"Personalized Coffee Spoon",Delhi,200,3600,186800
1817,2023-06-14,"Personalized Coffee Spoon",Pune,200,1600,188400
1828,2023-06-15,"Personalized Coffee Spoon",Bangalore,200,2200,190600
1892,2023-06-23,"Personalized Coffee Spoon",Bangalore,200,2600,193200
1917,2023-06-27,"Personalized Coffee Spoon",Pune,200,3200,196400
1998,2023-07-04,"Personalized Coffee Spoon",Jaipur,200,2800,199200
2049,2023-07-09,"Personalized Coffee Spoon",Chennai,200,3800,203000
2100,2023-07-14,"Personalized Coffee Spoon",Kanpur,200,4000,207000
2183,2023-07-21,"Personalized Coffee Spoon",Pune,200,2000,209000
2253,2023-07-27,"Personalized Coffee Spoon",Chennai,200,3400,212400
2292,2023-07-31,"Personalized Coffee Spoon",Pune,200,3800,216200
63,2023-01-07,"Reusable Coffee Cup (Eco-friendly)",Pune,450,5850,5850
83,2023-01-10,"Reusable Coffee Cup (Eco-friendly)",Jaipur,450,4950,10800
103,2023-01-12,"Reusable Coffee Cup (Eco-friendly)",Lucknow,450,6300,17100
119,2023-01-14,"Reusable Coffee Cup (Eco-friendly)",Surat,450,2250,19350
189,2023-01-21,"Reusable Coffee Cup (Eco-friendly)",Pune,450,7650,27000
252,2023-01-26,"Reusable Coffee Cup (Eco-friendly)",Chennai,450,3600,30600
343,2023-02-02,"Reusable Coffee Cup (Eco-friendly)",Jaipur,450,4500,35100
368,2023-02-05,"Reusable Coffee Cup (Eco-friendly)",Jaipur,450,8100,46800
369,2023-02-05,"Reusable Coffee Cup (Eco-friendly)",Bangalore,450,3600,46800
378,2023-02-06,"Reusable Coffee Cup (Eco-friendly)",Nagpur,450,3150,59850
377,2023-02-06,"Reusable Coffee Cup (Eco-friendly)",Pune,450,3150,59850
376,2023-02-06,"Reusable Coffee Cup (Eco-friendly)",Pune,450,6750,59850
393,2023-02-08,"Reusable Coffee Cup (Eco-friendly)",Bangalore,450,7200,67050
473,2023-02-15,"Reusable Coffee Cup (Eco-friendly)",Bangalore,450,6750,73800
523,2023-02-20,"Reusable Coffee Cup (Eco-friendly)",Mumbai,450,6750,80550
549,2023-02-22,"Reusable Coffee Cup (Eco-friendly)",Bangalore,450,5400,85950
634,2023-03-01,"Reusable Coffee Cup (Eco-friendly)",Pune,450,8550,94500
651,2023-03-02,"Reusable Coffee Cup (Eco-friendly)",Jaipur,450,7650,102150
700,2023-03-05,"Reusable Coffee Cup (Eco-friendly)",Bangalore,450,8550,110700
753,2023-03-10,"Reusable Coffee Cup (Eco-friendly)",Delhi,450,4050,114750
791,2023-03-13,"Reusable Coffee Cup (Eco-friendly)",Pune,450,4950,119700
837,2023-03-17,"Reusable Coffee Cup (Eco-friendly)",Jaipur,450,8100,132300
838,2023-03-17,"Reusable Coffee Cup (Eco-friendly)",Surat,450,4500,132300
856,2023-03-19,"Reusable Coffee Cup (Eco-friendly)",Kolkata,450,2700,135000
883,2023-03-22,"Reusable Coffee Cup (Eco-friendly)",Chennai,450,7200,142200
972,2023-03-31,"Reusable Coffee Cup (Eco-friendly)",Chennai,450,3150,153900
973,2023-03-31,"Reusable Coffee Cup (Eco-friendly)",Kanpur,450,8550,153900
985,2023-04-01,"Reusable Coffee Cup (Eco-friendly)",Pune,450,9000,162900
1044,2023-04-06,"Reusable Coffee Cup (Eco-friendly)",Pune,450,9000,171900
1055,2023-04-07,"Reusable Coffee Cup (Eco-friendly)",Kanpur,450,5400,185400
1054,2023-04-07,"Reusable Coffee Cup (Eco-friendly)",Delhi,450,4500,185400
1056,2023-04-07,"Reusable Coffee Cup (Eco-friendly)",Indore,450,3600,185400
1084,2023-04-09,"Reusable Coffee Cup (Eco-friendly)",Jaipur,450,2250,187650
1122,2023-04-13,"Reusable Coffee Cup (Eco-friendly)",Hyderabad,450,7200,194850
1139,2023-04-14,"Reusable Coffee Cup (Eco-friendly)",Delhi,450,5400,202950
1140,2023-04-14,"Reusable Coffee Cup (Eco-friendly)",Ahmedabad,450,2700,202950
1180,2023-04-19,"Reusable Coffee Cup (Eco-friendly)",Hyderabad,450,4950,207900
1201,2023-04-21,"Reusable Coffee Cup (Eco-friendly)",Jaipur,450,5400,213300
1211,2023-04-22,"Reusable Coffee Cup (Eco-friendly)",Delhi,450,5850,226800
1210,2023-04-22,"Reusable Coffee Cup (Eco-friendly)",Chennai,450,7650,226800
1248,2023-04-25,"Reusable Coffee Cup (Eco-friendly)",Lucknow,450,7200,234000
1260,2023-04-26,"Reusable Coffee Cup (Eco-friendly)",Hyderabad,450,3600,237600
1320,2023-05-01,"Reusable Coffee Cup (Eco-friendly)",Delhi,450,4500,242100
1346,2023-05-03,"Reusable Coffee Cup (Eco-friendly)",Hyderabad,450,4500,246600
1363,2023-05-04,"Reusable Coffee Cup (Eco-friendly)",Delhi,450,2250,252450
1364,2023-05-04,"Reusable Coffee Cup (Eco-friendly)",Bangalore,450,3600,252450
1385,2023-05-06,"Reusable Coffee Cup (Eco-friendly)",Chennai,450,8100,260550
1403,2023-05-08,"Reusable Coffee Cup (Eco-friendly)",Chennai,450,6300,266850
1454,2023-05-12,"Reusable Coffee Cup (Eco-friendly)",Ahmedabad,450,6750,273600
1475,2023-05-14,"Reusable Coffee Cup (Eco-friendly)",Bangalore,450,5850,287550
1474,2023-05-14,"Reusable Coffee Cup (Eco-friendly)",Bangalore,450,8100,287550
1495,2023-05-16,"Reusable Coffee Cup (Eco-friendly)",Pune,450,9000,296550
1522,2023-05-18,"Reusable Coffee Cup (Eco-friendly)",Surat,450,5400,301950
1534,2023-05-19,"Reusable Coffee Cup (Eco-friendly)",Bangalore,450,4500,306450
1573,2023-05-23,"Reusable Coffee Cup (Eco-friendly)",Delhi,450,2250,308700
1592,2023-05-25,"Reusable Coffee Cup (Eco-friendly)",Mumbai,450,6300,315000
1603,2023-05-26,"Reusable Coffee Cup (Eco-friendly)",Delhi,450,7200,322200
1613,2023-05-27,"Reusable Coffee Cup (Eco-friendly)",Hyderabad,450,3150,325350
1632,2023-05-29,"Reusable Coffee Cup (Eco-friendly)",Jaipur,450,6300,331650
1662,2023-06-01,"Reusable Coffee Cup (Eco-friendly)",Jaipur,450,6300,337950
1733,2023-06-06,"Reusable Coffee Cup (Eco-friendly)",Chennai,450,7650,345600
1746,2023-06-07,"Reusable Coffee Cup (Eco-friendly)",Bangalore,450,2250,347850
1812,2023-06-14,"Reusable Coffee Cup (Eco-friendly)",Jaipur,450,4500,357300
1811,2023-06-14,"Reusable Coffee Cup (Eco-friendly)",Jaipur,450,4950,357300
1856,2023-06-19,"Reusable Coffee Cup (Eco-friendly)",Pune,450,3150,360450
1879,2023-06-22,"Reusable Coffee Cup (Eco-friendly)",Pune,450,4950,365400
1903,2023-06-25,"Reusable Coffee Cup (Eco-friendly)",Kanpur,450,6750,372150
1922,2023-06-28,"Reusable Coffee Cup (Eco-friendly)",Bangalore,450,2250,374400
1970,2023-07-02,"Reusable Coffee Cup (Eco-friendly)",Jaipur,450,8100,382500
1992,2023-07-04,"Reusable Coffee Cup (Eco-friendly)",Bangalore,450,4500,393750
1993,2023-07-04,"Reusable Coffee Cup (Eco-friendly)",Pune,450,6750,393750
2103,2023-07-15,"Reusable Coffee Cup (Eco-friendly)",Ahmedabad,450,7650,401400
2115,2023-07-16,"Reusable Coffee Cup (Eco-friendly)",Delhi,450,8550,409950
2190,2023-07-22,"Reusable Coffee Cup (Eco-friendly)",Jaipur,450,6750,416700
2241,2023-07-26,"Reusable Coffee Cup (Eco-friendly)",Pune,450,3150,419850
2281,2023-07-30,"Reusable Coffee Cup (Eco-friendly)",Hyderabad,450,3600,423450
2302,2023-08-01,"Reusable Coffee Cup (Eco-friendly)",Chennai,450,4500,431550
2301,2023-08-01,"Reusable Coffee Cup (Eco-friendly)",Chennai,450,3600,431550
48,2023-01-06,"Specialty Coffee Subscription",Jaipur,1500,13500,13500
124,2023-01-15,"Specialty Coffee Subscription",Chennai,1500,15000,28500
137,2023-01-16,"Specialty Coffee Subscription",Chennai,1500,22500,87000
136,2023-01-16,"Specialty Coffee Subscription",Pune,1500,7500,87000
138,2023-01-16,"Specialty Coffee Subscription",Lucknow,1500,16500,87000
135,2023-01-16,"Specialty Coffee Subscription",Bangalore,1500,12000,87000
147,2023-01-17,"Specialty Coffee Subscription",Pune,1500,30000,117000
159,2023-01-18,"Specialty Coffee Subscription",Pune,1500,10500,127500
221,2023-01-24,"Specialty Coffee Subscription",Chennai,1500,16500,151500
222,2023-01-24,"Specialty Coffee Subscription",Indore,1500,7500,151500
238,2023-01-25,"Specialty Coffee Subscription",Mumbai,1500,28500,180000
339,2023-02-02,"Specialty Coffee Subscription",Indore,1500,24000,246000
341,2023-02-02,"Specialty Coffee Subscription",Bangalore,1500,12000,246000
340,2023-02-02,"Specialty Coffee Subscription",Chennai,1500,30000,246000
350,2023-02-03,"Specialty Coffee Subscription",Chennai,1500,12000,258000
402,2023-02-09,"Specialty Coffee Subscription",Nagpur,1500,12000,270000
418,2023-02-10,"Specialty Coffee Subscription",Delhi,1500,13500,292500
419,2023-02-10,"Specialty Coffee Subscription",Bangalore,1500,9000,292500
445,2023-02-13,"Specialty Coffee Subscription",Chennai,1500,30000,322500
496,2023-02-17,"Specialty Coffee Subscription",Jaipur,1500,15000,337500
518,2023-02-20,"Specialty Coffee Subscription",Delhi,1500,13500,351000
571,2023-02-24,"Specialty Coffee Subscription",Pune,1500,19500,370500
645,2023-03-02,"Specialty Coffee Subscription",Chennai,1500,16500,403500
646,2023-03-02,"Specialty Coffee Subscription",Nagpur,1500,16500,403500
677,2023-03-04,"Specialty Coffee Subscription",Chennai,1500,28500,432000
693,2023-03-05,"Specialty Coffee Subscription",Kanpur,1500,27000,459000
715,2023-03-07,"Specialty Coffee Subscription",Jaipur,1500,10500,469500
799,2023-03-14,"Specialty Coffee Subscription",Pune,1500,24000,493500
846,2023-03-18,"Specialty Coffee Subscription",Surat,1500,19500,513000
922,2023-03-27,"Specialty Coffee Subscription",Pune,1500,19500,532500
937,2023-03-29,"Specialty Coffee Subscription",Delhi,1500,7500,540000
950,2023-03-30,"Specialty Coffee Subscription",Jaipur,1500,30000,570000
966,2023-03-31,"Specialty Coffee Subscription",Nagpur,1500,24000,594000
982,2023-04-01,"Specialty Coffee Subscription",Bangalore,1500,13500,607500
1077,2023-04-09,"Specialty Coffee Subscription",Jaipur,1500,28500,636000
1095,2023-04-10,"Specialty Coffee Subscription",Chennai,1500,21000,657000
1175,2023-04-19,"Specialty Coffee Subscription",Chennai,1500,7500,664500
1255,2023-04-26,"Specialty Coffee Subscription",Jaipur,1500,13500,678000
1345,2023-05-03,"Specialty Coffee Subscription",Pune,1500,28500,706500
1515,2023-05-18,"Specialty Coffee Subscription",Jaipur,1500,7500,714000
1539,2023-05-20,"Specialty Coffee Subscription",Delhi,1500,10500,751500
1538,2023-05-20,"Specialty Coffee Subscription",Kolkata,1500,27000,751500
1581,2023-05-24,"Specialty Coffee Subscription",Jaipur,1500,16500,795000
1580,2023-05-24,"Specialty Coffee Subscription",Chennai,1500,27000,795000
1636,2023-05-30,"Specialty Coffee Subscription",Bangalore,1500,19500,814500
1656,2023-06-01,"Specialty Coffee Subscription",Delhi,1500,21000,852000
1657,2023-06-01,"Specialty Coffee Subscription",Delhi,1500,16500,852000
1668,2023-06-02,"Specialty Coffee Subscription",Chennai,1500,27000,879000
1784,2023-06-11,"Specialty Coffee Subscription",Chennai,1500,24000,903000
1795,2023-06-12,"Specialty Coffee Subscription",Nagpur,1500,16500,919500
1799,2023-06-13,"Specialty Coffee Subscription",Pune,1500,16000,935500
1807,2023-06-14,"Specialty Coffee Subscription",Bangalore,1500,25500,961000
1832,2023-06-16,"Specialty Coffee Subscription",Pune,1500,30000,1015000
1833,2023-06-16,"Specialty Coffee Subscription",Mumbai,1500,24000,1015000
1841,2023-06-17,"Specialty Coffee Subscription",Pune,1500,30000,1045000
1886,2023-06-23,"Specialty Coffee Subscription",Chennai,1500,21000,1066000
1931,2023-06-29,"Specialty Coffee Subscription",Pune,1500,12000,1078000
1968,2023-07-02,"Specialty Coffee Subscription",Delhi,1500,21000,1114000
1967,2023-07-02,"Specialty Coffee Subscription",Pune,1500,15000,1114000
2061,2023-07-11,"Specialty Coffee Subscription",Jaipur,1500,27000,1141000
2072,2023-07-12,"Specialty Coffee Subscription",Bangalore,1500,27000,1168000
2122,2023-07-17,"Specialty Coffee Subscription",Bangalore,1500,10500,1178500
2136,2023-07-18,"Specialty Coffee Subscription",Bangalore,1500,24000,1202500
2168,2023-07-21,"Specialty Coffee Subscription",Pune,1500,27000,1244500
2169,2023-07-21,"Specialty Coffee Subscription",Jaipur,1500,15000,1244500
2224,2023-07-25,"Specialty Coffee Subscription",Bangalore,1500,18000,1262500
3588,2023-10-02,"Specialty Coffee Subscription",Bangalore,1500,16500,1279000
3623,2023-10-03,"Specialty Coffee Subscription",Jaipur,1500,15000,1342000
3621,2023-10-03,"Specialty Coffee Subscription",Kanpur,1500,21000,1342000
3624,2023-10-03,"Specialty Coffee Subscription",Chennai,1500,15000,1342000
3622,2023-10-03,"Specialty Coffee Subscription",Indore,1500,12000,1342000
3653,2023-10-04,"Specialty Coffee Subscription",Bangalore,1500,10500,1387000
3652,2023-10-04,"Specialty Coffee Subscription",Pune,1500,24000,1387000
3654,2023-10-04,"Specialty Coffee Subscription",Chennai,1500,10500,1387000
3675,2023-10-05,"Specialty Coffee Subscription",Chennai,1500,9000,1456000
3679,2023-10-05,"Specialty Coffee Subscription",Bangalore,1500,7500,1456000
3677,2023-10-05,"Specialty Coffee Subscription",Pune,1500,19500,1456000
3678,2023-10-05,"Specialty Coffee Subscription",Delhi,1500,18000,1456000
3676,2023-10-05,"Specialty Coffee Subscription",Pune,1500,15000,1456000
3711,2023-10-06,"Specialty Coffee Subscription",Chennai,1500,21000,1571500
3709,2023-10-06,"Specialty Coffee Subscription",Pune,1500,15000,1571500
3710,2023-10-06,"Specialty Coffee Subscription",Surat,1500,28500,1571500
3712,2023-10-06,"Specialty Coffee Subscription",Pune,1500,22500,1571500
3713,2023-10-06,"Specialty Coffee Subscription",Pune,1500,28500,1571500
3752,2023-10-07,"Specialty Coffee Subscription",Chennai,1500,19500,1591000
3770,2023-10-08,"Specialty Coffee Subscription",Chennai,1500,30000,1621000
3795,2023-10-09,"Specialty Coffee Subscription",Pune,1500,13500,1732000
3794,2023-10-09,"Specialty Coffee Subscription",Jaipur,1500,15000,1732000
3797,2023-10-09,"Specialty Coffee Subscription",Jaipur,1500,18000,1732000
3798,2023-10-09,"Specialty Coffee Subscription",Pune,1500,22500,1732000
3800,2023-10-09,"Specialty Coffee Subscription",Nagpur,1500,18000,1732000
3799,2023-10-09,"Specialty Coffee Subscription",Delhi,1500,12000,1732000
3796,2023-10-09,"Specialty Coffee Subscription",Bangalore,1500,12000,1732000
3825,2023-10-10,"Specialty Coffee Subscription",Bangalore,1500,10500,1805500
3827,2023-10-10,"Specialty Coffee Subscription",Chennai,1500,22500,1805500
3826,2023-10-10,"Specialty Coffee Subscription",Hyderabad,1500,9000,1805500
3828,2023-10-10,"Specialty Coffee Subscription",Pune,1500,21000,1805500
3824,2023-10-10,"Specialty Coffee Subscription",Delhi,1500,10500,1805500
3852,2023-10-11,"Specialty Coffee Subscription",Mumbai,1500,25500,1856500
3851,2023-10-11,"Specialty Coffee Subscription",Chennai,1500,12000,1856500
3853,2023-10-11,"Specialty Coffee Subscription",Bangalore,1500,13500,1856500
3881,2023-10-12,"Specialty Coffee Subscription",Surat,1500,12000,1879000
3882,2023-10-12,"Specialty Coffee Subscription",Pune,1500,10500,1879000
3914,2023-10-13,"Specialty Coffee Subscription",Chennai,1500,19500,1930000
3912,2023-10-13,"Specialty Coffee Subscription",Pune,1500,16500,1930000
3913,2023-10-13,"Specialty Coffee Subscription",Jaipur,1500,15000,1930000
3946,2023-10-14,"Specialty Coffee Subscription",Pune,1500,21000,2008000
3943,2023-10-14,"Specialty Coffee Subscription",Pune,1500,24000,2008000
3945,2023-10-14,"Specialty Coffee Subscription",Pune,1500,9000,2008000
3944,2023-10-14,"Specialty Coffee Subscription",Chennai,1500,24000,2008000
3971,2023-10-15,"Specialty Coffee Subscription",Chennai,1500,16500,2054500
3970,2023-10-15,"Specialty Coffee Subscription",Bangalore,1500,13500,2054500
3972,2023-10-15,"Specialty Coffee Subscription",Jaipur,1500,16500,2054500
3994,2023-10-16,"Specialty Coffee Subscription",Delhi,1500,13500,2068000
4016,2023-10-17,"Specialty Coffee Subscription",Chennai,1500,16500,2111500
4017,2023-10-17,"Specialty Coffee Subscription",Kolkata,1500,27000,2111500
4044,2023-10-18,"Specialty Coffee Subscription",Bangalore,1500,21000,2149000
4043,2023-10-18,"Specialty Coffee Subscription",Bangalore,1500,16500,2149000
4074,2023-10-19,"Specialty Coffee Subscription",Chennai,1500,25500,2201500
4073,2023-10-19,"Specialty Coffee Subscription",Pune,1500,27000,2201500
4115,2023-10-21,"Specialty Coffee Subscription",Mumbai,1500,28500,2254000
4116,2023-10-21,"Specialty Coffee Subscription",Chennai,1500,24000,2254000
4139,2023-10-22,"Specialty Coffee Subscription",Bangalore,1500,22500,2285500
4138,2023-10-22,"Specialty Coffee Subscription",Delhi,1500,9000,2285500
4181,2023-10-23,"Specialty Coffee Subscription",Delhi,1500,19500,2368000
4178,2023-10-23,"Specialty Coffee Subscription",Indore,1500,18000,2368000
4180,2023-10-23,"Specialty Coffee Subscription",Pune,1500,22500,2368000
4179,2023-10-23,"Specialty Coffee Subscription",Bangalore,1500,22500,2368000
4207,2023-10-24,"Specialty Coffee Subscription",Jaipur,1500,12000,2419000
4206,2023-10-24,"Specialty Coffee Subscription",Indore,1500,13500,2419000
4208,2023-10-24,"Specialty Coffee Subscription",Ahmedabad,1500,25500,2419000
4230,2023-10-25,"Specialty Coffee Subscription",Delhi,1500,15000,2434000
4255,2023-10-26,"Specialty Coffee Subscription",Pune,1500,16500,2450500
4283,2023-10-27,"Specialty Coffee Subscription",Bangalore,1500,9000,2477500
4284,2023-10-27,"Specialty Coffee Subscription",Chennai,1500,18000,2477500
4316,2023-10-28,"Specialty Coffee Subscription",Hyderabad,1500,19500,2524000
4317,2023-10-28,"Specialty Coffee Subscription",Jaipur,1500,13500,2524000
4318,2023-10-28,"Specialty Coffee Subscription",Delhi,1500,13500,2524000
4342,2023-10-29,"Specialty Coffee Subscription",Chennai,1500,18000,2570500
4343,2023-10-29,"Specialty Coffee Subscription",Bangalore,1500,18000,2570500
4344,2023-10-29,"Specialty Coffee Subscription",Jaipur,1500,10500,2570500
4363,2023-10-30,"Specialty Coffee Subscription",Ahmedabad,1500,9000,2597500
4362,2023-10-30,"Specialty Coffee Subscription",Ahmedabad,1500,18000,2597500
4383,2023-10-31,"Specialty Coffee Subscription",Jaipur,1500,24000,2621500
4406,2023-11-01,"Specialty Coffee Subscription",Chennai,1500,9000,2638000
4405,2023-11-01,"Specialty Coffee Subscription",Delhi,1500,7500,2638000
4447,2023-11-02,"Specialty Coffee Subscription",Hyderabad,1500,22500,2689000
4446,2023-11-02,"Specialty Coffee Subscription",Delhi,1500,28500,2689000
4484,2023-11-03,"Specialty Coffee Subscription",Delhi,1500,18000,2707000
4549,2023-11-05,"Specialty Coffee Subscription",Jaipur,1500,15000,2735500
4548,2023-11-05,"Specialty Coffee Subscription",Pune,1500,13500,2735500
4580,2023-11-06,"Specialty Coffee Subscription",Bangalore,1500,9000,2752000
4579,2023-11-06,"Specialty Coffee Subscription",Bangalore,1500,7500,2752000
4599,2023-11-07,"Specialty Coffee Subscription",Pune,1500,27000,2794000
4600,2023-11-07,"Specialty Coffee Subscription",Nagpur,1500,15000,2794000
4635,2023-11-08,"Specialty Coffee Subscription",Pune,1500,27000,2821000
4664,2023-11-09,"Specialty Coffee Subscription",Chennai,1500,13500,2866000
4662,2023-11-09,"Specialty Coffee Subscription",Bangalore,1500,7500,2866000
4663,2023-11-09,"Specialty Coffee Subscription",Indore,1500,24000,2866000
4688,2023-11-10,"Specialty Coffee Subscription",Chennai,1500,25500,2929000
4689,2023-11-10,"Specialty Coffee Subscription",Ahmedabad,1500,7500,2929000
4690,2023-11-10,"Specialty Coffee Subscription",Mumbai,1500,30000,2929000
4752,2023-11-12,"Specialty Coffee Subscription",Bangalore,1500,18000,2947000
4785,2023-11-13,"Specialty Coffee Subscription",Surat,1500,13500,2980000
4784,2023-11-13,"Specialty Coffee Subscription",Jaipur,1500,19500,2980000
4815,2023-11-14,"Specialty Coffee Subscription",Mumbai,1500,12000,3073000
4817,2023-11-14,"Specialty Coffee Subscription",Delhi,1500,25500,3073000
4816,2023-11-14,"Specialty Coffee Subscription",Bangalore,1500,25500,3073000
4818,2023-11-14,"Specialty Coffee Subscription",Pune,1500,30000,3073000
4851,2023-11-15,"Specialty Coffee Subscription",Surat,1500,30000,3133000
4850,2023-11-15,"Specialty Coffee Subscription",Chennai,1500,19500,3133000
4849,2023-11-15,"Specialty Coffee Subscription",Pune,1500,10500,3133000
4881,2023-11-16,"Specialty Coffee Subscription",Bangalore,1500,15000,3158500
4880,2023-11-16,"Specialty Coffee Subscription",Bangalore,1500,10500,3158500
4900,2023-11-17,"Specialty Coffee Subscription",Lucknow,1500,18000,3176500
4929,2023-11-18,"Specialty Coffee Subscription",Delhi,1500,10500,3245500
4930,2023-11-18,"Specialty Coffee Subscription",Pune,1500,28500,3245500
4928,2023-11-18,"Specialty Coffee Subscription",Chennai,1500,30000,3245500
4971,2023-11-19,"Specialty Coffee Subscription",Pune,1500,13500,3346000
4972,2023-11-19,"Specialty Coffee Subscription",Jaipur,1500,18000,3346000
4973,2023-11-19,"Specialty Coffee Subscription",Pune,1500,16500,3346000
4970,2023-11-19,"Specialty Coffee Subscription",Delhi,1500,30000,3346000
4974,2023-11-19,"Specialty Coffee Subscription",Surat,1500,22500,3346000
5000,2023-11-20,"Specialty Coffee Subscription",Kanpur,1500,15000,3386500
4999,2023-11-20,"Specialty Coffee Subscription",Delhi,1500,25500,3386500
5025,2023-11-21,"Specialty Coffee Subscription",Pune,1500,15000,3433000
5024,2023-11-21,"Specialty Coffee Subscription",Kolkata,1500,22500,3433000
5023,2023-11-21,"Specialty Coffee Subscription",Bangalore,1500,9000,3433000
5054,2023-11-22,"Specialty Coffee Subscription",Chennai,1500,9000,3511000
5053,2023-11-22,"Specialty Coffee Subscription",Hyderabad,1500,7500,3511000
5055,2023-11-22,"Specialty Coffee Subscription",Pune,1500,13500,3511000
5051,2023-11-22,"Specialty Coffee Subscription",Pune,1500,28500,3511000
5052,2023-11-22,"Specialty Coffee Subscription",Nagpur,1500,19500,3511000
5074,2023-11-23,"Specialty Coffee Subscription",Jaipur,1500,24000,3548500
5075,2023-11-23,"Specialty Coffee Subscription",Ahmedabad,1500,13500,3548500
5102,2023-11-24,"Specialty Coffee Subscription",Chennai,1500,16500,3565000
5124,2023-11-25,"Specialty Coffee Subscription",Bangalore,1500,7500,3593500
5123,2023-11-25,"Specialty Coffee Subscription",Pune,1500,21000,3593500
5180,2023-11-27,"Specialty Coffee Subscription",Jaipur,1500,19500,3661000
5179,2023-11-27,"Specialty Coffee Subscription",Indore,1500,27000,3661000
5181,2023-11-27,"Specialty Coffee Subscription",Pune,1500,21000,3661000
5210,2023-11-28,"Specialty Coffee Subscription",Chennai,1500,16500,3677500
5236,2023-11-29,"Specialty Coffee Subscription",Mumbai,1500,15000,3745000
5238,2023-11-29,"Specialty Coffee Subscription",Pune,1500,19500,3745000
5239,2023-11-29,"Specialty Coffee Subscription",Delhi,1500,21000,3745000
5237,2023-11-29,"Specialty Coffee Subscription",Pune,1500,12000,3745000
5269,2023-11-30,"Specialty Coffee Subscription",Jaipur,1500,25500,3787000
5268,2023-11-30,"Specialty Coffee Subscription",Jaipur,1500,16500,3787000
5312,2023-12-01,"Specialty Coffee Subscription",Kolkata,1500,18000,3923500
5310,2023-12-01,"Specialty Coffee Subscription",Pune,1500,21000,3923500
5314,2023-12-01,"Specialty Coffee Subscription",Bangalore,1500,19500,3923500
5315,2023-12-01,"Specialty Coffee Subscription",Pune,1500,27000,3923500
5313,2023-12-01,"Specialty Coffee Subscription",Jaipur,1500,24000,3923500
5311,2023-12-01,"Specialty Coffee Subscription",Delhi,1500,27000,3923500
5361,2023-12-02,"Specialty Coffee Subscription",Delhi,1500,13500,3949000
5360,2023-12-02,"Specialty Coffee Subscription",Pune,1500,12000,3949000
5399,2023-12-03,"Specialty Coffee Subscription",Pune,1500,18000,3997000
5398,2023-12-03,"Specialty Coffee Subscription",Bangalore,1500,30000,3997000
5417,2023-12-04,"Specialty Coffee Subscription",Hyderabad,1500,25500,4066000
5416,2023-12-04,"Specialty Coffee Subscription",Indore,1500,25500,4066000
5418,2023-12-04,"Specialty Coffee Subscription",Hyderabad,1500,18000,4066000
5448,2023-12-05,"Specialty Coffee Subscription",Delhi,1500,16500,4082500
5465,2023-12-06,"Specialty Coffee Subscription",Chennai,1500,19500,4129000
5464,2023-12-06,"Specialty Coffee Subscription",Jaipur,1500,27000,4129000
5493,2023-12-07,"Specialty Coffee Subscription",Pune,1500,15000,4189000
5494,2023-12-07,"Specialty Coffee Subscription",Delhi,1500,15000,4189000
5492,2023-12-07,"Specialty Coffee Subscription",Jaipur,1500,30000,4189000
5528,2023-12-08,"Specialty Coffee Subscription",Jaipur,1500,21000,4235500
5526,2023-12-08,"Specialty Coffee Subscription",Chennai,1500,18000,4235500
5527,2023-12-08,"Specialty Coffee Subscription",Mumbai,1500,7500,4235500
5561,2023-12-09,"Specialty Coffee Subscription",Delhi,1500,9000,4294000
5562,2023-12-09,"Specialty Coffee Subscription",Chennai,1500,19500,4294000
5563,2023-12-09,"Specialty Coffee Subscription",Surat,1500,30000,4294000
5594,2023-12-10,"Specialty Coffee Subscription",Delhi,1500,19500,4313500
5622,2023-12-11,"Specialty Coffee Subscription",Delhi,1500,7500,4321000
5644,2023-12-12,"Specialty Coffee Subscription",Bangalore,1500,13500,4393000
5643,2023-12-12,"Specialty Coffee Subscription",Indore,1500,19500,4393000
5645,2023-12-12,"Specialty Coffee Subscription",Pune,1500,16500,4393000
5646,2023-12-12,"Specialty Coffee Subscription",Chennai,1500,22500,4393000
5666,2023-12-13,"Specialty Coffee Subscription",Pune,1500,19500,4481500
5664,2023-12-13,"Specialty Coffee Subscription",Pune,1500,21000,4481500
5665,2023-12-13,"Specialty Coffee Subscription",Pune,1500,28500,4481500
5663,2023-12-13,"Specialty Coffee Subscription",Bangalore,1500,19500,4481500
5692,2023-12-14,"Specialty Coffee Subscription",Pune,1500,24000,4538500
5691,2023-12-14,"Specialty Coffee Subscription",Jaipur,1500,13500,4538500
5690,2023-12-14,"Specialty Coffee Subscription",Delhi,1500,19500,4538500
5712,2023-12-15,"Specialty Coffee Subscription",Chennai,1500,12000,4574500
5713,2023-12-15,"Specialty Coffee Subscription",Delhi,1500,24000,4574500
5742,2023-12-16,"Specialty Coffee Subscription",Nagpur,1500,19500,4612000
5741,2023-12-16,"Specialty Coffee Subscription",Jaipur,1500,18000,4612000
5767,2023-12-17,"Specialty Coffee Subscription",Kanpur,1500,19500,4642000
5768,2023-12-17,"Specialty Coffee Subscription",Delhi,1500,10500,4642000
5802,2023-12-18,"Specialty Coffee Subscription",Jaipur,1500,7500,4735000
5800,2023-12-18,"Specialty Coffee Subscription",Jaipur,1500,18000,4735000
5799,2023-12-18,"Specialty Coffee Subscription",Jaipur,1500,30000,4735000
5801,2023-12-18,"Specialty Coffee Subscription",Lucknow,1500,16500,4735000
5803,2023-12-18,"Specialty Coffee Subscription",Bangalore,1500,21000,4735000
5826,2023-12-19,"Specialty Coffee Subscription",Pune,1500,24000,4759000
26,2023-01-03,"Stainless Steel Tumbler",Bangalore,500,8000,8000
53,2023-01-06,"Stainless Steel Tumbler",Kanpur,500,4000,12000
66,2023-01-08,"Stainless Steel Tumbler",Delhi,500,5500,17500
93,2023-01-11,"Stainless Steel Tumbler",Jaipur,500,7500,25000
126,2023-01-15,"Stainless Steel Tumbler",Bangalore,500,7000,32000
164,2023-01-18,"Stainless Steel Tumbler",Delhi,500,3500,45500
165,2023-01-18,"Stainless Steel Tumbler",Indore,500,10000,45500
185,2023-01-20,"Stainless Steel Tumbler",Mumbai,500,6500,52000
209,2023-01-23,"Stainless Steel Tumbler",Chennai,500,9500,75500
208,2023-01-23,"Stainless Steel Tumbler",Pune,500,9500,75500
210,2023-01-23,"Stainless Steel Tumbler",Pune,500,4500,75500
228,2023-01-24,"Stainless Steel Tumbler",Chennai,500,4500,80000
243,2023-01-25,"Stainless Steel Tumbler",Kolkata,500,4000,84000
250,2023-01-26,"Stainless Steel Tumbler",Chennai,500,8000,92000
275,2023-01-28,"Stainless Steel Tumbler",Chennai,500,8500,100500
298,2023-01-30,"Stainless Steel Tumbler",Chennai,500,8500,109000
356,2023-02-03,"Stainless Steel Tumbler",Pune,500,10000,119000
363,2023-02-04,"Stainless Steel Tumbler",Chennai,500,9000,128000
392,2023-02-08,"Stainless Steel Tumbler",Bangalore,500,6000,134000
471,2023-02-15,"Stainless Steel Tumbler",Delhi,500,6000,145500
470,2023-02-15,"Stainless Steel Tumbler",Pune,500,5500,145500
497,2023-02-17,"Stainless Steel Tumbler",Pune,500,2500,148000
531,2023-02-21,"Stainless Steel Tumbler",Lucknow,500,7500,158000
530,2023-02-21,"Stainless Steel Tumbler",Chennai,500,2500,158000
548,2023-02-22,"Stainless Steel Tumbler",Pune,500,4000,162000
562,2023-02-23,"Stainless Steel Tumbler",Kolkata,500,9500,171500
600,2023-02-26,"Stainless Steel Tumbler",Jaipur,500,3500,175000
618,2023-02-28,"Stainless Steel Tumbler",Pune,500,8500,183500
682,2023-03-04,"Stainless Steel Tumbler",Pune,500,2500,186000
744,2023-03-09,"Stainless Steel Tumbler",Jaipur,500,7500,193500
783,2023-03-12,"Stainless Steel Tumbler",Delhi,500,8000,201500
790,2023-03-13,"Stainless Steel Tumbler",Delhi,500,8000,209500
826,2023-03-16,"Stainless Steel Tumbler",Jaipur,500,9500,219000
861,2023-03-20,"Stainless Steel Tumbler",Pune,500,8500,227500
872,2023-03-21,"Stainless Steel Tumbler",Nagpur,500,4000,231500
891,2023-03-23,"Stainless Steel Tumbler",Pune,500,2500,234000
911,2023-03-25,"Stainless Steel Tumbler",Mumbai,500,10000,252500
910,2023-03-25,"Stainless Steel Tumbler",Pune,500,8500,252500
931,2023-03-28,"Stainless Steel Tumbler",Pune,500,10000,262500
971,2023-03-31,"Stainless Steel Tumbler",Delhi,500,7500,270000
998,2023-04-02,"Stainless Steel Tumbler",Bangalore,500,3000,283000
999,2023-04-02,"Stainless Steel Tumbler",Pune,500,10000,283000
1043,2023-04-06,"Stainless Steel Tumbler",Pune,500,5000,288000
1098,2023-04-10,"Stainless Steel Tumbler",Delhi,500,9500,297500
1199,2023-04-21,"Stainless Steel Tumbler",Mumbai,500,9500,307000
1247,2023-04-25,"Stainless Steel Tumbler",Pune,500,2500,309500
1256,2023-04-26,"Stainless Steel Tumbler",Kolkata,500,3500,323500
1257,2023-04-26,"Stainless Steel Tumbler",Chennai,500,7000,323500
1258,2023-04-26,"Stainless Steel Tumbler",Chennai,500,3500,323500
1362,2023-05-04,"Stainless Steel Tumbler",Jaipur,500,7000,330500
1402,2023-05-08,"Stainless Steel Tumbler",Pune,500,5000,335500
1420,2023-05-09,"Stainless Steel Tumbler",Nagpur,500,6000,341500
1452,2023-05-12,"Stainless Steel Tumbler",Delhi,500,6000,347500
1507,2023-05-17,"Stainless Steel Tumbler",Pune,500,5500,353000
1612,2023-05-27,"Stainless Steel Tumbler",Kanpur,500,3000,356000
1623,2023-05-28,"Stainless Steel Tumbler",Bangalore,500,5000,361000
1648,2023-05-31,"Stainless Steel Tumbler",Bangalore,500,9500,370500
1677,2023-06-02,"Stainless Steel Tumbler",Delhi,500,4000,374500
1688,2023-06-03,"Stainless Steel Tumbler",Delhi,500,10000,384500
1732,2023-06-06,"Stainless Steel Tumbler",Ahmedabad,500,4500,389000
1850,2023-06-18,"Stainless Steel Tumbler",Jaipur,500,6500,395500
1876,2023-06-22,"Stainless Steel Tumbler",Indore,500,6000,401500
1956,2023-07-01,"Stainless Steel Tumbler",Lucknow,500,5500,407000
2021,2023-07-07,"Stainless Steel Tumbler",Delhi,500,8000,415000
2035,2023-07-08,"Stainless Steel Tumbler",Chennai,500,9000,424000
2057,2023-07-10,"Stainless Steel Tumbler",Chennai,500,6000,435500
2056,2023-07-10,"Stainless Steel Tumbler",Jaipur,500,5500,435500
2077,2023-07-12,"Stainless Steel Tumbler",Chennai,500,6500,450000
2078,2023-07-12,"Stainless Steel Tumbler",Indore,500,8000,450000
2128,2023-07-17,"Stainless Steel Tumbler",Delhi,500,4000,454000
2178,2023-07-21,"Stainless Steel Tumbler",Ahmedabad,500,7000,467500
2179,2023-07-21,"Stainless Steel Tumbler",Pune,500,6500,467500
2189,2023-07-22,"Stainless Steel Tumbler",Bangalore,500,6500,474000
2240,2023-07-26,"Stainless Steel Tumbler",Bangalore,500,5500,479500
2259,2023-07-28,"Stainless Steel Tumbler",Bangalore,500,5000,484500
27,2023-01-03,"Tote Bag with Coffee Design",Chennai,500,3000,3000
97,2023-01-11,"Tote Bag with Coffee Design",Bangalore,500,3000,6000
106,2023-01-12,"Tote Bag with Coffee Design",Kanpur,500,5500,11500
122,2023-01-14,"Tote Bag with Coffee Design",Bangalore,500,9000,20500
144,2023-01-16,"Tote Bag with Coffee Design",Bangalore,500,9500,30000
152,2023-01-17,"Tote Bag with Coffee Design",Bangalore,500,4000,40500
153,2023-01-17,"Tote Bag with Coffee Design",Pune,500,6500,40500
186,2023-01-20,"Tote Bag with Coffee Design",Jaipur,500,10000,50500
194,2023-01-21,"Tote Bag with Coffee Design",Jaipur,500,6000,64000
193,2023-01-21,"Tote Bag with Coffee Design",Bangalore,500,7500,64000
256,2023-01-26,"Tote Bag with Coffee Design",Chennai,500,7000,71000
272,2023-01-27,"Tote Bag with Coffee Design",Pune,500,6000,77000
284,2023-01-29,"Tote Bag with Coffee Design",Delhi,500,9000,92500
285,2023-01-29,"Tote Bag with Coffee Design",Jaipur,500,6500,92500
303,2023-01-30,"Tote Bag with Coffee Design",Jaipur,500,4000,106500
304,2023-01-30,"Tote Bag with Coffee Design",Chennai,500,10000,106500
317,2023-01-31,"Tote Bag with Coffee Design",Jaipur,500,10000,116500
332,2023-02-01,"Tote Bag with Coffee Design",Delhi,500,6000,122500
396,2023-02-08,"Tote Bag with Coffee Design",Pune,500,6000,128500
410,2023-02-09,"Tote Bag with Coffee Design",Surat,500,4500,133000
500,2023-02-17,"Tote Bag with Coffee Design",Ahmedabad,500,9000,142000
589,2023-02-25,"Tote Bag with Coffee Design",Surat,500,6500,148500
620,2023-02-28,"Tote Bag with Coffee Design",Nagpur,500,6500,158000
621,2023-02-28,"Tote Bag with Coffee Design",Chennai,500,3000,158000
688,2023-03-04,"Tote Bag with Coffee Design",Chennai,500,5000,163000
731,2023-03-08,"Tote Bag with Coffee Design",Pune,500,6500,169500
757,2023-03-10,"Tote Bag with Coffee Design",Pune,500,7000,176500
815,2023-03-15,"Tote Bag with Coffee Design",Pune,500,5500,191000
816,2023-03-15,"Tote Bag with Coffee Design",Indore,500,9000,191000
839,2023-03-17,"Tote Bag with Coffee Design",Chennai,500,6500,197500
859,2023-03-19,"Tote Bag with Coffee Design",Delhi,500,2500,208500
858,2023-03-19,"Tote Bag with Coffee Design",Mumbai,500,8500,208500
988,2023-04-01,"Tote Bag with Coffee Design",Kanpur,500,8000,216500
1024,2023-04-04,"Tote Bag with Coffee Design",Pune,500,5000,230500
1025,2023-04-04,"Tote Bag with Coffee Design",Pune,500,9000,230500
1057,2023-04-07,"Tote Bag with Coffee Design",Bangalore,500,7000,237500
1106,2023-04-11,"Tote Bag with Coffee Design",Pune,500,8500,246000
1164,2023-04-17,"Tote Bag with Coffee Design",Chennai,500,9000,255000
1275,2023-04-27,"Tote Bag with Coffee Design",Chennai,500,7000,267500
1276,2023-04-27,"Tote Bag with Coffee Design",Mumbai,500,3000,267500
1274,2023-04-27,"Tote Bag with Coffee Design",Delhi,500,2500,267500
1328,2023-05-01,"Tote Bag with Coffee Design",Pune,500,7000,282000
1327,2023-05-01,"Tote Bag with Coffee Design",Chennai,500,4000,282000
1326,2023-05-01,"Tote Bag with Coffee Design",Kanpur,500,3500,282000
1455,2023-05-12,"Tote Bag with Coffee Design",Indore,500,4000,296000
1456,2023-05-12,"Tote Bag with Coffee Design",Chennai,500,10000,296000
1551,2023-05-21,"Tote Bag with Coffee Design",Delhi,500,3500,299500
1562,2023-05-22,"Tote Bag with Coffee Design",Pune,500,4500,309500
1561,2023-05-22,"Tote Bag with Coffee Design",Chennai,500,3000,309500
1563,2023-05-22,"Tote Bag with Coffee Design",Nagpur,500,2500,309500
1577,2023-05-23,"Tote Bag with Coffee Design",Jaipur,500,2500,312000
1606,2023-05-26,"Tote Bag with Coffee Design",Delhi,500,8000,320000
1615,2023-05-27,"Tote Bag with Coffee Design",Indore,500,6500,326500
1635,2023-05-29,"Tote Bag with Coffee Design",Chennai,500,3500,330000
1644,2023-05-30,"Tote Bag with Coffee Design",Bangalore,500,4500,334500
1664,2023-06-01,"Tote Bag with Coffee Design",Chennai,500,3500,338000
1709,2023-06-04,"Tote Bag with Coffee Design",Bangalore,500,8500,346500
1766,2023-06-09,"Tote Bag with Coffee Design",Pune,500,2500,349000
1777,2023-06-10,"Tote Bag with Coffee Design",Delhi,500,9500,358500
1872,2023-06-21,"Tote Bag with Coffee Design",Kanpur,500,5500,372000
1873,2023-06-21,"Tote Bag with Coffee Design",Bangalore,500,8000,372000
1883,2023-06-22,"Tote Bag with Coffee Design",Bangalore,500,8000,388500
1882,2023-06-22,"Tote Bag with Coffee Design",Bangalore,500,8500,388500
1897,2023-06-24,"Tote Bag with Coffee Design",Chennai,500,8000,406500
1898,2023-06-24,"Tote Bag with Coffee Design",Chennai,500,10000,406500
1924,2023-06-28,"Tote Bag with Coffee Design",Jaipur,500,3500,418500
1925,2023-06-28,"Tote Bag with Coffee Design",Bangalore,500,8500,418500
1960,2023-07-01,"Tote Bag with Coffee Design",Pune,500,5000,423500
1974,2023-07-02,"Tote Bag with Coffee Design",Delhi,500,7500,441000
1975,2023-07-02,"Tote Bag with Coffee Design",Pune,500,10000,441000
2004,2023-07-05,"Tote Bag with Coffee Design",Jaipur,500,8000,458500
2005,2023-07-05,"Tote Bag with Coffee Design",Chennai,500,9500,458500
2024,2023-07-07,"Tote Bag with Coffee Design",Delhi,500,6000,464500
2081,2023-07-12,"Tote Bag with Coffee Design",Pune,500,10000,474500
2106,2023-07-15,"Tote Bag with Coffee Design",Chennai,500,9500,484000
2130,2023-07-17,"Tote Bag with Coffee Design",Bangalore,500,7500,491500
2152,2023-07-19,"Tote Bag with Coffee Design",Surat,500,4000,495500
2164,2023-07-20,"Tote Bag with Coffee Design",Delhi,500,6500,502000
2199,2023-07-22,"Tote Bag with Coffee Design",Chennai,500,8000,510000
2219,2023-07-24,"Tote Bag with Coffee Design",Chennai,500,10000,520000
2271,2023-07-29,"Tote Bag with Coffee Design",Jaipur,500,8000,528000
2305,2023-08-01,"Tote Bag with Coffee Design",Kolkata,500,2500,530500
2311,2023-08-02,"Tote Bag with Coffee Design",Pune,500,4000,580500
2310,2023-08-02,"Tote Bag with Coffee Design",Jaipur,500,10000,580500
2313,2023-08-02,"Tote Bag with Coffee Design",Chennai,500,2500,580500
2315,2023-08-02,"Tote Bag with Coffee Design",Chennai,500,3000,580500
2312,2023-08-02,"Tote Bag with Coffee Design",Jaipur,500,7000,580500
2317,2023-08-02,"Tote Bag with Coffee Design",Indore,500,7500,580500
2309,2023-08-02,"Tote Bag with Coffee Design",Bangalore,500,9500,580500
2316,2023-08-02,"Tote Bag with Coffee Design",Pune,500,2500,580500
2314,2023-08-02,"Tote Bag with Coffee Design",Jaipur,500,4000,580500
2326,2023-08-03,"Tote Bag with Coffee Design",Pune,500,8000,669000
2319,2023-08-03,"Tote Bag with Coffee Design",Pune,500,9000,669000
2328,2023-08-03,"Tote Bag with Coffee Design",Chennai,500,5500,669000
2321,2023-08-03,"Tote Bag with Coffee Design",Chennai,500,10000,669000
2322,2023-08-03,"Tote Bag with Coffee Design",Chennai,500,8500,669000
2327,2023-08-03,"Tote Bag with Coffee Design",Chennai,500,8500,669000
2329,2023-08-03,"Tote Bag with Coffee Design",Lucknow,500,8000,669000
2325,2023-08-03,"Tote Bag with Coffee Design",Indore,500,6000,669000
2323,2023-08-03,"Tote Bag with Coffee Design",Bangalore,500,6000,669000
2320,2023-08-03,"Tote Bag with Coffee Design",Bangalore,500,9500,669000
2324,2023-08-03,"Tote Bag with Coffee Design",Bangalore,500,9500,669000
2336,2023-08-04,"Tote Bag with Coffee Design",Bangalore,500,8500,712500
2332,2023-08-04,"Tote Bag with Coffee Design",Bangalore,500,7500,712500
2330,2023-08-04,"Tote Bag with Coffee Design",Bangalore,500,2500,712500
2335,2023-08-04,"Tote Bag with Coffee Design",Ahmedabad,500,9000,712500
2334,2023-08-04,"Tote Bag with Coffee Design",Nagpur,500,9000,712500
2331,2023-08-04,"Tote Bag with Coffee Design",Kanpur,500,3000,712500
2333,2023-08-04,"Tote Bag with Coffee Design",Hyderabad,500,4000,712500
2342,2023-08-05,"Tote Bag with Coffee Design",Indore,500,10000,754500
2338,2023-08-05,"Tote Bag with Coffee Design",Delhi,500,4500,754500
2340,2023-08-05,"Tote Bag with Coffee Design",Pune,500,3500,754500
2341,2023-08-05,"Tote Bag with Coffee Design",Pune,500,5000,754500
2339,2023-08-05,"Tote Bag with Coffee Design",Ahmedabad,500,9500,754500
2337,2023-08-05,"Tote Bag with Coffee Design",Chennai,500,9500,754500
2345,2023-08-06,"Tote Bag with Coffee Design",Chennai,500,3000,795000
2349,2023-08-06,"Tote Bag with Coffee Design",Surat,500,2500,795000
2347,2023-08-06,"Tote Bag with Coffee Design",Bangalore,500,6500,795000
2346,2023-08-06,"Tote Bag with Coffee Design",Bangalore,500,3000,795000
2348,2023-08-06,"Tote Bag with Coffee Design",Ahmedabad,500,6000,795000
2344,2023-08-06,"Tote Bag with Coffee Design",Kanpur,500,8500,795000
2343,2023-08-06,"Tote Bag with Coffee Design",Hyderabad,500,8500,795000
2350,2023-08-06,"Tote Bag with Coffee Design",Surat,500,2500,795000
2356,2023-08-07,"Tote Bag with Coffee Design",Delhi,500,8000,842000
2354,2023-08-07,"Tote Bag with Coffee Design",Pune,500,2500,842000
2351,2023-08-07,"Tote Bag with Coffee Design",Bangalore,500,10000,842000
2353,2023-08-07,"Tote Bag with Coffee Design",Bangalore,500,8000,842000
2352,2023-08-07,"Tote Bag with Coffee Design",Bangalore,500,2500,842000
2359,2023-08-07,"Tote Bag with Coffee Design",Chennai,500,3000,842000
2355,2023-08-07,"Tote Bag with Coffee Design",Delhi,500,2500,842000
2358,2023-08-07,"Tote Bag with Coffee Design",Delhi,500,2500,842000
2357,2023-08-07,"Tote Bag with Coffee Design",Nagpur,500,8000,842000
2363,2023-08-08,"Tote Bag with Coffee Design",Delhi,500,8500,904500
2368,2023-08-08,"Tote Bag with Coffee Design",Bangalore,500,9000,904500
2361,2023-08-08,"Tote Bag with Coffee Design",Jaipur,500,4500,904500
2367,2023-08-08,"Tote Bag with Coffee Design",Delhi,500,7000,904500
2366,2023-08-08,"Tote Bag with Coffee Design",Delhi,500,6000,904500
2360,2023-08-08,"Tote Bag with Coffee Design",Jaipur,500,6500,904500
2365,2023-08-08,"Tote Bag with Coffee Design",Indore,500,8500,904500
2364,2023-08-08,"Tote Bag with Coffee Design",Chennai,500,6000,904500
2362,2023-08-08,"Tote Bag with Coffee Design",Pune,500,6500,904500
2370,2023-08-09,"Tote Bag with Coffee Design",Pune,500,4500,951500
2373,2023-08-09,"Tote Bag with Coffee Design",Pune,500,6000,951500
2374,2023-08-09,"Tote Bag with Coffee Design",Bangalore,500,3500,951500
2371,2023-08-09,"Tote Bag with Coffee Design",Chennai,500,7500,951500
2376,2023-08-09,"Tote Bag with Coffee Design",Bangalore,500,9000,951500
2372,2023-08-09,"Tote Bag with Coffee Design",Bangalore,500,7500,951500
2375,2023-08-09,"Tote Bag with Coffee Design",Delhi,500,5500,951500
2369,2023-08-09,"Tote Bag with Coffee Design",Mumbai,500,3500,951500
2378,2023-08-10,"Tote Bag with Coffee Design",Nagpur,500,2500,1032000
2381,2023-08-10,"Tote Bag with Coffee Design",Chennai,500,5000,1032000
2385,2023-08-10,"Tote Bag with Coffee Design",Chennai,500,8000,1032000
2379,2023-08-10,"Tote Bag with Coffee Design",Pune,500,3000,1032000
2389,2023-08-10,"Tote Bag with Coffee Design",Chennai,500,5500,1032000
2386,2023-08-10,"Tote Bag with Coffee Design",Chennai,500,4500,1032000
2382,2023-08-10,"Tote Bag with Coffee Design",Jaipur,500,6000,1032000
2383,2023-08-10,"Tote Bag with Coffee Design",Pune,500,7500,1032000
2384,2023-08-10,"Tote Bag with Coffee Design",Jaipur,500,5500,1032000
2391,2023-08-10,"Tote Bag with Coffee Design",Pune,500,7000,1032000
2377,2023-08-10,"Tote Bag with Coffee Design",Mumbai,500,7000,1032000
2390,2023-08-10,"Tote Bag with Coffee Design",Nagpur,500,3000,1032000
2388,2023-08-10,"Tote Bag with Coffee Design",Delhi,500,4500,1032000
2387,2023-08-10,"Tote Bag with Coffee Design",Bangalore,500,9000,1032000
2380,2023-08-10,"Tote Bag with Coffee Design",Bangalore,500,2500,1032000
2399,2023-08-11,"Tote Bag with Coffee Design",Bangalore,500,4500,1109000
2395,2023-08-11,"Tote Bag with Coffee Design",Bangalore,500,7000,1109000
2398,2023-08-11,"Tote Bag with Coffee Design",Kanpur,500,4500,1109000
2402,2023-08-11,"Tote Bag with Coffee Design",Surat,500,6500,1109000
2396,2023-08-11,"Tote Bag with Coffee Design",Chennai,500,5500,1109000
2404,2023-08-11,"Tote Bag with Coffee Design",Chennai,500,10000,1109000
2400,2023-08-11,"Tote Bag with Coffee Design",Chennai,500,6000,1109000
2393,2023-08-11,"Tote Bag with Coffee Design",Jaipur,500,7500,1109000
2401,2023-08-11,"Tote Bag with Coffee Design",Jaipur,500,3500,1109000
2392,2023-08-11,"Tote Bag with Coffee Design",Pune,500,6000,1109000
2394,2023-08-11,"Tote Bag with Coffee Design",Delhi,500,3000,1109000
2403,2023-08-11,"Tote Bag with Coffee Design",Kolkata,500,5500,1109000
2397,2023-08-11,"Tote Bag with Coffee Design",Pune,500,7500,1109000
2406,2023-08-12,"Tote Bag with Coffee Design",Surat,500,8500,1175000
2407,2023-08-12,"Tote Bag with Coffee Design",Delhi,500,3000,1175000
2413,2023-08-12,"Tote Bag with Coffee Design",Lucknow,500,9000,1175000
2409,2023-08-12,"Tote Bag with Coffee Design",Delhi,500,6000,1175000
2411,2023-08-12,"Tote Bag with Coffee Design",Bangalore,500,4500,1175000
2410,2023-08-12,"Tote Bag with Coffee Design",Bangalore,500,7500,1175000
2408,2023-08-12,"Tote Bag with Coffee Design",Pune,500,7000,1175000
2414,2023-08-12,"Tote Bag with Coffee Design",Chennai,500,9000,1175000
2405,2023-08-12,"Tote Bag with Coffee Design",Chennai,500,7500,1175000
2412,2023-08-12,"Tote Bag with Coffee Design",Jaipur,500,4000,1175000
2420,2023-08-13,"Tote Bag with Coffee Design",Lucknow,500,7000,1232000
2415,2023-08-13,"Tote Bag with Coffee Design",Lucknow,500,6500,1232000
2421,2023-08-13,"Tote Bag with Coffee Design",Pune,500,9500,1232000
2419,2023-08-13,"Tote Bag with Coffee Design",Delhi,500,2500,1232000
2416,2023-08-13,"Tote Bag with Coffee Design",Bangalore,500,9500,1232000
2422,2023-08-13,"Tote Bag with Coffee Design",Bangalore,500,10000,1232000
2417,2023-08-13,"Tote Bag with Coffee Design",Chennai,500,3000,1232000
2418,2023-08-13,"Tote Bag with Coffee Design",Pune,500,9000,1232000
2429,2023-08-14,"Tote Bag with Coffee Design",Kanpur,500,6500,1306500
2425,2023-08-14,"Tote Bag with Coffee Design",Kolkata,500,8000,1306500
2427,2023-08-14,"Tote Bag with Coffee Design",Pune,500,4000,1306500
2424,2023-08-14,"Tote Bag with Coffee Design",Lucknow,500,4500,1306500
2433,2023-08-14,"Tote Bag with Coffee Design",Delhi,500,6500,1306500
2430,2023-08-14,"Tote Bag with Coffee Design",Bangalore,500,9000,1306500
2426,2023-08-14,"Tote Bag with Coffee Design",Bangalore,500,10000,1306500
2423,2023-08-14,"Tote Bag with Coffee Design",Bangalore,500,6000,1306500
2428,2023-08-14,"Tote Bag with Coffee Design",Chennai,500,8500,1306500
2432,2023-08-14,"Tote Bag with Coffee Design",Mumbai,500,9000,1306500
2431,2023-08-14,"Tote Bag with Coffee Design",Pune,500,2500,1306500
2439,2023-08-15,"Tote Bag with Coffee Design",Jaipur,500,8500,1360000
2438,2023-08-15,"Tote Bag with Coffee Design",Hyderabad,500,3500,1360000
2435,2023-08-15,"Tote Bag with Coffee Design",Pune,500,2500,1360000
2437,2023-08-15,"Tote Bag with Coffee Design",Nagpur,500,9000,1360000
2442,2023-08-15,"Tote Bag with Coffee Design",Chennai,500,5000,1360000
2441,2023-08-15,"Tote Bag with Coffee Design",Chennai,500,5500,1360000
2436,2023-08-15,"Tote Bag with Coffee Design",Bangalore,500,9500,1360000
2440,2023-08-15,"Tote Bag with Coffee Design",Bangalore,500,6000,1360000
2434,2023-08-15,"Tote Bag with Coffee Design",Bangalore,500,4000,1360000
2450,2023-08-16,"Tote Bag with Coffee Design",Jaipur,500,10000,1444000
2446,2023-08-16,"Tote Bag with Coffee Design",Pune,500,10000,1444000
2449,2023-08-16,"Tote Bag with Coffee Design",Pune,500,6500,1444000
2454,2023-08-16,"Tote Bag with Coffee Design",Kolkata,500,10000,1444000
2453,2023-08-16,"Tote Bag with Coffee Design",Lucknow,500,9000,1444000
2444,2023-08-16,"Tote Bag with Coffee Design",Nagpur,500,6500,1444000
2447,2023-08-16,"Tote Bag with Coffee Design",Pune,500,4500,1444000
2445,2023-08-16,"Tote Bag with Coffee Design",Chennai,500,4000,1444000
2448,2023-08-16,"Tote Bag with Coffee Design",Chennai,500,3500,1444000
2452,2023-08-16,"Tote Bag with Coffee Design",Jaipur,500,5000,1444000
2443,2023-08-16,"Tote Bag with Coffee Design",Jaipur,500,5500,1444000
2451,2023-08-16,"Tote Bag with Coffee Design",Surat,500,9500,1444000
2458,2023-08-17,"Tote Bag with Coffee Design",Pune,500,4500,1508000
2460,2023-08-17,"Tote Bag with Coffee Design",Surat,500,7000,1508000
2461,2023-08-17,"Tote Bag with Coffee Design",Surat,500,8000,1508000
2457,2023-08-17,"Tote Bag with Coffee Design",Kanpur,500,10000,1508000
2463,2023-08-17,"Tote Bag with Coffee Design",Bangalore,500,3000,1508000
2459,2023-08-17,"Tote Bag with Coffee Design",Bangalore,500,4500,1508000
2462,2023-08-17,"Tote Bag with Coffee Design",Bangalore,500,7500,1508000
2456,2023-08-17,"Tote Bag with Coffee Design",Pune,500,4500,1508000
2455,2023-08-17,"Tote Bag with Coffee Design",Pune,500,6500,1508000
2464,2023-08-17,"Tote Bag with Coffee Design",Indore,500,8500,1508000
2465,2023-08-18,"Tote Bag with Coffee Design",Delhi,500,6000,1545000
2466,2023-08-18,"Tote Bag with Coffee Design",Hyderabad,500,5000,1545000
2467,2023-08-18,"Tote Bag with Coffee Design",Chennai,500,9000,1545000
2468,2023-08-18,"Tote Bag with Coffee Design",Pune,500,9500,1545000
2469,2023-08-18,"Tote Bag with Coffee Design",Hyderabad,500,7500,1545000
2477,2023-08-19,"Tote Bag with Coffee Design",Pune,500,3000,1663500
2475,2023-08-19,"Tote Bag with Coffee Design",Lucknow,500,5000,1663500
2484,2023-08-19,"Tote Bag with Coffee Design",Pune,500,10000,1663500
2485,2023-08-19,"Tote Bag with Coffee Design",Lucknow,500,8000,1663500
2479,2023-08-19,"Tote Bag with Coffee Design",Delhi,500,7500,1663500
2470,2023-08-19,"Tote Bag with Coffee Design",Jaipur,500,9000,1663500
2486,2023-08-19,"Tote Bag with Coffee Design",Jaipur,500,5000,1663500
2473,2023-08-19,"Tote Bag with Coffee Design",Bangalore,500,10000,1663500
2478,2023-08-19,"Tote Bag with Coffee Design",Bangalore,500,5500,1663500
2483,2023-08-19,"Tote Bag with Coffee Design",Bangalore,500,6000,1663500
2480,2023-08-19,"Tote Bag with Coffee Design",Chennai,500,7000,1663500
2481,2023-08-19,"Tote Bag with Coffee Design",Pune,500,4500,1663500
2471,2023-08-19,"Tote Bag with Coffee Design",Delhi,500,6500,1663500
2472,2023-08-19,"Tote Bag with Coffee Design",Pune,500,2500,1663500
2482,2023-08-19,"Tote Bag with Coffee Design",Pune,500,9000,1663500
2476,2023-08-19,"Tote Bag with Coffee Design",Delhi,500,10000,1663500
2474,2023-08-19,"Tote Bag with Coffee Design",Kanpur,500,10000,1663500
2491,2023-08-20,"Tote Bag with Coffee Design",Delhi,500,3000,1694500
2489,2023-08-20,"Tote Bag with Coffee Design",Pune,500,9000,1694500
2487,2023-08-20,"Tote Bag with Coffee Design",Jaipur,500,9500,1694500
2490,2023-08-20,"Tote Bag with Coffee Design",Bangalore,500,5000,1694500
2488,2023-08-20,"Tote Bag with Coffee Design",Chennai,500,4500,1694500
2498,2023-08-21,"Tote Bag with Coffee Design",Pune,500,6000,1758500
2494,2023-08-21,"Tote Bag with Coffee Design",Delhi,500,9000,1758500
2497,2023-08-21,"Tote Bag with Coffee Design",Mumbai,500,4000,1758500
2495,2023-08-21,"Tote Bag with Coffee Design",Mumbai,500,3500,1758500
2493,2023-08-21,"Tote Bag with Coffee Design",Jaipur,500,8500,1758500
2500,2023-08-21,"Tote Bag with Coffee Design",Bangalore,500,10000,1758500
2499,2023-08-21,"Tote Bag with Coffee Design",Pune,500,4000,1758500
2492,2023-08-21,"Tote Bag with Coffee Design",Kolkata,500,9000,1758500
2496,2023-08-21,"Tote Bag with Coffee Design",Surat,500,10000,1758500
2509,2023-08-22,"Tote Bag with Coffee Design",Delhi,500,4000,1830500
2504,2023-08-22,"Tote Bag with Coffee Design",Pune,500,5500,1830500
2501,2023-08-22,"Tote Bag with Coffee Design",Pune,500,8500,1830500
2508,2023-08-22,"Tote Bag with Coffee Design",Mumbai,500,6500,1830500
2512,2023-08-22,"Tote Bag with Coffee Design",Chennai,500,9500,1830500
2506,2023-08-22,"Tote Bag with Coffee Design",Chennai,500,2500,1830500
2505,2023-08-22,"Tote Bag with Coffee Design",Chennai,500,7500,1830500
2503,2023-08-22,"Tote Bag with Coffee Design",Surat,500,8500,1830500
2511,2023-08-22,"Tote Bag with Coffee Design",Delhi,500,5500,1830500
2502,2023-08-22,"Tote Bag with Coffee Design",Delhi,500,2500,1830500
2507,2023-08-22,"Tote Bag with Coffee Design",Mumbai,500,9000,1830500
2510,2023-08-22,"Tote Bag with Coffee Design",Bangalore,500,2500,1830500
2523,2023-08-23,"Tote Bag with Coffee Design",Bangalore,500,6000,1890500
2520,2023-08-23,"Tote Bag with Coffee Design",Delhi,500,9000,1890500
2522,2023-08-23,"Tote Bag with Coffee Design",Kanpur,500,5000,1890500
2518,2023-08-23,"Tote Bag with Coffee Design",Hyderabad,500,3500,1890500
2515,2023-08-23,"Tote Bag with Coffee Design",Jaipur,500,8000,1890500
2521,2023-08-23,"Tote Bag with Coffee Design",Kolkata,500,3000,1890500
2517,2023-08-23,"Tote Bag with Coffee Design",Lucknow,500,7000,1890500
2519,2023-08-23,"Tote Bag with Coffee Design",Jaipur,500,6000,1890500
2516,2023-08-23,"Tote Bag with Coffee Design",Chennai,500,2500,1890500
2513,2023-08-23,"Tote Bag with Coffee Design",Pune,500,7500,1890500
2514,2023-08-23,"Tote Bag with Coffee Design",Delhi,500,2500,1890500
2526,2023-08-24,"Tote Bag with Coffee Design",Surat,500,4000,1920500
2524,2023-08-24,"Tote Bag with Coffee Design",Lucknow,500,10000,1920500
2525,2023-08-24,"Tote Bag with Coffee Design",Chennai,500,7000,1920500
2527,2023-08-24,"Tote Bag with Coffee Design",Chennai,500,6500,1920500
2528,2023-08-24,"Tote Bag with Coffee Design",Jaipur,500,2500,1920500
2535,2023-08-25,"Tote Bag with Coffee Design",Pune,500,10000,1987000
2531,2023-08-25,"Tote Bag with Coffee Design",Delhi,500,3500,1987000
2532,2023-08-25,"Tote Bag with Coffee Design",Jaipur,500,2500,1987000
2537,2023-08-25,"Tote Bag with Coffee Design",Jaipur,500,6000,1987000
2538,2023-08-25,"Tote Bag with Coffee Design",Chennai,500,6500,1987000
2529,2023-08-25,"Tote Bag with Coffee Design",Chennai,500,6500,1987000
2530,2023-08-25,"Tote Bag with Coffee Design",Chennai,500,6500,1987000
2539,2023-08-25,"Tote Bag with Coffee Design",Chennai,500,2500,1987000
2536,2023-08-25,"Tote Bag with Coffee Design",Pune,500,3000,1987000
2533,2023-08-25,"Tote Bag with Coffee Design",Chennai,500,4000,1987000
2534,2023-08-25,"Tote Bag with Coffee Design",Pune,500,4500,1987000
2541,2023-08-25,"Tote Bag with Coffee Design",Mumbai,500,2500,1987000
2540,2023-08-25,"Tote Bag with Coffee Design",Delhi,500,8500,1987000
2551,2023-08-26,"Tote Bag with Coffee Design",Jaipur,500,9000,2072500
2546,2023-08-26,"Tote Bag with Coffee Design",Kolkata,500,2500,2072500
2552,2023-08-26,"Tote Bag with Coffee Design",Kolkata,500,6500,2072500
2547,2023-08-26,"Tote Bag with Coffee Design",Pune,500,8000,2072500
2549,2023-08-26,"Tote Bag with Coffee Design",Bangalore,500,7500,2072500
2545,2023-08-26,"Tote Bag with Coffee Design",Bangalore,500,9000,2072500
2544,2023-08-26,"Tote Bag with Coffee Design",Bangalore,500,6500,2072500
2543,2023-08-26,"Tote Bag with Coffee Design",Chennai,500,4000,2072500
2553,2023-08-26,"Tote Bag with Coffee Design",Chennai,500,10000,2072500
2554,2023-08-26,"Tote Bag with Coffee Design",Chennai,500,2500,2072500
2542,2023-08-26,"Tote Bag with Coffee Design",Chennai,500,6000,2072500
2548,2023-08-26,"Tote Bag with Coffee Design",Chennai,500,5500,2072500
2550,2023-08-26,"Tote Bag with Coffee Design",Chennai,500,8500,2072500
2560,2023-08-27,"Tote Bag with Coffee Design",Chennai,500,8500,2141000
2564,2023-08-27,"Tote Bag with Coffee Design",Delhi,500,5000,2141000
2557,2023-08-27,"Tote Bag with Coffee Design",Kolkata,500,3500,2141000
2559,2023-08-27,"Tote Bag with Coffee Design",Bangalore,500,3500,2141000
2556,2023-08-27,"Tote Bag with Coffee Design",Bangalore,500,5500,2141000
2562,2023-08-27,"Tote Bag with Coffee Design",Bangalore,500,9000,2141000
2561,2023-08-27,"Tote Bag with Coffee Design",Bangalore,500,8500,2141000
2555,2023-08-27,"Tote Bag with Coffee Design",Pune,500,8000,2141000
2558,2023-08-27,"Tote Bag with Coffee Design",Pune,500,9500,2141000
2563,2023-08-27,"Tote Bag with Coffee Design",Pune,500,7500,2141000
2577,2023-08-28,"Tote Bag with Coffee Design",Hyderabad,500,9000,2242000
2580,2023-08-28,"Tote Bag with Coffee Design",Chennai,500,4000,2242000
2565,2023-08-28,"Tote Bag with Coffee Design",Chennai,500,7000,2242000
2581,2023-08-28,"Tote Bag with Coffee Design",Pune,500,2500,2242000
2572,2023-08-28,"Tote Bag with Coffee Design",Delhi,500,2500,2242000
2570,2023-08-28,"Tote Bag with Coffee Design",Pune,500,6000,2242000
2574,2023-08-28,"Tote Bag with Coffee Design",Mumbai,500,8500,2242000
2568,2023-08-28,"Tote Bag with Coffee Design",Surat,500,10000,2242000
2578,2023-08-28,"Tote Bag with Coffee Design",Pune,500,5000,2242000
2566,2023-08-28,"Tote Bag with Coffee Design",Pune,500,3500,2242000
2579,2023-08-28,"Tote Bag with Coffee Design",Delhi,500,8500,2242000
2575,2023-08-28,"Tote Bag with Coffee Design",Ahmedabad,500,10000,2242000
2576,2023-08-28,"Tote Bag with Coffee Design",Bangalore,500,6500,2242000
2573,2023-08-28,"Tote Bag with Coffee Design",Bangalore,500,3000,2242000
2569,2023-08-28,"Tote Bag with Coffee Design",Bangalore,500,5000,2242000
2567,2023-08-28,"Tote Bag with Coffee Design",Bangalore,500,7500,2242000
2571,2023-08-28,"Tote Bag with Coffee Design",Bangalore,500,2500,2242000
2585,2023-08-29,"Tote Bag with Coffee Design",Bangalore,500,9500,2277500
2583,2023-08-29,"Tote Bag with Coffee Design",Bangalore,500,8500,2277500
2584,2023-08-29,"Tote Bag with Coffee Design",Jaipur,500,7500,2277500
2586,2023-08-29,"Tote Bag with Coffee Design",Pune,500,7500,2277500
2582,2023-08-29,"Tote Bag with Coffee Design",Pune,500,2500,2277500
2588,2023-08-30,"Tote Bag with Coffee Design",Ahmedabad,500,5000,2317000
2592,2023-08-30,"Tote Bag with Coffee Design",Chennai,500,6500,2317000
2594,2023-08-30,"Tote Bag with Coffee Design",Pune,500,6500,2317000
2590,2023-08-30,"Tote Bag with Coffee Design",Indore,500,3500,2317000
2587,2023-08-30,"Tote Bag with Coffee Design",Jaipur,500,4500,2317000
2589,2023-08-30,"Tote Bag with Coffee Design",Pune,500,4500,2317000
2593,2023-08-30,"Tote Bag with Coffee Design",Jaipur,500,4500,2317000
2591,2023-08-30,"Tote Bag with Coffee Design",Bangalore,500,4500,2317000
2606,2023-08-31,"Tote Bag with Coffee Design",Bangalore,500,5000,2403500
2601,2023-08-31,"Tote Bag with Coffee Design",Bangalore,500,3000,2403500
2598,2023-08-31,"Tote Bag with Coffee Design",Chennai,500,4500,2403500
2607,2023-08-31,"Tote Bag with Coffee Design",Chennai,500,8500,2403500
2600,2023-08-31,"Tote Bag with Coffee Design",Jaipur,500,3500,2403500
2602,2023-08-31,"Tote Bag with Coffee Design",Kanpur,500,6000,2403500
2605,2023-08-31,"Tote Bag with Coffee Design",Kolkata,500,9000,2403500
2597,2023-08-31,"Tote Bag with Coffee Design",Jaipur,500,10000,2403500
2596,2023-08-31,"Tote Bag with Coffee Design",Surat,500,5000,2403500
2599,2023-08-31,"Tote Bag with Coffee Design",Delhi,500,7500,2403500
2604,2023-08-31,"Tote Bag with Coffee Design",Jaipur,500,6500,2403500
2595,2023-08-31,"Tote Bag with Coffee Design",Pune,500,8000,2403500
2603,2023-08-31,"Tote Bag with Coffee Design",Delhi,500,10000,2403500
2636,2023-09-01,"Tote Bag with Coffee Design",Pune,500,9000,2593500
2618,2023-09-01,"Tote Bag with Coffee Design",Pune,500,4500,2593500
2621,2023-09-01,"Tote Bag with Coffee Design",Pune,500,4500,2593500
2632,2023-09-01,"Tote Bag with Coffee Design",Mumbai,500,5000,2593500
2614,2023-09-01,"Tote Bag with Coffee Design",Pune,500,5000,2593500
2613,2023-09-01,"Tote Bag with Coffee Design",Bangalore,500,9500,2593500
2609,2023-09-01,"Tote Bag with Coffee Design",Bangalore,500,2500,2593500
2619,2023-09-01,"Tote Bag with Coffee Design",Bangalore,500,10000,2593500
2617,2023-09-01,"Tote Bag with Coffee Design",Bangalore,500,5000,2593500
2635,2023-09-01,"Tote Bag with Coffee Design",Chennai,500,7500,2593500
2630,2023-09-01,"Tote Bag with Coffee Design",Chennai,500,9000,2593500
2615,2023-09-01,"Tote Bag with Coffee Design",Chennai,500,5500,2593500
2616,2023-09-01,"Tote Bag with Coffee Design",Chennai,500,3500,2593500
2620,2023-09-01,"Tote Bag with Coffee Design",Chennai,500,4500,2593500
2634,2023-09-01,"Tote Bag with Coffee Design",Chennai,500,6000,2593500
2625,2023-09-01,"Tote Bag with Coffee Design",Chennai,500,7000,2593500
2633,2023-09-01,"Tote Bag with Coffee Design",Chennai,500,10000,2593500
2624,2023-09-01,"Tote Bag with Coffee Design",Jaipur,500,8500,2593500
2638,2023-09-01,"Tote Bag with Coffee Design",Delhi,500,3500,2593500
2637,2023-09-01,"Tote Bag with Coffee Design",Delhi,500,3500,2593500
2608,2023-09-01,"Tote Bag with Coffee Design",Delhi,500,5000,2593500
2627,2023-09-01,"Tote Bag with Coffee Design",Indore,500,3000,2593500
2622,2023-09-01,"Tote Bag with Coffee Design",Delhi,500,6500,2593500
2629,2023-09-01,"Tote Bag with Coffee Design",Pune,500,6500,2593500
2631,2023-09-01,"Tote Bag with Coffee Design",Delhi,500,9500,2593500
2628,2023-09-01,"Tote Bag with Coffee Design",Jaipur,500,4500,2593500
2626,2023-09-01,"Tote Bag with Coffee Design",Pune,500,5000,2593500
2611,2023-09-01,"Tote Bag with Coffee Design",Jaipur,500,9500,2593500
2623,2023-09-01,"Tote Bag with Coffee Design",Delhi,500,4000,2593500
2610,2023-09-01,"Tote Bag with Coffee Design",Pune,500,4500,2593500
2612,2023-09-01,"Tote Bag with Coffee Design",Ahmedabad,500,8500,2593500
2645,2023-09-02,"Tote Bag with Coffee Design",Jaipur,500,8000,2781000
2665,2023-09-02,"Tote Bag with Coffee Design",Pune,500,10000,2781000
2641,2023-09-02,"Tote Bag with Coffee Design",Surat,500,9500,2781000
2662,2023-09-02,"Tote Bag with Coffee Design",Pune,500,6000,2781000
2644,2023-09-02,"Tote Bag with Coffee Design",Bangalore,500,3500,2781000
2658,2023-09-02,"Tote Bag with Coffee Design",Bangalore,500,4000,2781000
2643,2023-09-02,"Tote Bag with Coffee Design",Bangalore,500,9500,2781000
2649,2023-09-02,"Tote Bag with Coffee Design",Bangalore,500,3500,2781000
2648,2023-09-02,"Tote Bag with Coffee Design",Bangalore,500,2500,2781000
2663,2023-09-02,"Tote Bag with Coffee Design",Bangalore,500,10000,2781000
2660,2023-09-02,"Tote Bag with Coffee Design",Bangalore,500,8500,2781000
2661,2023-09-02,"Tote Bag with Coffee Design",Delhi,500,2500,2781000
2647,2023-09-02,"Tote Bag with Coffee Design",Pune,500,4000,2781000
2659,2023-09-02,"Tote Bag with Coffee Design",Jaipur,500,8000,2781000
2656,2023-09-02,"Tote Bag with Coffee Design",Delhi,500,5000,2781000
2639,2023-09-02,"Tote Bag with Coffee Design",Jaipur,500,6500,2781000
2657,2023-09-02,"Tote Bag with Coffee Design",Delhi,500,8500,2781000
2655,2023-09-02,"Tote Bag with Coffee Design",Kolkata,500,8000,2781000
2664,2023-09-02,"Tote Bag with Coffee Design",Ahmedabad,500,5500,2781000
2650,2023-09-02,"Tote Bag with Coffee Design",Jaipur,500,4000,2781000
2666,2023-09-02,"Tote Bag with Coffee Design",Chennai,500,9000,2781000
2654,2023-09-02,"Tote Bag with Coffee Design",Chennai,500,5000,2781000
2640,2023-09-02,"Tote Bag with Coffee Design",Chennai,500,10000,2781000
2653,2023-09-02,"Tote Bag with Coffee Design",Chennai,500,8000,2781000
2652,2023-09-02,"Tote Bag with Coffee Design",Chennai,500,8500,2781000
2642,2023-09-02,"Tote Bag with Coffee Design",Pune,500,9000,2781000
2646,2023-09-02,"Tote Bag with Coffee Design",Delhi,500,5000,2781000
2651,2023-09-02,"Tote Bag with Coffee Design",Mumbai,500,6000,2781000
2683,2023-09-03,"Tote Bag with Coffee Design",Jaipur,500,5000,2957500
2695,2023-09-03,"Tote Bag with Coffee Design",Pune,500,9000,2957500
2684,2023-09-03,"Tote Bag with Coffee Design",Delhi,500,3000,2957500
2669,2023-09-03,"Tote Bag with Coffee Design",Delhi,500,5500,2957500
2670,2023-09-03,"Tote Bag with Coffee Design",Bangalore,500,8000,2957500
2685,2023-09-03,"Tote Bag with Coffee Design",Bangalore,500,4000,2957500
2680,2023-09-03,"Tote Bag with Coffee Design",Delhi,500,8500,2957500
2696,2023-09-03,"Tote Bag with Coffee Design",Pune,500,7000,2957500
2687,2023-09-03,"Tote Bag with Coffee Design",Nagpur,500,4500,2957500
2686,2023-09-03,"Tote Bag with Coffee Design",Pune,500,10000,2957500
2689,2023-09-03,"Tote Bag with Coffee Design",Pune,500,7500,2957500
2681,2023-09-03,"Tote Bag with Coffee Design",Kanpur,500,3000,2957500
2694,2023-09-03,"Tote Bag with Coffee Design",Ahmedabad,500,6500,2957500
2668,2023-09-03,"Tote Bag with Coffee Design",Ahmedabad,500,8500,2957500
2678,2023-09-03,"Tote Bag with Coffee Design",Chennai,500,4500,2957500
2675,2023-09-03,"Tote Bag with Coffee Design",Chennai,500,3500,2957500
2693,2023-09-03,"Tote Bag with Coffee Design",Chennai,500,4000,2957500
2677,2023-09-03,"Tote Bag with Coffee Design",Chennai,500,8000,2957500
2688,2023-09-03,"Tote Bag with Coffee Design",Pune,500,4500,2957500
2672,2023-09-03,"Tote Bag with Coffee Design",Lucknow,500,3000,2957500
2679,2023-09-03,"Tote Bag with Coffee Design",Delhi,500,7000,2957500
2690,2023-09-03,"Tote Bag with Coffee Design",Jaipur,500,7500,2957500
2674,2023-09-03,"Tote Bag with Coffee Design",Delhi,500,8000,2957500
2676,2023-09-03,"Tote Bag with Coffee Design",Jaipur,500,4000,2957500
2671,2023-09-03,"Tote Bag with Coffee Design",Mumbai,500,5500,2957500
2692,2023-09-03,"Tote Bag with Coffee Design",Jaipur,500,5000,2957500
2673,2023-09-03,"Tote Bag with Coffee Design",Pune,500,4000,2957500
2667,2023-09-03,"Tote Bag with Coffee Design",Nagpur,500,6500,2957500
2682,2023-09-03,"Tote Bag with Coffee Design",Delhi,500,6000,2957500
2691,2023-09-03,"Tote Bag with Coffee Design",Pune,500,5500,2957500
2714,2023-09-04,"Tote Bag with Coffee Design",Pune,500,6000,3135500
2722,2023-09-04,"Tote Bag with Coffee Design",Jaipur,500,5000,3135500
2704,2023-09-04,"Tote Bag with Coffee Design",Kolkata,500,6000,3135500
2715,2023-09-04,"Tote Bag with Coffee Design",Delhi,500,4500,3135500
2700,2023-09-04,"Tote Bag with Coffee Design",Jaipur,500,7000,3135500
2712,2023-09-04,"Tote Bag with Coffee Design",Kanpur,500,10000,3135500
2706,2023-09-04,"Tote Bag with Coffee Design",Pune,500,9500,3135500
2703,2023-09-04,"Tote Bag with Coffee Design",Lucknow,500,9000,3135500
2717,2023-09-04,"Tote Bag with Coffee Design",Bangalore,500,10000,3135500
2721,2023-09-04,"Tote Bag with Coffee Design",Bangalore,500,7500,3135500
2719,2023-09-04,"Tote Bag with Coffee Design",Bangalore,500,8500,3135500
2707,2023-09-04,"Tote Bag with Coffee Design",Chennai,500,8500,3135500
2699,2023-09-04,"Tote Bag with Coffee Design",Bangalore,500,3500,3135500
2716,2023-09-04,"Tote Bag with Coffee Design",Bangalore,500,5000,3135500
2710,2023-09-04,"Tote Bag with Coffee Design",Bangalore,500,5500,3135500
2709,2023-09-04,"Tote Bag with Coffee Design",Pune,500,6000,3135500
2711,2023-09-04,"Tote Bag with Coffee Design",Pune,500,5000,3135500
2713,2023-09-04,"Tote Bag with Coffee Design",Pune,500,7500,3135500
2697,2023-09-04,"Tote Bag with Coffee Design",Kolkata,500,10000,3135500
2708,2023-09-04,"Tote Bag with Coffee Design",Chennai,500,8500,3135500
2701,2023-09-04,"Tote Bag with Coffee Design",Pune,500,2500,3135500
2718,2023-09-04,"Tote Bag with Coffee Design",Chennai,500,6000,3135500
2702,2023-09-04,"Tote Bag with Coffee Design",Chennai,500,8500,3135500
2720,2023-09-04,"Tote Bag with Coffee Design",Chennai,500,3000,3135500
2705,2023-09-04,"Tote Bag with Coffee Design",Chennai,500,6500,3135500
2698,2023-09-04,"Tote Bag with Coffee Design",Chennai,500,9000,3135500
2744,2023-09-05,"Tote Bag with Coffee Design",Chennai,500,8000,3316500
2736,2023-09-05,"Tote Bag with Coffee Design",Delhi,500,3000,3316500
2749,2023-09-05,"Tote Bag with Coffee Design",Jaipur,500,6500,3316500
2747,2023-09-05,"Tote Bag with Coffee Design",Pune,500,9000,3316500
2731,2023-09-05,"Tote Bag with Coffee Design",Jaipur,500,6000,3316500
2725,2023-09-05,"Tote Bag with Coffee Design",Pune,500,9500,3316500
2751,2023-09-05,"Tote Bag with Coffee Design",Kanpur,500,3000,3316500
2741,2023-09-05,"Tote Bag with Coffee Design",Kolkata,500,5000,3316500
2748,2023-09-05,"Tote Bag with Coffee Design",Surat,500,5500,3316500
2730,2023-09-05,"Tote Bag with Coffee Design",Delhi,500,10000,3316500
2752,2023-09-05,"Tote Bag with Coffee Design",Delhi,500,3500,3316500
2737,2023-09-05,"Tote Bag with Coffee Design",Jaipur,500,10000,3316500
2729,2023-09-05,"Tote Bag with Coffee Design",Delhi,500,2500,3316500
2750,2023-09-05,"Tote Bag with Coffee Design",Mumbai,500,4500,3316500
2745,2023-09-05,"Tote Bag with Coffee Design",Pune,500,4000,3316500
2734,2023-09-05,"Tote Bag with Coffee Design",Pune,500,7000,3316500
2728,2023-09-05,"Tote Bag with Coffee Design",Pune,500,6500,3316500
2733,2023-09-05,"Tote Bag with Coffee Design",Ahmedabad,500,6000,3316500
2740,2023-09-05,"Tote Bag with Coffee Design",Bangalore,500,8000,3316500
2742,2023-09-05,"Tote Bag with Coffee Design",Bangalore,500,4000,3316500
2739,2023-09-05,"Tote Bag with Coffee Design",Bangalore,500,4000,3316500
2726,2023-09-05,"Tote Bag with Coffee Design",Bangalore,500,5000,3316500
2746,2023-09-05,"Tote Bag with Coffee Design",Bangalore,500,4000,3316500
2743,2023-09-05,"Tote Bag with Coffee Design",Delhi,500,10000,3316500
2738,2023-09-05,"Tote Bag with Coffee Design",Delhi,500,4000,3316500
2735,2023-09-05,"Tote Bag with Coffee Design",Pune,500,5000,3316500
2732,2023-09-05,"Tote Bag with Coffee Design",Pune,500,6500,3316500
2727,2023-09-05,"Tote Bag with Coffee Design",Delhi,500,8000,3316500
2723,2023-09-05,"Tote Bag with Coffee Design",Hyderabad,500,5500,3316500
2724,2023-09-05,"Tote Bag with Coffee Design",Surat,500,7500,3316500
2783,2023-09-06,"Tote Bag with Coffee Design",Lucknow,500,4500,3533000
2771,2023-09-06,"Tote Bag with Coffee Design",Delhi,500,8500,3533000
2776,2023-09-06,"Tote Bag with Coffee Design",Delhi,500,5000,3533000
2779,2023-09-06,"Tote Bag with Coffee Design",Jaipur,500,6000,3533000
2774,2023-09-06,"Tote Bag with Coffee Design",Nagpur,500,8500,3533000
2785,2023-09-06,"Tote Bag with Coffee Design",Kolkata,500,5500,3533000
2755,2023-09-06,"Tote Bag with Coffee Design",Pune,500,8000,3533000
2764,2023-09-06,"Tote Bag with Coffee Design",Pune,500,2500,3533000
2761,2023-09-06,"Tote Bag with Coffee Design",Nagpur,500,6500,3533000
2758,2023-09-06,"Tote Bag with Coffee Design",Delhi,500,6500,3533000
2782,2023-09-06,"Tote Bag with Coffee Design",Mumbai,500,4000,3533000
2753,2023-09-06,"Tote Bag with Coffee Design",Delhi,500,6500,3533000
2777,2023-09-06,"Tote Bag with Coffee Design",Chennai,500,5000,3533000
2778,2023-09-06,"Tote Bag with Coffee Design",Chennai,500,10000,3533000
2767,2023-09-06,"Tote Bag with Coffee Design",Chennai,500,9500,3533000
2757,2023-09-06,"Tote Bag with Coffee Design",Chennai,500,5500,3533000
2780,2023-09-06,"Tote Bag with Coffee Design",Chennai,500,5000,3533000
2786,2023-09-06,"Tote Bag with Coffee Design",Lucknow,500,4000,3533000
2769,2023-09-06,"Tote Bag with Coffee Design",Pune,500,7500,3533000
2763,2023-09-06,"Tote Bag with Coffee Design",Pune,500,5000,3533000
2770,2023-09-06,"Tote Bag with Coffee Design",Pune,500,2500,3533000
2784,2023-09-06,"Tote Bag with Coffee Design",Jaipur,500,10000,3533000
2754,2023-09-06,"Tote Bag with Coffee Design",Pune,500,10000,3533000
2756,2023-09-06,"Tote Bag with Coffee Design",Pune,500,6000,3533000
2775,2023-09-06,"Tote Bag with Coffee Design",Bangalore,500,6500,3533000
2765,2023-09-06,"Tote Bag with Coffee Design",Bangalore,500,9000,3533000
2762,2023-09-06,"Tote Bag with Coffee Design",Bangalore,500,5500,3533000
2772,2023-09-06,"Tote Bag with Coffee Design",Bangalore,500,7000,3533000
2768,2023-09-06,"Tote Bag with Coffee Design",Kolkata,500,3500,3533000
2759,2023-09-06,"Tote Bag with Coffee Design",Pune,500,7000,3533000
2773,2023-09-06,"Tote Bag with Coffee Design",Nagpur,500,5000,3533000
2760,2023-09-06,"Tote Bag with Coffee Design",Pune,500,5500,3533000
2781,2023-09-06,"Tote Bag with Coffee Design",Kanpur,500,7000,3533000
2766,2023-09-06,"Tote Bag with Coffee Design",Pune,500,8500,3533000
2811,2023-09-07,"Tote Bag with Coffee Design",Pune,500,9000,3680000
2808,2023-09-07,"Tote Bag with Coffee Design",Jaipur,500,8000,3680000
2807,2023-09-07,"Tote Bag with Coffee Design",Pune,500,4000,3680000
2803,2023-09-07,"Tote Bag with Coffee Design",Chennai,500,8000,3680000
2819,2023-09-07,"Tote Bag with Coffee Design",Chennai,500,7000,3680000
2810,2023-09-07,"Tote Bag with Coffee Design",Chennai,500,7000,3680000
2806,2023-09-07,"Tote Bag with Coffee Design",Delhi,500,6500,3680000
2813,2023-09-07,"Tote Bag with Coffee Design",Pune,500,8500,3680000
2818,2023-09-07,"Tote Bag with Coffee Design",Hyderabad,500,6500,3680000
2801,2023-09-07,"Tote Bag with Coffee Design",Ahmedabad,500,5000,3680000
2815,2023-09-07,"Tote Bag with Coffee Design",Surat,500,6000,3680000
2816,2023-09-07,"Tote Bag with Coffee Design",Delhi,500,8000,3680000
2802,2023-09-07,"Tote Bag with Coffee Design",Delhi,500,4500,3680000
2814,2023-09-07,"Tote Bag with Coffee Design",Pune,500,8000,3680000
2812,2023-09-07,"Tote Bag with Coffee Design",Jaipur,500,6000,3680000
2800,2023-09-07,"Tote Bag with Coffee Design",Jaipur,500,9500,3680000
2809,2023-09-07,"Tote Bag with Coffee Design",Delhi,500,7500,3680000
2799,2023-09-07,"Tote Bag with Coffee Design",Indore,500,5500,3680000
2805,2023-09-07,"Tote Bag with Coffee Design",Bangalore,500,7000,3680000
2817,2023-09-07,"Tote Bag with Coffee Design",Bangalore,500,8500,3680000
2804,2023-09-07,"Tote Bag with Coffee Design",Bangalore,500,7000,3680000
2847,2023-09-08,"Tote Bag with Coffee Design",Bangalore,500,4000,3717000
2845,2023-09-08,"Tote Bag with Coffee Design",Delhi,500,5000,3717000
2842,2023-09-08,"Tote Bag with Coffee Design",Delhi,500,3000,3717000
2846,2023-09-08,"Tote Bag with Coffee Design",Pune,500,5500,3717000
2843,2023-09-08,"Tote Bag with Coffee Design",Pune,500,8500,3717000
2848,2023-09-08,"Tote Bag with Coffee Design",Nagpur,500,5000,3717000
2844,2023-09-08,"Tote Bag with Coffee Design",Kolkata,500,6000,3717000
2881,2023-09-09,"Tote Bag with Coffee Design",Jaipur,500,7000,3779000
2887,2023-09-09,"Tote Bag with Coffee Design",Jaipur,500,4500,3779000
2884,2023-09-09,"Tote Bag with Coffee Design",Delhi,500,5500,3779000
2882,2023-09-09,"Tote Bag with Coffee Design",Pune,500,7000,3779000
2889,2023-09-09,"Tote Bag with Coffee Design",Jaipur,500,2500,3779000
2883,2023-09-09,"Tote Bag with Coffee Design",Jaipur,500,4500,3779000
2885,2023-09-09,"Tote Bag with Coffee Design",Chennai,500,10000,3779000
2880,2023-09-09,"Tote Bag with Coffee Design",Bangalore,500,5000,3779000
2886,2023-09-09,"Tote Bag with Coffee Design",Chennai,500,5000,3779000
2888,2023-09-09,"Tote Bag with Coffee Design",Ahmedabad,500,4500,3779000
2890,2023-09-09,"Tote Bag with Coffee Design",Delhi,500,6500,3779000
2928,2023-09-10,"Tote Bag with Coffee Design",Pune,500,5000,3830000
2926,2023-09-10,"Tote Bag with Coffee Design",Jaipur,500,2500,3830000
2924,2023-09-10,"Tote Bag with Coffee Design",Indore,500,3000,3830000
2925,2023-09-10,"Tote Bag with Coffee Design",Delhi,500,6000,3830000
2923,2023-09-10,"Tote Bag with Coffee Design",Pune,500,4000,3830000
2930,2023-09-10,"Tote Bag with Coffee Design",Chennai,500,7000,3830000
2929,2023-09-10,"Tote Bag with Coffee Design",Pune,500,8000,3830000
2931,2023-09-10,"Tote Bag with Coffee Design",Bangalore,500,6000,3830000
2932,2023-09-10,"Tote Bag with Coffee Design",Surat,500,3500,3830000
2927,2023-09-10,"Tote Bag with Coffee Design",Kolkata,500,6000,3830000
2952,2023-09-11,"Tote Bag with Coffee Design",Delhi,500,6000,3861500
2955,2023-09-11,"Tote Bag with Coffee Design",Mumbai,500,6500,3861500
2953,2023-09-11,"Tote Bag with Coffee Design",Pune,500,4000,3861500
2954,2023-09-11,"Tote Bag with Coffee Design",Jaipur,500,9000,3861500
2956,2023-09-11,"Tote Bag with Coffee Design",Pune,500,6000,3861500
2974,2023-09-12,"Tote Bag with Coffee Design",Mumbai,500,8500,3892000
2977,2023-09-12,"Tote Bag with Coffee Design",Mumbai,500,9500,3892000
2975,2023-09-12,"Tote Bag with Coffee Design",Surat,500,4000,3892000
2976,2023-09-12,"Tote Bag with Coffee Design",Chennai,500,6000,3892000
2978,2023-09-12,"Tote Bag with Coffee Design",Chennai,500,2500,3892000
2999,2023-09-13,"Tote Bag with Coffee Design",Chennai,500,9000,3922000
3000,2023-09-13,"Tote Bag with Coffee Design",Jaipur,500,7500,3922000
2997,2023-09-13,"Tote Bag with Coffee Design",Mumbai,500,5500,3922000
3001,2023-09-13,"Tote Bag with Coffee Design",Pune,500,3000,3922000
2998,2023-09-13,"Tote Bag with Coffee Design",Bangalore,500,5000,3922000
3025,2023-09-14,"Tote Bag with Coffee Design",Bangalore,500,7050,3985550
3024,2023-09-14,"Tote Bag with Coffee Design",Bangalore,500,2500,3985550
3026,2023-09-14,"Tote Bag with Coffee Design",Chennai,500,5000,3985550
3023,2023-09-14,"Tote Bag with Coffee Design",Delhi,500,8500,3985550
3029,2023-09-14,"Tote Bag with Coffee Design",Nagpur,500,9500,3985550
3028,2023-09-14,"Tote Bag with Coffee Design",Pune,500,6500,3985550
3022,2023-09-14,"Tote Bag with Coffee Design",Pune,500,8000,3985550
3027,2023-09-14,"Tote Bag with Coffee Design",Nagpur,500,8000,3985550
3030,2023-09-14,"Tote Bag with Coffee Design",Jaipur,500,8500,3985550
3059,2023-09-15,"Tote Bag with Coffee Design",Ahmedabad,500,9000,4064550
3057,2023-09-15,"Tote Bag with Coffee Design",Mumbai,500,6500,4064550
3058,2023-09-15,"Tote Bag with Coffee Design",Pune,500,9500,4064550
3055,2023-09-15,"Tote Bag with Coffee Design",Chennai,500,5500,4064550
3052,2023-09-15,"Tote Bag with Coffee Design",Bangalore,500,7000,4064550
3053,2023-09-15,"Tote Bag with Coffee Design",Bangalore,500,8500,4064550
3061,2023-09-15,"Tote Bag with Coffee Design",Chennai,500,7500,4064550
3062,2023-09-15,"Tote Bag with Coffee Design",Ahmedabad,500,3000,4064550
3056,2023-09-15,"Tote Bag with Coffee Design",Pune,500,10000,4064550
3054,2023-09-15,"Tote Bag with Coffee Design",Pune,500,4500,4064550
3060,2023-09-15,"Tote Bag with Coffee Design",Pune,500,8000,4064550
3086,2023-09-16,"Tote Bag with Coffee Design",Chennai,500,4500,4091550
3085,2023-09-16,"Tote Bag with Coffee Design",Jaipur,500,4000,4091550
3083,2023-09-16,"Tote Bag with Coffee Design",Pune,500,4000,4091550
3088,2023-09-16,"Tote Bag with Coffee Design",Bangalore,500,4500,4091550
3084,2023-09-16,"Tote Bag with Coffee Design",Ahmedabad,500,7000,4091550
3087,2023-09-16,"Tote Bag with Coffee Design",Delhi,500,3000,4091550
3111,2023-09-17,"Tote Bag with Coffee Design",Delhi,500,9000,4137050
3115,2023-09-17,"Tote Bag with Coffee Design",Pune,500,3000,4137050
3113,2023-09-17,"Tote Bag with Coffee Design",Delhi,500,6000,4137050
3114,2023-09-17,"Tote Bag with Coffee Design",Bangalore,500,4500,4137050
3112,2023-09-17,"Tote Bag with Coffee Design",Bangalore,500,6000,4137050
3116,2023-09-17,"Tote Bag with Coffee Design",Bangalore,500,5500,4137050
3110,2023-09-17,"Tote Bag with Coffee Design",Pune,500,4000,4137050
3109,2023-09-17,"Tote Bag with Coffee Design",Pune,500,7500,4137050
3149,2023-09-18,"Tote Bag with Coffee Design",Delhi,500,2500,4212550
3154,2023-09-18,"Tote Bag with Coffee Design",Chennai,500,6000,4212550
3150,2023-09-18,"Tote Bag with Coffee Design",Pune,500,7500,4212550
3152,2023-09-18,"Tote Bag with Coffee Design",Kanpur,500,10000,4212550
3158,2023-09-18,"Tote Bag with Coffee Design",Pune,500,6000,4212550
3157,2023-09-18,"Tote Bag with Coffee Design",Pune,500,9500,4212550
3153,2023-09-18,"Tote Bag with Coffee Design",Delhi,500,5500,4212550
3159,2023-09-18,"Tote Bag with Coffee Design",Pune,500,2500,4212550
3160,2023-09-18,"Tote Bag with Coffee Design",Lucknow,500,4000,4212550
3151,2023-09-18,"Tote Bag with Coffee Design",Bangalore,500,4500,4212550
3156,2023-09-18,"Tote Bag with Coffee Design",Bangalore,500,10000,4212550
3155,2023-09-18,"Tote Bag with Coffee Design",Bangalore,500,7500,4212550
3188,2023-09-19,"Tote Bag with Coffee Design",Bangalore,500,8000,4289550
3183,2023-09-19,"Tote Bag with Coffee Design",Bangalore,500,4000,4289550
3194,2023-09-19,"Tote Bag with Coffee Design",Bangalore,500,6500,4289550
3193,2023-09-19,"Tote Bag with Coffee Design",Mumbai,500,7500,4289550
3186,2023-09-19,"Tote Bag with Coffee Design",Hyderabad,500,9000,4289550
3189,2023-09-19,"Tote Bag with Coffee Design",Mumbai,500,2500,4289550
3185,2023-09-19,"Tote Bag with Coffee Design",Hyderabad,500,3000,4289550
3184,2023-09-19,"Tote Bag with Coffee Design",Delhi,500,8500,4289550
3191,2023-09-19,"Tote Bag with Coffee Design",Delhi,500,5500,4289550
3190,2023-09-19,"Tote Bag with Coffee Design",Chennai,500,7500,4289550
3187,2023-09-19,"Tote Bag with Coffee Design",Chennai,500,5500,4289550
3192,2023-09-19,"Tote Bag with Coffee Design",Chennai,500,9500,4289550
3220,2023-09-20,"Tote Bag with Coffee Design",Chennai,500,5000,4359050
3215,2023-09-20,"Tote Bag with Coffee Design",Delhi,500,9500,4359050
3224,2023-09-20,"Tote Bag with Coffee Design",Chennai,500,5500,4359050
3217,2023-09-20,"Tote Bag with Coffee Design",Bangalore,500,5500,4359050
3218,2023-09-20,"Tote Bag with Coffee Design",Pune,500,3000,4359050
3213,2023-09-20,"Tote Bag with Coffee Design",Kolkata,500,8000,4359050
3222,2023-09-20,"Tote Bag with Coffee Design",Delhi,500,6500,4359050
3216,2023-09-20,"Tote Bag with Coffee Design",Kanpur,500,3000,4359050
3219,2023-09-20,"Tote Bag with Coffee Design",Nagpur,500,4500,4359050
3223,2023-09-20,"Tote Bag with Coffee Design",Kanpur,500,7000,4359050
3221,2023-09-20,"Tote Bag with Coffee Design",Delhi,500,5500,4359050
3214,2023-09-20,"Tote Bag with Coffee Design",Jaipur,500,6500,4359050
3250,2023-09-21,"Tote Bag with Coffee Design",Pune,500,10000,4403550
3249,2023-09-21,"Tote Bag with Coffee Design",Pune,500,5000,4403550
3251,2023-09-21,"Tote Bag with Coffee Design",Delhi,500,6000,4403550
3252,2023-09-21,"Tote Bag with Coffee Design",Chennai,500,9000,4403550
3253,2023-09-21,"Tote Bag with Coffee Design",Jaipur,500,5500,4403550
3254,2023-09-21,"Tote Bag with Coffee Design",Jaipur,500,9000,4403550
3283,2023-09-22,"Tote Bag with Coffee Design",Jaipur,500,7000,4457550
3284,2023-09-22,"Tote Bag with Coffee Design",Jaipur,500,10000,4457550
3285,2023-09-22,"Tote Bag with Coffee Design",Pune,500,4500,4457550
3286,2023-09-22,"Tote Bag with Coffee Design",Nagpur,500,4500,4457550
3287,2023-09-22,"Tote Bag with Coffee Design",Chennai,500,8500,4457550
3290,2023-09-22,"Tote Bag with Coffee Design",Chennai,500,7500,4457550
3291,2023-09-22,"Tote Bag with Coffee Design",Chennai,500,4500,4457550
3288,2023-09-22,"Tote Bag with Coffee Design",Kolkata,500,3000,4457550
3289,2023-09-22,"Tote Bag with Coffee Design",Surat,500,4500,4457550
3319,2023-09-23,"Tote Bag with Coffee Design",Jaipur,500,3500,4502050
3322,2023-09-23,"Tote Bag with Coffee Design",Bangalore,500,8000,4502050
3323,2023-09-23,"Tote Bag with Coffee Design",Jaipur,500,3500,4502050
3320,2023-09-23,"Tote Bag with Coffee Design",Jaipur,500,7000,4502050
3318,2023-09-23,"Tote Bag with Coffee Design",Jaipur,500,7000,4502050
3324,2023-09-23,"Tote Bag with Coffee Design",Chennai,500,4500,4502050
3321,2023-09-23,"Tote Bag with Coffee Design",Pune,500,7500,4502050
3317,2023-09-23,"Tote Bag with Coffee Design",Chennai,500,3500,4502050
3348,2023-09-24,"Tote Bag with Coffee Design",Chennai,500,3000,4522050
3347,2023-09-24,"Tote Bag with Coffee Design",Lucknow,500,6000,4522050
3350,2023-09-24,"Tote Bag with Coffee Design",Delhi,500,4000,4522050
3349,2023-09-24,"Tote Bag with Coffee Design",Delhi,500,7000,4522050
3375,2023-09-25,"Tote Bag with Coffee Design",Chennai,500,3500,4566050
3377,2023-09-25,"Tote Bag with Coffee Design",Pune,500,8000,4566050
3381,2023-09-25,"Tote Bag with Coffee Design",Jaipur,500,8000,4566050
3378,2023-09-25,"Tote Bag with Coffee Design",Surat,500,6000,4566050
3376,2023-09-25,"Tote Bag with Coffee Design",Pune,500,6000,4566050
3379,2023-09-25,"Tote Bag with Coffee Design",Delhi,500,3000,4566050
3380,2023-09-25,"Tote Bag with Coffee Design",Jaipur,500,5500,4566050
3382,2023-09-25,"Tote Bag with Coffee Design",Jaipur,500,4000,4566050
3408,2023-09-26,"Tote Bag with Coffee Design",Chennai,500,4000,4594550
3405,2023-09-26,"Tote Bag with Coffee Design",Bangalore,500,10000,4594550
3407,2023-09-26,"Tote Bag with Coffee Design",Chennai,500,4000,4594550
3404,2023-09-26,"Tote Bag with Coffee Design",Indore,500,4000,4594550
3406,2023-09-26,"Tote Bag with Coffee Design",Delhi,500,6500,4594550
3432,2023-09-27,"Tote Bag with Coffee Design",Pune,500,9500,4640550
3430,2023-09-27,"Tote Bag with Coffee Design",Chennai,500,6000,4640550
3431,2023-09-27,"Tote Bag with Coffee Design",Mumbai,500,4500,4640550
3434,2023-09-27,"Tote Bag with Coffee Design",Kolkata,500,5000,4640550
3433,2023-09-27,"Tote Bag with Coffee Design",Delhi,500,4000,4640550
3435,2023-09-27,"Tote Bag with Coffee Design",Delhi,500,7000,4640550
3436,2023-09-27,"Tote Bag with Coffee Design",Jaipur,500,10000,4640550
3465,2023-09-28,"Tote Bag with Coffee Design",Lucknow,500,6000,4687050
3467,2023-09-28,"Tote Bag with Coffee Design",Jaipur,500,7000,4687050
3462,2023-09-28,"Tote Bag with Coffee Design",Bangalore,500,3500,4687050
3466,2023-09-28,"Tote Bag with Coffee Design",Bangalore,500,4000,4687050
3463,2023-09-28,"Tote Bag with Coffee Design",Delhi,500,5500,4687050
3468,2023-09-28,"Tote Bag with Coffee Design",Chennai,500,5500,4687050
3464,2023-09-28,"Tote Bag with Coffee Design",Chennai,500,7000,4687050
3461,2023-09-28,"Tote Bag with Coffee Design",Pune,500,5500,4687050
3469,2023-09-28,"Tote Bag with Coffee Design",Mumbai,500,2500,4687050
3498,2023-09-29,"Tote Bag with Coffee Design",Nagpur,500,4500,4720550
3503,2023-09-29,"Tote Bag with Coffee Design",Jaipur,500,3500,4720550
3499,2023-09-29,"Tote Bag with Coffee Design",Lucknow,500,3000,4720550
3500,2023-09-29,"Tote Bag with Coffee Design",Bangalore,500,4500,4720550
3502,2023-09-29,"Tote Bag with Coffee Design",Bangalore,500,2500,4720550
3501,2023-09-29,"Tote Bag with Coffee Design",Bangalore,500,7500,4720550
3504,2023-09-29,"Tote Bag with Coffee Design",Pune,500,8000,4720550
3526,2023-09-30,"Tote Bag with Coffee Design",Indore,500,3500,4753550
3525,2023-09-30,"Tote Bag with Coffee Design",Pune,500,4500,4753550
3529,2023-09-30,"Tote Bag with Coffee Design",Pune,500,4000,4753550
3527,2023-09-30,"Tote Bag with Coffee Design",Jaipur,500,6000,4753550
3530,2023-09-30,"Tote Bag with Coffee Design",Bangalore,500,8500,4753550
3528,2023-09-30,"Tote Bag with Coffee Design",Bangalore,500,6500,4753550
3571,2023-10-01,"Tote Bag with Coffee Design",Chennai,500,7000,4824550
3564,2023-10-01,"Tote Bag with Coffee Design",Delhi,500,8000,4824550
3567,2023-10-01,"Tote Bag with Coffee Design",Delhi,500,9500,4824550
3570,2023-10-01,"Tote Bag with Coffee Design",Lucknow,500,8000,4824550
3574,2023-10-01,"Tote Bag with Coffee Design",Delhi,500,5500,4824550
3573,2023-10-01,"Tote Bag with Coffee Design",Delhi,500,3000,4824550
3572,2023-10-01,"Tote Bag with Coffee Design",Chennai,500,2500,4824550
3569,2023-10-01,"Tote Bag with Coffee Design",Chennai,500,5500,4824550
3568,2023-10-01,"Tote Bag with Coffee Design",Chennai,500,5500,4824550
3565,2023-10-01,"Tote Bag with Coffee Design",Mumbai,500,4000,4824550
3575,2023-10-01,"Tote Bag with Coffee Design",Pune,500,3000,4824550
3566,2023-10-01,"Tote Bag with Coffee Design",Pune,500,9500,4824550
3608,2023-10-02,"Tote Bag with Coffee Design",Chennai,500,3500,4838050
3609,2023-10-02,"Tote Bag with Coffee Design",Chennai,500,10000,4838050
11,2023-01-02,"Vanilla Coffee Syrup (250ml)",Hyderabad,320,2240,2240
25,2023-01-03,"Vanilla Coffee Syrup (250ml)",Pune,320,3520,5760
44,2023-01-05,"Vanilla Coffee Syrup (250ml)",Bangalore,320,3840,9600
62,2023-01-07,"Vanilla Coffee Syrup (250ml)",Pune,320,3520,13120
101,2023-01-12,"Vanilla Coffee Syrup (250ml)",Delhi,320,3840,22720
100,2023-01-12,"Vanilla Coffee Syrup (250ml)",Pune,320,5760,22720
116,2023-01-14,"Vanilla Coffee Syrup (250ml)",Pune,320,4800,27520
140,2023-01-16,"Vanilla Coffee Syrup (250ml)",Delhi,320,5120,36800
141,2023-01-16,"Vanilla Coffee Syrup (250ml)",Chennai,320,4160,36800
163,2023-01-18,"Vanilla Coffee Syrup (250ml)",Delhi,320,1920,38720
175,2023-01-19,"Vanilla Coffee Syrup (250ml)",Chennai,320,3840,42560
227,2023-01-24,"Vanilla Coffee Syrup (250ml)",Kolkata,320,2240,44800
241,2023-01-25,"Vanilla Coffee Syrup (250ml)",Delhi,320,1600,46400
280,2023-01-29,"Vanilla Coffee Syrup (250ml)",Lucknow,320,2560,51520
281,2023-01-29,"Vanilla Coffee Syrup (250ml)",Bangalore,320,2560,51520
297,2023-01-30,"Vanilla Coffee Syrup (250ml)",Pune,320,5120,56640
385,2023-02-07,"Vanilla Coffee Syrup (250ml)",Chennai,320,1920,58560
405,2023-02-09,"Vanilla Coffee Syrup (250ml)",Chennai,320,6400,64960
429,2023-02-11,"Vanilla Coffee Syrup (250ml)",Pune,320,2240,67200
469,2023-02-15,"Vanilla Coffee Syrup (250ml)",Indore,320,4160,71360
491,2023-02-16,"Vanilla Coffee Syrup (250ml)",Pune,320,6080,77440
520,2023-02-20,"Vanilla Coffee Syrup (250ml)",Delhi,320,2560,80000
585,2023-02-25,"Vanilla Coffee Syrup (250ml)",Kanpur,320,6080,86080
599,2023-02-26,"Vanilla Coffee Syrup (250ml)",Pune,320,4800,92800
598,2023-02-26,"Vanilla Coffee Syrup (250ml)",Jaipur,320,1920,92800
679,2023-03-04,"Vanilla Coffee Syrup (250ml)",Jaipur,320,2240,97600
680,2023-03-04,"Vanilla Coffee Syrup (250ml)",Chennai,320,2560,97600
729,2023-03-08,"Vanilla Coffee Syrup (250ml)",Mumbai,320,3520,101120
768,2023-03-11,"Vanilla Coffee Syrup (250ml)",Chennai,320,5440,110080
767,2023-03-11,"Vanilla Coffee Syrup (250ml)",Chennai,320,3520,110080
781,2023-03-12,"Vanilla Coffee Syrup (250ml)",Chennai,320,4800,118400
782,2023-03-12,"Vanilla Coffee Syrup (250ml)",Bangalore,320,3520,118400
890,2023-03-23,"Vanilla Coffee Syrup (250ml)",Surat,320,3520,121920
909,2023-03-25,"Vanilla Coffee Syrup (250ml)",Pune,320,4800,126720
914,2023-03-26,"Vanilla Coffee Syrup (250ml)",Nagpur,320,3200,129920
924,2023-03-27,"Vanilla Coffee Syrup (250ml)",Chennai,320,2880,132800
997,2023-04-02,"Vanilla Coffee Syrup (250ml)",Jaipur,320,1600,137600
996,2023-04-02,"Vanilla Coffee Syrup (250ml)",Ahmedabad,320,3200,137600
1031,2023-04-05,"Vanilla Coffee Syrup (250ml)",Pune,320,1920,139520
1039,2023-04-06,"Vanilla Coffee Syrup (250ml)",Chennai,320,4480,154880
1041,2023-04-06,"Vanilla Coffee Syrup (250ml)",Indore,320,5440,154880
1040,2023-04-06,"Vanilla Coffee Syrup (250ml)",Jaipur,320,5440,154880
1138,2023-04-14,"Vanilla Coffee Syrup (250ml)",Jaipur,320,3840,160960
1137,2023-04-14,"Vanilla Coffee Syrup (250ml)",Jaipur,320,2240,160960
1161,2023-04-17,"Vanilla Coffee Syrup (250ml)",Delhi,320,5440,166400
1197,2023-04-21,"Vanilla Coffee Syrup (250ml)",Delhi,320,2240,168640
1209,2023-04-22,"Vanilla Coffee Syrup (250ml)",Bangalore,320,3840,172480
1225,2023-04-23,"Vanilla Coffee Syrup (250ml)",Delhi,320,5120,183680
1224,2023-04-23,"Vanilla Coffee Syrup (250ml)",Jaipur,320,6080,183680
1270,2023-04-27,"Vanilla Coffee Syrup (250ml)",Ahmedabad,320,1920,185600
1288,2023-04-28,"Vanilla Coffee Syrup (250ml)",Delhi,320,3840,189440
1319,2023-05-01,"Vanilla Coffee Syrup (250ml)",Kolkata,320,2240,196480
1318,2023-05-01,"Vanilla Coffee Syrup (250ml)",Delhi,320,4800,196480
1339,2023-05-02,"Vanilla Coffee Syrup (250ml)",Mumbai,320,5120,201600
1370,2023-05-05,"Vanilla Coffee Syrup (250ml)",Bangalore,320,3200,204800
1419,2023-05-09,"Vanilla Coffee Syrup (250ml)",Pune,320,6080,210880
1436,2023-05-10,"Vanilla Coffee Syrup (250ml)",Bangalore,320,5120,217600
1435,2023-05-10,"Vanilla Coffee Syrup (250ml)",Chennai,320,1600,217600
1451,2023-05-12,"Vanilla Coffee Syrup (250ml)",Surat,320,1600,219200
1487,2023-05-15,"Vanilla Coffee Syrup (250ml)",Pune,320,2240,224000
1486,2023-05-15,"Vanilla Coffee Syrup (250ml)",Pune,320,2560,224000
1532,2023-05-19,"Vanilla Coffee Syrup (250ml)",Delhi,320,6400,230400
1582,2023-05-24,"Vanilla Coffee Syrup (250ml)",Pune,320,6080,236480
1631,2023-05-29,"Vanilla Coffee Syrup (250ml)",Jaipur,320,3840,240320
1661,2023-06-01,"Vanilla Coffee Syrup (250ml)",Bangalore,320,5120,245440
1674,2023-06-02,"Vanilla Coffee Syrup (250ml)",Chennai,320,4480,249920
1753,2023-06-08,"Vanilla Coffee Syrup (250ml)",Chennai,320,5760,255680
1774,2023-06-10,"Vanilla Coffee Syrup (250ml)",Hyderabad,320,3840,259520
1789,2023-06-11,"Vanilla Coffee Syrup (250ml)",Surat,320,3840,265920
1788,2023-06-11,"Vanilla Coffee Syrup (250ml)",Delhi,320,2560,265920
1797,2023-06-12,"Vanilla Coffee Syrup (250ml)",Chennai,320,5120,271040
1801,2023-06-13,"Vanilla Coffee Syrup (250ml)",Mumbai,320,5760,276800
1861,2023-06-20,"Vanilla Coffee Syrup (250ml)",Nagpur,320,5120,281920
1888,2023-06-23,"Vanilla Coffee Syrup (250ml)",Pune,320,1920,283840
1915,2023-06-27,"Vanilla Coffee Syrup (250ml)",Jaipur,320,3520,293760
1914,2023-06-27,"Vanilla Coffee Syrup (250ml)",Delhi,320,6400,293760
1921,2023-06-28,"Vanilla Coffee Syrup (250ml)",Bangalore,320,1600,295360
1954,2023-07-01,"Vanilla Coffee Syrup (250ml)",Pune,320,4160,299520
1983,2023-07-03,"Vanilla Coffee Syrup (250ml)",Chennai,320,4160,303680
1991,2023-07-04,"Vanilla Coffee Syrup (250ml)",Bangalore,320,3520,307200
2000,2023-07-05,"Vanilla Coffee Syrup (250ml)",Kanpur,320,5120,312320
2085,2023-07-13,"Vanilla Coffee Syrup (250ml)",Chennai,320,4480,316800
2095,2023-07-14,"Vanilla Coffee Syrup (250ml)",Hyderabad,320,4480,321280
2114,2023-07-16,"Vanilla Coffee Syrup (250ml)",Lucknow,320,4160,325440
2126,2023-07-17,"Vanilla Coffee Syrup (250ml)",Pune,320,1600,327040
2139,2023-07-18,"Vanilla Coffee Syrup (250ml)",Pune,320,2560,329600
2160,2023-07-20,"Vanilla Coffee Syrup (250ml)",Jaipur,320,5440,335040
2188,2023-07-22,"Vanilla Coffee Syrup (250ml)",Delhi,320,3520,338560
2204,2023-07-23,"Vanilla Coffee Syrup (250ml)",Bangalore,320,1920,340480
2238,2023-07-26,"Vanilla Coffee Syrup (250ml)",Bangalore,320,4160,344640
2250,2023-07-27,"Vanilla Coffee Syrup (250ml)",Bangalore,320,3842,352322
2251,2023-07-27,"Vanilla Coffee Syrup (250ml)",Bangalore,320,3840,352322
2258,2023-07-28,"Vanilla Coffee Syrup (250ml)",Delhi,320,5120,360002
2257,2023-07-28,"Vanilla Coffee Syrup (250ml)",Surat,320,2560,360002
2269,2023-07-29,"Vanilla Coffee Syrup (250ml)",Bangalore,320,4800,364802
5849,2023-12-19,"Vanilla Coffee Syrup (250ml)",Bangalore,320,5760,440322
5845,2023-12-19,"Vanilla Coffee Syrup (250ml)",Chennai,320,4800,440322
5850,2023-12-19,"Vanilla Coffee Syrup (250ml)",Bangalore,320,2240,440322
5838,2023-12-19,"Vanilla Coffee Syrup (250ml)",Pune,320,5760,440322
5841,2023-12-19,"Vanilla Coffee Syrup (250ml)",Pune,320,5440,440322
5833,2023-12-19,"Vanilla Coffee Syrup (250ml)",Indore,320,2560,440322
5844,2023-12-19,"Vanilla Coffee Syrup (250ml)",Mumbai,320,6400,440322
5847,2023-12-19,"Vanilla Coffee Syrup (250ml)",Delhi,320,1920,440322
5843,2023-12-19,"Vanilla Coffee Syrup (250ml)",Delhi,320,2560,440322
5848,2023-12-19,"Vanilla Coffee Syrup (250ml)",Surat,320,5760,440322
5840,2023-12-19,"Vanilla Coffee Syrup (250ml)",Jaipur,320,4480,440322
5837,2023-12-19,"Vanilla Coffee Syrup (250ml)",Surat,320,1600,440322
5836,2023-12-19,"Vanilla Coffee Syrup (250ml)",Jaipur,320,3840,440322
5834,2023-12-19,"Vanilla Coffee Syrup (250ml)",Indore,320,6080,440322
5842,2023-12-19,"Vanilla Coffee Syrup (250ml)",Pune,320,5440,440322
5846,2023-12-19,"Vanilla Coffee Syrup (250ml)",Indore,320,3520,440322
5835,2023-12-19,"Vanilla Coffee Syrup (250ml)",Indore,320,4800,440322
5839,2023-12-19,"Vanilla Coffee Syrup (250ml)",Kolkata,320,2560,440322
5857,2023-12-20,"Vanilla Coffee Syrup (250ml)",Delhi,320,2240,563842
5874,2023-12-20,"Vanilla Coffee Syrup (250ml)",Jaipur,320,3840,563842
5865,2023-12-20,"Vanilla Coffee Syrup (250ml)",Jaipur,320,4160,563842
5852,2023-12-20,"Vanilla Coffee Syrup (250ml)",Pune,320,5440,563842
5856,2023-12-20,"Vanilla Coffee Syrup (250ml)",Pune,320,4800,563842
5854,2023-12-20,"Vanilla Coffee Syrup (250ml)",Pune,320,5120,563842
5880,2023-12-20,"Vanilla Coffee Syrup (250ml)",Jaipur,320,4800,563842
5861,2023-12-20,"Vanilla Coffee Syrup (250ml)",Pune,320,2240,563842
5860,2023-12-20,"Vanilla Coffee Syrup (250ml)",Jaipur,320,6080,563842
5853,2023-12-20,"Vanilla Coffee Syrup (250ml)",Jaipur,320,3520,563842
5864,2023-12-20,"Vanilla Coffee Syrup (250ml)",Chennai,320,1920,563842
5870,2023-12-20,"Vanilla Coffee Syrup (250ml)",Bangalore,320,3520,563842
5851,2023-12-20,"Vanilla Coffee Syrup (250ml)",Bangalore,320,3840,563842
5877,2023-12-20,"Vanilla Coffee Syrup (250ml)",Bangalore,320,5120,563842
5855,2023-12-20,"Vanilla Coffee Syrup (250ml)",Bangalore,320,4160,563842
5866,2023-12-20,"Vanilla Coffee Syrup (250ml)",Chennai,320,4800,563842
5873,2023-12-20,"Vanilla Coffee Syrup (250ml)",Chennai,320,3200,563842
5862,2023-12-20,"Vanilla Coffee Syrup (250ml)",Chennai,320,6080,563842
5863,2023-12-20,"Vanilla Coffee Syrup (250ml)",Delhi,320,1920,563842
5879,2023-12-20,"Vanilla Coffee Syrup (250ml)",Mumbai,320,6080,563842
5875,2023-12-20,"Vanilla Coffee Syrup (250ml)",Kanpur,320,1600,563842
5878,2023-12-20,"Vanilla Coffee Syrup (250ml)",Mumbai,320,4800,563842
5867,2023-12-20,"Vanilla Coffee Syrup (250ml)",Mumbai,320,3520,563842
5868,2023-12-20,"Vanilla Coffee Syrup (250ml)",Pune,320,4160,563842
5876,2023-12-20,"Vanilla Coffee Syrup (250ml)",Pune,320,5760,563842
5859,2023-12-20,"Vanilla Coffee Syrup (250ml)",Jaipur,320,6400,563842
5872,2023-12-20,"Vanilla Coffee Syrup (250ml)",Pune,320,5760,563842
5869,2023-12-20,"Vanilla Coffee Syrup (250ml)",Pune,320,3520,563842
5871,2023-12-20,"Vanilla Coffee Syrup (250ml)",Mumbai,320,1600,563842
5858,2023-12-20,"Vanilla Coffee Syrup (250ml)",Delhi,320,3520,563842
5894,2023-12-21,"Vanilla Coffee Syrup (250ml)",Delhi,320,6080,680642
5888,2023-12-21,"Vanilla Coffee Syrup (250ml)",Delhi,320,3520,680642
5906,2023-12-21,"Vanilla Coffee Syrup (250ml)",Delhi,320,1600,680642
5883,2023-12-21,"Vanilla Coffee Syrup (250ml)",Nagpur,320,1600,680642
5900,2023-12-21,"Vanilla Coffee Syrup (250ml)",Mumbai,320,5120,680642
5892,2023-12-21,"Vanilla Coffee Syrup (250ml)",Delhi,320,4480,680642
5881,2023-12-21,"Vanilla Coffee Syrup (250ml)",Bangalore,320,1920,680642
5909,2023-12-21,"Vanilla Coffee Syrup (250ml)",Bangalore,320,2240,680642
5890,2023-12-21,"Vanilla Coffee Syrup (250ml)",Bangalore,320,5440,680642
5898,2023-12-21,"Vanilla Coffee Syrup (250ml)",Delhi,320,5440,680642
5889,2023-12-21,"Vanilla Coffee Syrup (250ml)",Jaipur,320,4480,680642
5893,2023-12-21,"Vanilla Coffee Syrup (250ml)",Kanpur,320,6080,680642
5882,2023-12-21,"Vanilla Coffee Syrup (250ml)",Pune,320,2240,680642
5902,2023-12-21,"Vanilla Coffee Syrup (250ml)",Jaipur,320,5440,680642
5907,2023-12-21,"Vanilla Coffee Syrup (250ml)",Pune,320,4160,680642
5901,2023-12-21,"Vanilla Coffee Syrup (250ml)",Pune,320,4160,680642
5904,2023-12-21,"Vanilla Coffee Syrup (250ml)",Nagpur,320,1600,680642
5886,2023-12-21,"Vanilla Coffee Syrup (250ml)",Jaipur,320,6080,680642
5884,2023-12-21,"Vanilla Coffee Syrup (250ml)",Chennai,320,6080,680642
5891,2023-12-21,"Vanilla Coffee Syrup (250ml)",Chennai,320,6400,680642
5905,2023-12-21,"Vanilla Coffee Syrup (250ml)",Chennai,320,2240,680642
5899,2023-12-21,"Vanilla Coffee Syrup (250ml)",Chennai,320,3520,680642
5896,2023-12-21,"Vanilla Coffee Syrup (250ml)",Chennai,320,5120,680642
5897,2023-12-21,"Vanilla Coffee Syrup (250ml)",Kanpur,320,2880,680642
5903,2023-12-21,"Vanilla Coffee Syrup (250ml)",Pune,320,3840,680642
5895,2023-12-21,"Vanilla Coffee Syrup (250ml)",Jaipur,320,4800,680642
5908,2023-12-21,"Vanilla Coffee Syrup (250ml)",Jaipur,320,6400,680642
5885,2023-12-21,"Vanilla Coffee Syrup (250ml)",Hyderabad,320,1920,680642
5887,2023-12-21,"Vanilla Coffee Syrup (250ml)",Kolkata,320,1920,680642
5925,2023-12-22,"Vanilla Coffee Syrup (250ml)",Delhi,320,6400,817922
5926,2023-12-22,"Vanilla Coffee Syrup (250ml)",Nagpur,320,1920,817922
5912,2023-12-22,"Vanilla Coffee Syrup (250ml)",Kanpur,320,1600,817922
5935,2023-12-22,"Vanilla Coffee Syrup (250ml)",Delhi,320,2560,817922
5916,2023-12-22,"Vanilla Coffee Syrup (250ml)",Nagpur,320,3200,817922
5927,2023-12-22,"Vanilla Coffee Syrup (250ml)",Jaipur,320,3520,817922
5932,2023-12-22,"Vanilla Coffee Syrup (250ml)",Indore,320,4800,817922
5937,2023-12-22,"Vanilla Coffee Syrup (250ml)",Kanpur,320,4800,817922
5929,2023-12-22,"Vanilla Coffee Syrup (250ml)",Jaipur,320,3200,817922
5918,2023-12-22,"Vanilla Coffee Syrup (250ml)",Nagpur,320,4800,817922
5922,2023-12-22,"Vanilla Coffee Syrup (250ml)",Jaipur,320,4800,817922
5921,2023-12-22,"Vanilla Coffee Syrup (250ml)",Pune,320,3520,817922
5933,2023-12-22,"Vanilla Coffee Syrup (250ml)",Ahmedabad,320,3200,817922
5928,2023-12-22,"Vanilla Coffee Syrup (250ml)",Kolkata,320,2880,817922
5917,2023-12-22,"Vanilla Coffee Syrup (250ml)",Delhi,320,2560,817922
5911,2023-12-22,"Vanilla Coffee Syrup (250ml)",Pune,320,4160,817922
5920,2023-12-22,"Vanilla Coffee Syrup (250ml)",Bangalore,320,3840,817922
5913,2023-12-22,"Vanilla Coffee Syrup (250ml)",Bangalore,320,3520,817922
5914,2023-12-22,"Vanilla Coffee Syrup (250ml)",Bangalore,320,6080,817922
5931,2023-12-22,"Vanilla Coffee Syrup (250ml)",Bangalore,320,1600,817922
5944,2023-12-22,"Vanilla Coffee Syrup (250ml)",Bangalore,320,2880,817922
5919,2023-12-22,"Vanilla Coffee Syrup (250ml)",Bangalore,320,2240,817922
5923,2023-12-22,"Vanilla Coffee Syrup (250ml)",Bangalore,320,5120,817922
5942,2023-12-22,"Vanilla Coffee Syrup (250ml)",Chennai,320,5120,817922
5934,2023-12-22,"Vanilla Coffee Syrup (250ml)",Chennai,320,6400,817922
5924,2023-12-22,"Vanilla Coffee Syrup (250ml)",Chennai,320,6080,817922
5943,2023-12-22,"Vanilla Coffee Syrup (250ml)",Chennai,320,3840,817922
5941,2023-12-22,"Vanilla Coffee Syrup (250ml)",Chennai,320,5760,817922
5936,2023-12-22,"Vanilla Coffee Syrup (250ml)",Jaipur,320,4480,817922
5940,2023-12-22,"Vanilla Coffee Syrup (250ml)",Pune,320,2880,817922
5939,2023-12-22,"Vanilla Coffee Syrup (250ml)",Kolkata,320,4800,817922
5938,2023-12-22,"Vanilla Coffee Syrup (250ml)",Pune,320,4800,817922
5915,2023-12-22,"Vanilla Coffee Syrup (250ml)",Pune,320,2560,817922
5910,2023-12-22,"Vanilla Coffee Syrup (250ml)",Mumbai,320,5760,817922
5930,2023-12-22,"Vanilla Coffee Syrup (250ml)",Nagpur,320,1600,817922
5959,2023-12-23,"Vanilla Coffee Syrup (250ml)",Jaipur,320,2240,935683
5974,2023-12-23,"Vanilla Coffee Syrup (250ml)",Mumbai,320,2880,935683
5961,2023-12-23,"Vanilla Coffee Syrup (250ml)",Nagpur,320,2240,935683
5954,2023-12-23,"Vanilla Coffee Syrup (250ml)",Jaipur,320,3840,935683
5966,2023-12-23,"Vanilla Coffee Syrup (250ml)",Surat,320,5120,935683
5950,2023-12-23,"Vanilla Coffee Syrup (250ml)",Delhi,320,2240,935683
5965,2023-12-23,"Vanilla Coffee Syrup (250ml)",Surat,320,3520,935683
5952,2023-12-23,"Vanilla Coffee Syrup (250ml)",Pune,320,3520,935683
5957,2023-12-23,"Vanilla Coffee Syrup (250ml)",Pune,320,1600,935683
5963,2023-12-23,"Vanilla Coffee Syrup (250ml)",Kolkata,320,4480,935683
5967,2023-12-23,"Vanilla Coffee Syrup (250ml)",Pune,320,2240,935683
5956,2023-12-23,"Vanilla Coffee Syrup (250ml)",Pune,320,5760,935683
5973,2023-12-23,"Vanilla Coffee Syrup (250ml)",Pune,320,5440,935683
5949,2023-12-23,"Vanilla Coffee Syrup (250ml)",Pune,320,6080,935683
5947,2023-12-23,"Vanilla Coffee Syrup (250ml)",Pune,320,4800,935683
5970,2023-12-23,"Vanilla Coffee Syrup (250ml)",Jaipur,320,5440,935683
5975,2023-12-23,"Vanilla Coffee Syrup (250ml)",Pune,320,6080,935683
5951,2023-12-23,"Vanilla Coffee Syrup (250ml)",Pune,320,3200,935683
5971,2023-12-23,"Vanilla Coffee Syrup (250ml)",Jaipur,320,1920,935683
5972,2023-12-23,"Vanilla Coffee Syrup (250ml)",Bangalore,320,2241,935683
5960,2023-12-23,"Vanilla Coffee Syrup (250ml)",Bangalore,320,2240,935683
5953,2023-12-23,"Vanilla Coffee Syrup (250ml)",Bangalore,320,2880,935683
5946,2023-12-23,"Vanilla Coffee Syrup (250ml)",Bangalore,320,6400,935683
5955,2023-12-23,"Vanilla Coffee Syrup (250ml)",Chennai,320,5120,935683
5945,2023-12-23,"Vanilla Coffee Syrup (250ml)",Chennai,320,1920,935683
5969,2023-12-23,"Vanilla Coffee Syrup (250ml)",Chennai,320,4480,935683
5962,2023-12-23,"Vanilla Coffee Syrup (250ml)",Chennai,320,4800,935683
5948,2023-12-23,"Vanilla Coffee Syrup (250ml)",Chennai,320,4800,935683
5964,2023-12-23,"Vanilla Coffee Syrup (250ml)",Chennai,320,3520,935683
5968,2023-12-23,"Vanilla Coffee Syrup (250ml)",Pune,320,4480,935683
5958,2023-12-23,"Vanilla Coffee Syrup (250ml)",Chennai,320,2240,935683
6000,2023-12-24,"Vanilla Coffee Syrup (250ml)",Chennai,320,5760,1060803
5996,2023-12-24,"Vanilla Coffee Syrup (250ml)",Chennai,320,1600,1060803
5985,2023-12-24,"Vanilla Coffee Syrup (250ml)",Chennai,320,3200,1060803
5981,2023-12-24,"Vanilla Coffee Syrup (250ml)",Chennai,320,5120,1060803
6006,2023-12-24,"Vanilla Coffee Syrup (250ml)",Chennai,320,2240,1060803
6001,2023-12-24,"Vanilla Coffee Syrup (250ml)",Jaipur,320,1920,1060803
5983,2023-12-24,"Vanilla Coffee Syrup (250ml)",Pune,320,2560,1060803
6007,2023-12-24,"Vanilla Coffee Syrup (250ml)",Pune,320,4480,1060803
5988,2023-12-24,"Vanilla Coffee Syrup (250ml)",Kanpur,320,1920,1060803
5984,2023-12-24,"Vanilla Coffee Syrup (250ml)",Kolkata,320,4160,1060803
5990,2023-12-24,"Vanilla Coffee Syrup (250ml)",Delhi,320,2880,1060803
5977,2023-12-24,"Vanilla Coffee Syrup (250ml)",Delhi,320,2560,1060803
5986,2023-12-24,"Vanilla Coffee Syrup (250ml)",Pune,320,5760,1060803
5995,2023-12-24,"Vanilla Coffee Syrup (250ml)",Indore,320,4480,1060803
5993,2023-12-24,"Vanilla Coffee Syrup (250ml)",Mumbai,320,6400,1060803
5998,2023-12-24,"Vanilla Coffee Syrup (250ml)",Nagpur,320,4800,1060803
6004,2023-12-24,"Vanilla Coffee Syrup (250ml)",Jaipur,320,5120,1060803
5997,2023-12-24,"Vanilla Coffee Syrup (250ml)",Chennai,320,6400,1060803
5976,2023-12-24,"Vanilla Coffee Syrup (250ml)",Bangalore,320,4480,1060803
5982,2023-12-24,"Vanilla Coffee Syrup (250ml)",Bangalore,320,6080,1060803
5989,2023-12-24,"Vanilla Coffee Syrup (250ml)",Bangalore,320,1920,1060803
5978,2023-12-24,"Vanilla Coffee Syrup (250ml)",Bangalore,320,2560,1060803
5979,2023-12-24,"Vanilla Coffee Syrup (250ml)",Jaipur,320,2240,1060803
6003,2023-12-24,"Vanilla Coffee Syrup (250ml)",Delhi,320,5760,1060803
5987,2023-12-24,"Vanilla Coffee Syrup (250ml)",Pune,320,2240,1060803
5999,2023-12-24,"Vanilla Coffee Syrup (250ml)",Jaipur,320,3200,1060803
6002,2023-12-24,"Vanilla Coffee Syrup (250ml)",Kanpur,320,3200,1060803
6005,2023-12-24,"Vanilla Coffee Syrup (250ml)",Jaipur,320,4800,1060803
5994,2023-12-24,"Vanilla Coffee Syrup (250ml)",Jaipur,320,1920,1060803
5991,2023-12-24,"Vanilla Coffee Syrup (250ml)",Jaipur,320,3840,1060803
5992,2023-12-24,"Vanilla Coffee Syrup (250ml)",Jaipur,320,6080,1060803
5980,2023-12-24,"Vanilla Coffee Syrup (250ml)",Jaipur,320,5440,1060803
6029,2023-12-25,"Vanilla Coffee Syrup (250ml)",Jaipur,320,3520,1171843
6026,2023-12-25,"Vanilla Coffee Syrup (250ml)",Pune,320,5760,1171843
6022,2023-12-25,"Vanilla Coffee Syrup (250ml)",Pune,320,6400,1171843
6010,2023-12-25,"Vanilla Coffee Syrup (250ml)",Mumbai,320,6400,1171843
6009,2023-12-25,"Vanilla Coffee Syrup (250ml)",Chennai,320,3200,1171843
6024,2023-12-25,"Vanilla Coffee Syrup (250ml)",Chennai,320,4160,1171843
6030,2023-12-25,"Vanilla Coffee Syrup (250ml)",Kanpur,320,3840,1171843
6031,2023-12-25,"Vanilla Coffee Syrup (250ml)",Hyderabad,320,3520,1171843
6025,2023-12-25,"Vanilla Coffee Syrup (250ml)",Pune,320,4800,1171843
6017,2023-12-25,"Vanilla Coffee Syrup (250ml)",Kolkata,320,1920,1171843
6032,2023-12-25,"Vanilla Coffee Syrup (250ml)",Delhi,320,5760,1171843
6023,2023-12-25,"Vanilla Coffee Syrup (250ml)",Delhi,320,3840,1171843
6028,2023-12-25,"Vanilla Coffee Syrup (250ml)",Pune,320,6400,1171843
6015,2023-12-25,"Vanilla Coffee Syrup (250ml)",Nagpur,320,6080,1171843
6033,2023-12-25,"Vanilla Coffee Syrup (250ml)",Kolkata,320,3840,1171843
6008,2023-12-25,"Vanilla Coffee Syrup (250ml)",Mumbai,320,2240,1171843
6014,2023-12-25,"Vanilla Coffee Syrup (250ml)",Delhi,320,3200,1171843
6019,2023-12-25,"Vanilla Coffee Syrup (250ml)",Jaipur,320,2880,1171843
6016,2023-12-25,"Vanilla Coffee Syrup (250ml)",Pune,320,2880,1171843
6011,2023-12-25,"Vanilla Coffee Syrup (250ml)",Mumbai,320,3840,1171843
6021,2023-12-25,"Vanilla Coffee Syrup (250ml)",Delhi,320,2880,1171843
6020,2023-12-25,"Vanilla Coffee Syrup (250ml)",Bangalore,320,2880,1171843
6013,2023-12-25,"Vanilla Coffee Syrup (250ml)",Bangalore,320,5440,1171843
6018,2023-12-25,"Vanilla Coffee Syrup (250ml)",Bangalore,320,5760,1171843
6027,2023-12-25,"Vanilla Coffee Syrup (250ml)",Bangalore,320,3520,1171843
6012,2023-12-25,"Vanilla Coffee Syrup (250ml)",Chennai,320,6080,1171843
6067,2023-12-26,"Vanilla Coffee Syrup (250ml)",Bangalore,320,6400,1320963
6057,2023-12-26,"Vanilla Coffee Syrup (250ml)",Bangalore,320,4800,1320963
6053,2023-12-26,"Vanilla Coffee Syrup (250ml)",Bangalore,320,3520,1320963
6063,2023-12-26,"Vanilla Coffee Syrup (250ml)",Bangalore,320,3200,1320963
6055,2023-12-26,"Vanilla Coffee Syrup (250ml)",Chennai,320,5760,1320963
6040,2023-12-26,"Vanilla Coffee Syrup (250ml)",Chennai,320,4800,1320963
6048,2023-12-26,"Vanilla Coffee Syrup (250ml)",Chennai,320,2880,1320963
6061,2023-12-26,"Vanilla Coffee Syrup (250ml)",Chennai,320,6400,1320963
6065,2023-12-26,"Vanilla Coffee Syrup (250ml)",Chennai,320,5120,1320963
6035,2023-12-26,"Vanilla Coffee Syrup (250ml)",Jaipur,320,5760,1320963
6037,2023-12-26,"Vanilla Coffee Syrup (250ml)",Jaipur,320,4800,1320963
6043,2023-12-26,"Vanilla Coffee Syrup (250ml)",Pune,320,2880,1320963
6045,2023-12-26,"Vanilla Coffee Syrup (250ml)",Jaipur,320,1920,1320963
6044,2023-12-26,"Vanilla Coffee Syrup (250ml)",Jaipur,320,2880,1320963
6041,2023-12-26,"Vanilla Coffee Syrup (250ml)",Pune,320,5440,1320963
6042,2023-12-26,"Vanilla Coffee Syrup (250ml)",Pune,320,4480,1320963
6052,2023-12-26,"Vanilla Coffee Syrup (250ml)",Pune,320,6400,1320963
6049,2023-12-26,"Vanilla Coffee Syrup (250ml)",Jaipur,320,2240,1320963
6050,2023-12-26,"Vanilla Coffee Syrup (250ml)",Jaipur,320,4480,1320963
6039,2023-12-26,"Vanilla Coffee Syrup (250ml)",Delhi,320,6400,1320963
6058,2023-12-26,"Vanilla Coffee Syrup (250ml)",Pune,320,3840,1320963
6054,2023-12-26,"Vanilla Coffee Syrup (250ml)",Indore,320,3520,1320963
6047,2023-12-26,"Vanilla Coffee Syrup (250ml)",Pune,320,2560,1320963
6034,2023-12-26,"Vanilla Coffee Syrup (250ml)",Ahmedabad,320,1600,1320963
6066,2023-12-26,"Vanilla Coffee Syrup (250ml)",Jaipur,320,4160,1320963
6068,2023-12-26,"Vanilla Coffee Syrup (250ml)",Delhi,320,2880,1320963
6064,2023-12-26,"Vanilla Coffee Syrup (250ml)",Indore,320,4800,1320963
6060,2023-12-26,"Vanilla Coffee Syrup (250ml)",Jaipur,320,5120,1320963
6056,2023-12-26,"Vanilla Coffee Syrup (250ml)",Pune,320,5440,1320963
6062,2023-12-26,"Vanilla Coffee Syrup (250ml)",Kanpur,320,4160,1320963
6059,2023-12-26,"Vanilla Coffee Syrup (250ml)",Jaipur,320,3840,1320963
6038,2023-12-26,"Vanilla Coffee Syrup (250ml)",Delhi,320,6080,1320963
6046,2023-12-26,"Vanilla Coffee Syrup (250ml)",Delhi,320,5440,1320963
6051,2023-12-26,"Vanilla Coffee Syrup (250ml)",Jaipur,320,2240,1320963
6036,2023-12-26,"Vanilla Coffee Syrup (250ml)",Nagpur,320,2880,1320963
6085,2023-12-27,"Vanilla Coffee Syrup (250ml)",Delhi,320,3200,1402243
6080,2023-12-27,"Vanilla Coffee Syrup (250ml)",Kanpur,320,4800,1402243
6081,2023-12-27,"Vanilla Coffee Syrup (250ml)",Pune,320,4480,1402243
6083,2023-12-27,"Vanilla Coffee Syrup (250ml)",Pune,320,4480,1402243
6087,2023-12-27,"Vanilla Coffee Syrup (250ml)",Pune,320,5120,1402243
6084,2023-12-27,"Vanilla Coffee Syrup (250ml)",Bangalore,320,6080,1402243
6075,2023-12-27,"Vanilla Coffee Syrup (250ml)",Bangalore,320,3200,1402243
6072,2023-12-27,"Vanilla Coffee Syrup (250ml)",Bangalore,320,3520,1402243
6076,2023-12-27,"Vanilla Coffee Syrup (250ml)",Bangalore,320,5440,1402243
6069,2023-12-27,"Vanilla Coffee Syrup (250ml)",Chennai,320,3520,1402243
6079,2023-12-27,"Vanilla Coffee Syrup (250ml)",Chennai,320,3520,1402243
6086,2023-12-27,"Vanilla Coffee Syrup (250ml)",Chennai,320,5120,1402243
6073,2023-12-27,"Vanilla Coffee Syrup (250ml)",Indore,320,4480,1402243
6074,2023-12-27,"Vanilla Coffee Syrup (250ml)",Ahmedabad,320,1920,1402243
6071,2023-12-27,"Vanilla Coffee Syrup (250ml)",Hyderabad,320,3840,1402243
6077,2023-12-27,"Vanilla Coffee Syrup (250ml)",Jaipur,320,5120,1402243
6082,2023-12-27,"Vanilla Coffee Syrup (250ml)",Delhi,320,3200,1402243
6070,2023-12-27,"Vanilla Coffee Syrup (250ml)",Pune,320,3200,1402243
6088,2023-12-27,"Vanilla Coffee Syrup (250ml)",Mumbai,320,2880,1402243
6078,2023-12-27,"Vanilla Coffee Syrup (250ml)",Pune,320,4160,1402243
6092,2023-12-28,"Vanilla Coffee Syrup (250ml)",Pune,320,6400,1545603
6093,2023-12-28,"Vanilla Coffee Syrup (250ml)",Jaipur,320,1920,1545603
6114,2023-12-28,"Vanilla Coffee Syrup (250ml)",Ahmedabad,320,3840,1545603
6097,2023-12-28,"Vanilla Coffee Syrup (250ml)",Pune,320,6400,1545603
6105,2023-12-28,"Vanilla Coffee Syrup (250ml)",Pune,320,5440,1545603
6119,2023-12-28,"Vanilla Coffee Syrup (250ml)",Delhi,320,4480,1545603
6116,2023-12-28,"Vanilla Coffee Syrup (250ml)",Delhi,320,2240,1545603
6112,2023-12-28,"Vanilla Coffee Syrup (250ml)",Pune,320,5760,1545603
6111,2023-12-28,"Vanilla Coffee Syrup (250ml)",Delhi,320,2240,1545603
6100,2023-12-28,"Vanilla Coffee Syrup (250ml)",Bangalore,320,3200,1545603
6099,2023-12-28,"Vanilla Coffee Syrup (250ml)",Bangalore,320,1600,1545603
6118,2023-12-28,"Vanilla Coffee Syrup (250ml)",Jaipur,320,5440,1545603
6110,2023-12-28,"Vanilla Coffee Syrup (250ml)",Jaipur,320,5120,1545603
6091,2023-12-28,"Vanilla Coffee Syrup (250ml)",Nagpur,320,3200,1545603
6106,2023-12-28,"Vanilla Coffee Syrup (250ml)",Pune,320,4160,1545603
6090,2023-12-28,"Vanilla Coffee Syrup (250ml)",Jaipur,320,5120,1545603
6094,2023-12-28,"Vanilla Coffee Syrup (250ml)",Pune,320,1920,1545603
6115,2023-12-28,"Vanilla Coffee Syrup (250ml)",Delhi,320,2560,1545603
6103,2023-12-28,"Vanilla Coffee Syrup (250ml)",Indore,320,5760,1545603
6117,2023-12-28,"Vanilla Coffee Syrup (250ml)",Jaipur,320,1920,1545603
6120,2023-12-28,"Vanilla Coffee Syrup (250ml)",Mumbai,320,4160,1545603
6095,2023-12-28,"Vanilla Coffee Syrup (250ml)",Lucknow,320,2560,1545603
6109,2023-12-28,"Vanilla Coffee Syrup (250ml)",Delhi,320,2880,1545603
6096,2023-12-28,"Vanilla Coffee Syrup (250ml)",Chennai,320,4160,1545603
6089,2023-12-28,"Vanilla Coffee Syrup (250ml)",Chennai,320,3520,1545603
6098,2023-12-28,"Vanilla Coffee Syrup (250ml)",Chennai,320,5120,1545603
6113,2023-12-28,"Vanilla Coffee Syrup (250ml)",Chennai,320,4160,1545603
6108,2023-12-28,"Vanilla Coffee Syrup (250ml)",Delhi,320,4800,1545603
6121,2023-12-28,"Vanilla Coffee Syrup (250ml)",Delhi,320,6080,1545603
6102,2023-12-28,"Vanilla Coffee Syrup (250ml)",Pune,320,4800,1545603
6104,2023-12-28,"Vanilla Coffee Syrup (250ml)",Ahmedabad,320,4160,1545603
6123,2023-12-28,"Vanilla Coffee Syrup (250ml)",Pune,320,1600,1545603
6101,2023-12-28,"Vanilla Coffee Syrup (250ml)",Jaipur,320,3840,1545603
6124,2023-12-28,"Vanilla Coffee Syrup (250ml)",Delhi,320,4160,1545603
6107,2023-12-28,"Vanilla Coffee Syrup (250ml)",Surat,320,2240,1545603
6122,2023-12-28,"Vanilla Coffee Syrup (250ml)",Ahmedabad,320,6400,1545603
6126,2023-12-29,"Vanilla Coffee Syrup (250ml)",Jaipur,320,3520,1684803
6148,2023-12-29,"Vanilla Coffee Syrup (250ml)",Lucknow,320,6400,1684803
6138,2023-12-29,"Vanilla Coffee Syrup (250ml)",Bangalore,320,4480,1684803
6149,2023-12-29,"Vanilla Coffee Syrup (250ml)",Bangalore,320,3840,1684803
6130,2023-12-29,"Vanilla Coffee Syrup (250ml)",Bangalore,320,5440,1684803
6146,2023-12-29,"Vanilla Coffee Syrup (250ml)",Bangalore,320,3840,1684803
6151,2023-12-29,"Vanilla Coffee Syrup (250ml)",Surat,320,4160,1684803
6142,2023-12-29,"Vanilla Coffee Syrup (250ml)",Nagpur,320,3520,1684803
6135,2023-12-29,"Vanilla Coffee Syrup (250ml)",Jaipur,320,6080,1684803
6153,2023-12-29,"Vanilla Coffee Syrup (250ml)",Kanpur,320,5760,1684803
6150,2023-12-29,"Vanilla Coffee Syrup (250ml)",Lucknow,320,4800,1684803
6131,2023-12-29,"Vanilla Coffee Syrup (250ml)",Jaipur,320,2560,1684803
6133,2023-12-29,"Vanilla Coffee Syrup (250ml)",Pune,320,2240,1684803
6147,2023-12-29,"Vanilla Coffee Syrup (250ml)",Surat,320,2240,1684803
6136,2023-12-29,"Vanilla Coffee Syrup (250ml)",Pune,320,4800,1684803
6143,2023-12-29,"Vanilla Coffee Syrup (250ml)",Jaipur,320,5760,1684803
6145,2023-12-29,"Vanilla Coffee Syrup (250ml)",Jaipur,320,4800,1684803
6144,2023-12-29,"Vanilla Coffee Syrup (250ml)",Pune,320,2560,1684803
6137,2023-12-29,"Vanilla Coffee Syrup (250ml)",Pune,320,4800,1684803
6139,2023-12-29,"Vanilla Coffee Syrup (250ml)",Chennai,320,1600,1684803
6154,2023-12-29,"Vanilla Coffee Syrup (250ml)",Chennai,320,2880,1684803
6141,2023-12-29,"Vanilla Coffee Syrup (250ml)",Chennai,320,3840,1684803
6134,2023-12-29,"Vanilla Coffee Syrup (250ml)",Chennai,320,5120,1684803
6129,2023-12-29,"Vanilla Coffee Syrup (250ml)",Pune,320,5760,1684803
6128,2023-12-29,"Vanilla Coffee Syrup (250ml)",Pune,320,3840,1684803
6155,2023-12-29,"Vanilla Coffee Syrup (250ml)",Pune,320,3840,1684803
6127,2023-12-29,"Vanilla Coffee Syrup (250ml)",Pune,320,6400,1684803
6152,2023-12-29,"Vanilla Coffee Syrup (250ml)",Pune,320,5440,1684803
6140,2023-12-29,"Vanilla Coffee Syrup (250ml)",Jaipur,320,6400,1684803
6132,2023-12-29,"Vanilla Coffee Syrup (250ml)",Surat,320,4480,1684803
6125,2023-12-29,"Vanilla Coffee Syrup (250ml)",Lucknow,320,2240,1684803
6156,2023-12-29,"Vanilla Coffee Syrup (250ml)",Pune,320,5760,1684803
6162,2023-12-30,"Vanilla Coffee Syrup (250ml)",Ahmedabad,320,1600,1759043
6159,2023-12-30,"Vanilla Coffee Syrup (250ml)",Jaipur,320,5760,1759043
6160,2023-12-30,"Vanilla Coffee Syrup (250ml)",Mumbai,320,3200,1759043
6158,2023-12-30,"Vanilla Coffee Syrup (250ml)",Jaipur,320,6400,1759043
6165,2023-12-30,"Vanilla Coffee Syrup (250ml)",Pune,320,3520,1759043
6167,2023-12-30,"Vanilla Coffee Syrup (250ml)",Ahmedabad,320,1920,1759043
6164,2023-12-30,"Vanilla Coffee Syrup (250ml)",Bangalore,320,4800,1759043
6157,2023-12-30,"Vanilla Coffee Syrup (250ml)",Bangalore,320,3200,1759043
6168,2023-12-30,"Vanilla Coffee Syrup (250ml)",Bangalore,320,6080,1759043
6163,2023-12-30,"Vanilla Coffee Syrup (250ml)",Pune,320,6080,1759043
6173,2023-12-30,"Vanilla Coffee Syrup (250ml)",Pune,320,4480,1759043
6172,2023-12-30,"Vanilla Coffee Syrup (250ml)",Pune,320,2560,1759043
6166,2023-12-30,"Vanilla Coffee Syrup (250ml)",Pune,320,2880,1759043
6174,2023-12-30,"Vanilla Coffee Syrup (250ml)",Delhi,320,4800,1759043
6170,2023-12-30,"Vanilla Coffee Syrup (250ml)",Pune,320,1920,1759043
6161,2023-12-30,"Vanilla Coffee Syrup (250ml)",Delhi,320,5440,1759043
6169,2023-12-30,"Vanilla Coffee Syrup (250ml)",Jaipur,320,5440,1759043
6171,2023-12-30,"Vanilla Coffee Syrup (250ml)",Pune,320,4160,1759043
6179,2023-12-31,"Vanilla Coffee Syrup (250ml)",Pune,320,3520,1904323
6203,2023-12-31,"Vanilla Coffee Syrup (250ml)",Chennai,320,1920,1904323
6175,2023-12-31,"Vanilla Coffee Syrup (250ml)",Chennai,320,3840,1904323
6191,2023-12-31,"Vanilla Coffee Syrup (250ml)",Pune,320,4160,1904323
6199,2023-12-31,"Vanilla Coffee Syrup (250ml)",Indore,320,1920,1904323
6207,2023-12-31,"Vanilla Coffee Syrup (250ml)",Delhi,320,1920,1904323
6185,2023-12-31,"Vanilla Coffee Syrup (250ml)",Delhi,320,5120,1904323
6189,2023-12-31,"Vanilla Coffee Syrup (250ml)",Delhi,320,6080,1904323
6195,2023-12-31,"Vanilla Coffee Syrup (250ml)",Jaipur,320,5440,1904323
6187,2023-12-31,"Vanilla Coffee Syrup (250ml)",Mumbai,320,5120,1904323
6188,2023-12-31,"Vanilla Coffee Syrup (250ml)",Jaipur,320,6400,1904323
6192,2023-12-31,"Vanilla Coffee Syrup (250ml)",Pune,320,3840,1904323
6181,2023-12-31,"Vanilla Coffee Syrup (250ml)",Nagpur,320,3840,1904323
6193,2023-12-31,"Vanilla Coffee Syrup (250ml)",Lucknow,320,4800,1904323
6194,2023-12-31,"Vanilla Coffee Syrup (250ml)",Delhi,320,3840,1904323
6200,2023-12-31,"Vanilla Coffee Syrup (250ml)",Kanpur,320,6080,1904323
6201,2023-12-31,"Vanilla Coffee Syrup (250ml)",Mumbai,320,5440,1904323
6190,2023-12-31,"Vanilla Coffee Syrup (250ml)",Jaipur,320,4480,1904323
6177,2023-12-31,"Vanilla Coffee Syrup (250ml)",Bangalore,320,4160,1904323
6206,2023-12-31,"Vanilla Coffee Syrup (250ml)",Bangalore,320,3840,1904323
6205,2023-12-31,"Vanilla Coffee Syrup (250ml)",Chennai,320,3200,1904323
6182,2023-12-31,"Vanilla Coffee Syrup (250ml)",Bangalore,320,2240,1904323
6180,2023-12-31,"Vanilla Coffee Syrup (250ml)",Bangalore,320,6080,1904323
6197,2023-12-31,"Vanilla Coffee Syrup (250ml)",Pune,320,6080,1904323
6196,2023-12-31,"Vanilla Coffee Syrup (250ml)",Pune,320,4480,1904323
6183,2023-12-31,"Vanilla Coffee Syrup (250ml)",Kolkata,320,6400,1904323
6202,2023-12-31,"Vanilla Coffee Syrup (250ml)",Jaipur,320,4480,1904323
6184,2023-12-31,"Vanilla Coffee Syrup (250ml)",Pune,320,4800,1904323
6204,2023-12-31,"Vanilla Coffee Syrup (250ml)",Jaipur,320,3520,1904323
6178,2023-12-31,"Vanilla Coffee Syrup (250ml)",Pune,320,4160,1904323
6198,2023-12-31,"Vanilla Coffee Syrup (250ml)",Jaipur,320,5760,1904323
6176,2023-12-31,"Vanilla Coffee Syrup (250ml)",Delhi,320,5760,1904323
6186,2023-12-31,"Vanilla Coffee Syrup (250ml)",Pune,320,2560,1904323
6228,2024-01-01,"Vanilla Coffee Syrup (250ml)",Pune,320,4480,2014083
6208,2024-01-01,"Vanilla Coffee Syrup (250ml)",Jaipur,320,3840,2014083
6232,2024-01-01,"Vanilla Coffee Syrup (250ml)",Delhi,320,3520,2014083
6231,2024-01-01,"Vanilla Coffee Syrup (250ml)",Nagpur,320,5120,2014083
6226,2024-01-01,"Vanilla Coffee Syrup (250ml)",Chennai,320,1920,2014083
6224,2024-01-01,"Vanilla Coffee Syrup (250ml)",Chennai,320,5120,2014083
6212,2024-01-01,"Vanilla Coffee Syrup (250ml)",Chennai,320,3200,2014083
6213,2024-01-01,"Vanilla Coffee Syrup (250ml)",Chennai,320,6400,2014083
6225,2024-01-01,"Vanilla Coffee Syrup (250ml)",Pune,320,1920,2014083
6234,2024-01-01,"Vanilla Coffee Syrup (250ml)",Pune,320,1600,2014083
6223,2024-01-01,"Vanilla Coffee Syrup (250ml)",Delhi,320,4480,2014083
6233,2024-01-01,"Vanilla Coffee Syrup (250ml)",Bangalore,320,1920,2014083
6209,2024-01-01,"Vanilla Coffee Syrup (250ml)",Bangalore,320,1600,2014083
6229,2024-01-01,"Vanilla Coffee Syrup (250ml)",Bangalore,320,5120,2014083
6217,2024-01-01,"Vanilla Coffee Syrup (250ml)",Bangalore,320,4480,2014083
6211,2024-01-01,"Vanilla Coffee Syrup (250ml)",Bangalore,320,2560,2014083
6222,2024-01-01,"Vanilla Coffee Syrup (250ml)",Kanpur,320,4480,2014083
6215,2024-01-01,"Vanilla Coffee Syrup (250ml)",Delhi,320,3520,2014083
6219,2024-01-01,"Vanilla Coffee Syrup (250ml)",Delhi,320,5120,2014083
6214,2024-01-01,"Vanilla Coffee Syrup (250ml)",Kanpur,320,4480,2014083
6221,2024-01-01,"Vanilla Coffee Syrup (250ml)",Mumbai,320,4160,2014083
6218,2024-01-01,"Vanilla Coffee Syrup (250ml)",Jaipur,320,6080,2014083
6220,2024-01-01,"Vanilla Coffee Syrup (250ml)",Jaipur,320,5440,2014083
6210,2024-01-01,"Vanilla Coffee Syrup (250ml)",Pune,320,3840,2014083
6216,2024-01-01,"Vanilla Coffee Syrup (250ml)",Pune,320,6080,2014083
6230,2024-01-01,"Vanilla Coffee Syrup (250ml)",Surat,320,6080,2014083
6227,2024-01-01,"Vanilla Coffee Syrup (250ml)",Surat,320,3200,2014083
6238,2024-01-02,"Vanilla Coffee Syrup (250ml)",Nagpur,320,1920,2111683
6235,2024-01-02,"Vanilla Coffee Syrup (250ml)",Lucknow,320,3200,2111683
6257,2024-01-02,"Vanilla Coffee Syrup (250ml)",Pune,320,5120,2111683
6254,2024-01-02,"Vanilla Coffee Syrup (250ml)",Delhi,320,4800,2111683
6244,2024-01-02,"Vanilla Coffee Syrup (250ml)",Chennai,320,6400,2111683
6256,2024-01-02,"Vanilla Coffee Syrup (250ml)",Chennai,320,2880,2111683
6239,2024-01-02,"Vanilla Coffee Syrup (250ml)",Chennai,320,2560,2111683
6246,2024-01-02,"Vanilla Coffee Syrup (250ml)",Indore,320,5120,2111683
6249,2024-01-02,"Vanilla Coffee Syrup (250ml)",Jaipur,320,6400,2111683
6248,2024-01-02,"Vanilla Coffee Syrup (250ml)",Pune,320,4480,2111683
6258,2024-01-02,"Vanilla Coffee Syrup (250ml)",Pune,320,2880,2111683
6252,2024-01-02,"Vanilla Coffee Syrup (250ml)",Indore,320,5120,2111683
6242,2024-01-02,"Vanilla Coffee Syrup (250ml)",Pune,320,3200,2111683
6251,2024-01-02,"Vanilla Coffee Syrup (250ml)",Pune,320,2880,2111683
6245,2024-01-02,"Vanilla Coffee Syrup (250ml)",Jaipur,320,3520,2111683
6247,2024-01-02,"Vanilla Coffee Syrup (250ml)",Delhi,320,4800,2111683
6253,2024-01-02,"Vanilla Coffee Syrup (250ml)",Indore,320,5440,2111683
6240,2024-01-02,"Vanilla Coffee Syrup (250ml)",Lucknow,320,3200,2111683
6250,2024-01-02,"Vanilla Coffee Syrup (250ml)",Pune,320,1920,2111683
6237,2024-01-02,"Vanilla Coffee Syrup (250ml)",Delhi,320,1600,2111683
6236,2024-01-02,"Vanilla Coffee Syrup (250ml)",Hyderabad,320,5120,2111683
6241,2024-01-02,"Vanilla Coffee Syrup (250ml)",Ahmedabad,320,5760,2111683
6243,2024-01-02,"Vanilla Coffee Syrup (250ml)",Delhi,320,4800,2111683
6255,2024-01-02,"Vanilla Coffee Syrup (250ml)",Pune,320,4480,2111683
6267,2024-01-03,"Vanilla Coffee Syrup (250ml)",Kanpur,320,6400,2252163
6287,2024-01-03,"Vanilla Coffee Syrup (250ml)",Nagpur,320,2560,2252163
6265,2024-01-03,"Vanilla Coffee Syrup (250ml)",Pune,320,5440,2252163
6264,2024-01-03,"Vanilla Coffee Syrup (250ml)",Kanpur,320,3200,2252163
6293,2024-01-03,"Vanilla Coffee Syrup (250ml)",Jaipur,320,2240,2252163
6281,2024-01-03,"Vanilla Coffee Syrup (250ml)",Pune,320,3520,2252163
6259,2024-01-03,"Vanilla Coffee Syrup (250ml)",Nagpur,320,2560,2252163
6261,2024-01-03,"Vanilla Coffee Syrup (250ml)",Pune,320,4800,2252163
6292,2024-01-03,"Vanilla Coffee Syrup (250ml)",Pune,320,2880,2252163
6275,2024-01-03,"Vanilla Coffee Syrup (250ml)",Pune,320,1600,2252163
6282,2024-01-03,"Vanilla Coffee Syrup (250ml)",Jaipur,320,2560,2252163
6288,2024-01-03,"Vanilla Coffee Syrup (250ml)",Pune,320,2880,2252163
6279,2024-01-03,"Vanilla Coffee Syrup (250ml)",Delhi,320,4800,2252163
6280,2024-01-03,"Vanilla Coffee Syrup (250ml)",Lucknow,320,5440,2252163
6276,2024-01-03,"Vanilla Coffee Syrup (250ml)",Pune,320,2240,2252163
6285,2024-01-03,"Vanilla Coffee Syrup (250ml)",Jaipur,320,6400,2252163
6278,2024-01-03,"Vanilla Coffee Syrup (250ml)",Kanpur,320,4160,2252163
6286,2024-01-03,"Vanilla Coffee Syrup (250ml)",Ahmedabad,320,1600,2252163
6290,2024-01-03,"Vanilla Coffee Syrup (250ml)",Pune,320,2560,2252163
6277,2024-01-03,"Vanilla Coffee Syrup (250ml)",Jaipur,320,5760,2252163
6289,2024-01-03,"Vanilla Coffee Syrup (250ml)",Chennai,320,6080,2252163
6274,2024-01-03,"Vanilla Coffee Syrup (250ml)",Pune,320,3520,2252163
6260,2024-01-03,"Vanilla Coffee Syrup (250ml)",Chennai,320,6080,2252163
6271,2024-01-03,"Vanilla Coffee Syrup (250ml)",Chennai,320,5760,2252163
6273,2024-01-03,"Vanilla Coffee Syrup (250ml)",Hyderabad,320,3200,2252163
6291,2024-01-03,"Vanilla Coffee Syrup (250ml)",Indore,320,6080,2252163
6270,2024-01-03,"Vanilla Coffee Syrup (250ml)",Kanpur,320,3840,2252163
6294,2024-01-03,"Vanilla Coffee Syrup (250ml)",Jaipur,320,4160,2252163
6272,2024-01-03,"Vanilla Coffee Syrup (250ml)",Ahmedabad,320,6080,2252163
6262,2024-01-03,"Vanilla Coffee Syrup (250ml)",Jaipur,320,1920,2252163
6263,2024-01-03,"Vanilla Coffee Syrup (250ml)",Kolkata,320,3520,2252163
6266,2024-01-03,"Vanilla Coffee Syrup (250ml)",Lucknow,320,1600,2252163
6283,2024-01-03,"Vanilla Coffee Syrup (250ml)",Bangalore,320,3200,2252163
6269,2024-01-03,"Vanilla Coffee Syrup (250ml)",Bangalore,320,6080,2252163
6284,2024-01-03,"Vanilla Coffee Syrup (250ml)",Bangalore,320,2880,2252163
6268,2024-01-03,"Vanilla Coffee Syrup (250ml)",Bangalore,320,2880,2252163
6297,2024-01-04,"Vanilla Coffee Syrup (250ml)",Chennai,320,5440,2389443
6298,2024-01-04,"Vanilla Coffee Syrup (250ml)",Chennai,320,5760,2389443
6314,2024-01-04,"Vanilla Coffee Syrup (250ml)",Bangalore,320,4480,2389443
6316,2024-01-04,"Vanilla Coffee Syrup (250ml)",Bangalore,320,6080,2389443
6322,2024-01-04,"Vanilla Coffee Syrup (250ml)",Bangalore,320,5120,2389443
6312,2024-01-04,"Vanilla Coffee Syrup (250ml)",Chennai,320,4480,2389443
6324,2024-01-04,"Vanilla Coffee Syrup (250ml)",Ahmedabad,320,6400,2389443
6306,2024-01-04,"Vanilla Coffee Syrup (250ml)",Pune,320,2240,2389443
6318,2024-01-04,"Vanilla Coffee Syrup (250ml)",Pune,320,5760,2389443
6304,2024-01-04,"Vanilla Coffee Syrup (250ml)",Pune,320,5440,2389443
6301,2024-01-04,"Vanilla Coffee Syrup (250ml)",Jaipur,320,4800,2389443
6295,2024-01-04,"Vanilla Coffee Syrup (250ml)",Pune,320,6400,2389443
6300,2024-01-04,"Vanilla Coffee Syrup (250ml)",Jaipur,320,2880,2389443
6317,2024-01-04,"Vanilla Coffee Syrup (250ml)",Pune,320,5440,2389443
6323,2024-01-04,"Vanilla Coffee Syrup (250ml)",Jaipur,320,3200,2389443
6309,2024-01-04,"Vanilla Coffee Syrup (250ml)",Jaipur,320,5120,2389443
6311,2024-01-04,"Vanilla Coffee Syrup (250ml)",Indore,320,4480,2389443
6310,2024-01-04,"Vanilla Coffee Syrup (250ml)",Delhi,320,4160,2389443
6315,2024-01-04,"Vanilla Coffee Syrup (250ml)",Delhi,320,3840,2389443
6299,2024-01-04,"Vanilla Coffee Syrup (250ml)",Chennai,320,6080,2389443
6307,2024-01-04,"Vanilla Coffee Syrup (250ml)",Chennai,320,6080,2389443
6321,2024-01-04,"Vanilla Coffee Syrup (250ml)",Chennai,320,1920,2389443
6319,2024-01-04,"Vanilla Coffee Syrup (250ml)",Pune,320,3520,2389443
6303,2024-01-04,"Vanilla Coffee Syrup (250ml)",Chennai,320,3200,2389443
6320,2024-01-04,"Vanilla Coffee Syrup (250ml)",Chennai,320,1600,2389443
6302,2024-01-04,"Vanilla Coffee Syrup (250ml)",Kolkata,320,2240,2389443
6313,2024-01-04,"Vanilla Coffee Syrup (250ml)",Jaipur,320,6080,2389443
6308,2024-01-04,"Vanilla Coffee Syrup (250ml)",Pune,320,3520,2389443
6296,2024-01-04,"Vanilla Coffee Syrup (250ml)",Nagpur,320,5760,2389443
6305,2024-01-04,"Vanilla Coffee Syrup (250ml)",Jaipur,320,5760,2389443
6330,2024-01-05,"Vanilla Coffee Syrup (250ml)",Nagpur,320,1600,2527363
6337,2024-01-05,"Vanilla Coffee Syrup (250ml)",Pune,320,3840,2527363
6345,2024-01-05,"Vanilla Coffee Syrup (250ml)",Kanpur,320,3200,2527363
6348,2024-01-05,"Vanilla Coffee Syrup (250ml)",Delhi,320,2880,2527363
6333,2024-01-05,"Vanilla Coffee Syrup (250ml)",Kolkata,320,6080,2527363
6352,2024-01-05,"Vanilla Coffee Syrup (250ml)",Delhi,320,3520,2527363
6351,2024-01-05,"Vanilla Coffee Syrup (250ml)",Nagpur,320,1600,2527363
6325,2024-01-05,"Vanilla Coffee Syrup (250ml)",Pune,320,6080,2527363
6358,2024-01-05,"Vanilla Coffee Syrup (250ml)",Delhi,320,5760,2527363
6350,2024-01-05,"Vanilla Coffee Syrup (250ml)",Delhi,320,3840,2527363
6342,2024-01-05,"Vanilla Coffee Syrup (250ml)",Pune,320,4800,2527363
6355,2024-01-05,"Vanilla Coffee Syrup (250ml)",Chennai,320,2880,2527363
6328,2024-01-05,"Vanilla Coffee Syrup (250ml)",Bangalore,320,2560,2527363
6344,2024-01-05,"Vanilla Coffee Syrup (250ml)",Surat,320,1600,2527363
6357,2024-01-05,"Vanilla Coffee Syrup (250ml)",Surat,320,3520,2527363
6347,2024-01-05,"Vanilla Coffee Syrup (250ml)",Pune,320,6080,2527363
6353,2024-01-05,"Vanilla Coffee Syrup (250ml)",Lucknow,320,4800,2527363
6329,2024-01-05,"Vanilla Coffee Syrup (250ml)",Lucknow,320,5440,2527363
6341,2024-01-05,"Vanilla Coffee Syrup (250ml)",Pune,320,4800,2527363
6327,2024-01-05,"Vanilla Coffee Syrup (250ml)",Chennai,320,5120,2527363
6349,2024-01-05,"Vanilla Coffee Syrup (250ml)",Pune,320,5120,2527363
6331,2024-01-05,"Vanilla Coffee Syrup (250ml)",Chennai,320,2240,2527363
6339,2024-01-05,"Vanilla Coffee Syrup (250ml)",Chennai,320,4160,2527363
6340,2024-01-05,"Vanilla Coffee Syrup (250ml)",Chennai,320,5120,2527363
6335,2024-01-05,"Vanilla Coffee Syrup (250ml)",Chennai,320,3200,2527363
6356,2024-01-05,"Vanilla Coffee Syrup (250ml)",Chennai,320,4160,2527363
6336,2024-01-05,"Vanilla Coffee Syrup (250ml)",Pune,320,6400,2527363
6338,2024-01-05,"Vanilla Coffee Syrup (250ml)",Jaipur,320,4160,2527363
6334,2024-01-05,"Vanilla Coffee Syrup (250ml)",Jaipur,320,2880,2527363
6326,2024-01-05,"Vanilla Coffee Syrup (250ml)",Surat,320,4800,2527363
6343,2024-01-05,"Vanilla Coffee Syrup (250ml)",Pune,320,5760,2527363
6346,2024-01-05,"Vanilla Coffee Syrup (250ml)",Pune,320,3840,2527363
6354,2024-01-05,"Vanilla Coffee Syrup (250ml)",Jaipur,320,1600,2527363
6332,2024-01-05,"Vanilla Coffee Syrup (250ml)",Pune,320,4480,2527363
6373,2024-01-06,"Vanilla Coffee Syrup (250ml)",Pune,320,2880,2626243
6385,2024-01-06,"Vanilla Coffee Syrup (250ml)",Bangalore,320,5120,2626243
6360,2024-01-06,"Vanilla Coffee Syrup (250ml)",Bangalore,320,4480,2626243
6368,2024-01-06,"Vanilla Coffee Syrup (250ml)",Bangalore,320,2240,2626243
6378,2024-01-06,"Vanilla Coffee Syrup (250ml)",Bangalore,320,2560,2626243
6359,2024-01-06,"Vanilla Coffee Syrup (250ml)",Jaipur,320,2560,2626243
6367,2024-01-06,"Vanilla Coffee Syrup (250ml)",Delhi,320,1920,2626243
6369,2024-01-06,"Vanilla Coffee Syrup (250ml)",Pune,320,5760,2626243
6361,2024-01-06,"Vanilla Coffee Syrup (250ml)",Ahmedabad,320,4800,2626243
6384,2024-01-06,"Vanilla Coffee Syrup (250ml)",Ahmedabad,320,6080,2626243
6383,2024-01-06,"Vanilla Coffee Syrup (250ml)",Jaipur,320,4800,2626243
6365,2024-01-06,"Vanilla Coffee Syrup (250ml)",Nagpur,320,2560,2626243
6364,2024-01-06,"Vanilla Coffee Syrup (250ml)",Delhi,320,2240,2626243
6375,2024-01-06,"Vanilla Coffee Syrup (250ml)",Ahmedabad,320,1600,2626243
6374,2024-01-06,"Vanilla Coffee Syrup (250ml)",Indore,320,3840,2626243
6377,2024-01-06,"Vanilla Coffee Syrup (250ml)",Pune,320,1920,2626243
6372,2024-01-06,"Vanilla Coffee Syrup (250ml)",Delhi,320,6400,2626243
6366,2024-01-06,"Vanilla Coffee Syrup (250ml)",Surat,320,6400,2626243
6379,2024-01-06,"Vanilla Coffee Syrup (250ml)",Pune,320,1920,2626243
6362,2024-01-06,"Vanilla Coffee Syrup (250ml)",Pune,320,6400,2626243
6376,2024-01-06,"Vanilla Coffee Syrup (250ml)",Jaipur,320,3840,2626243
6363,2024-01-06,"Vanilla Coffee Syrup (250ml)",Delhi,320,3840,2626243
6382,2024-01-06,"Vanilla Coffee Syrup (250ml)",Chennai,320,1920,2626243
6380,2024-01-06,"Vanilla Coffee Syrup (250ml)",Pune,320,1600,2626243
6381,2024-01-06,"Vanilla Coffee Syrup (250ml)",Chennai,320,1600,2626243
6370,2024-01-06,"Vanilla Coffee Syrup (250ml)",Chennai,320,4480,2626243
6371,2024-01-06,"Vanilla Coffee Syrup (250ml)",Chennai,320,5120,2626243
6408,2024-01-07,"Vanilla Coffee Syrup (250ml)",Chennai,320,6400,2728643
6407,2024-01-07,"Vanilla Coffee Syrup (250ml)",Chennai,320,3200,2728643
6400,2024-01-07,"Vanilla Coffee Syrup (250ml)",Delhi,320,3520,2728643
6404,2024-01-07,"Vanilla Coffee Syrup (250ml)",Ahmedabad,320,2560,2728643
6386,2024-01-07,"Vanilla Coffee Syrup (250ml)",Kolkata,320,2880,2728643
6387,2024-01-07,"Vanilla Coffee Syrup (250ml)",Bangalore,320,4480,2728643
6388,2024-01-07,"Vanilla Coffee Syrup (250ml)",Bangalore,320,2560,2728643
6406,2024-01-07,"Vanilla Coffee Syrup (250ml)",Bangalore,320,4800,2728643
6392,2024-01-07,"Vanilla Coffee Syrup (250ml)",Bangalore,320,4800,2728643
6399,2024-01-07,"Vanilla Coffee Syrup (250ml)",Bangalore,320,4800,2728643
6391,2024-01-07,"Vanilla Coffee Syrup (250ml)",Bangalore,320,4480,2728643
6394,2024-01-07,"Vanilla Coffee Syrup (250ml)",Delhi,320,5760,2728643
6410,2024-01-07,"Vanilla Coffee Syrup (250ml)",Delhi,320,4480,2728643
6393,2024-01-07,"Vanilla Coffee Syrup (250ml)",Mumbai,320,1920,2728643
6395,2024-01-07,"Vanilla Coffee Syrup (250ml)",Pune,320,4160,2728643
6396,2024-01-07,"Vanilla Coffee Syrup (250ml)",Ahmedabad,320,3840,2728643
6389,2024-01-07,"Vanilla Coffee Syrup (250ml)",Hyderabad,320,3200,2728643
6390,2024-01-07,"Vanilla Coffee Syrup (250ml)",Kanpur,320,4800,2728643
6398,2024-01-07,"Vanilla Coffee Syrup (250ml)",Delhi,320,1920,2728643
6403,2024-01-07,"Vanilla Coffee Syrup (250ml)",Delhi,320,2880,2728643
6401,2024-01-07,"Vanilla Coffee Syrup (250ml)",Lucknow,320,6080,2728643
6402,2024-01-07,"Vanilla Coffee Syrup (250ml)",Pune,320,5120,2728643
6405,2024-01-07,"Vanilla Coffee Syrup (250ml)",Pune,320,6080,2728643
6397,2024-01-07,"Vanilla Coffee Syrup (250ml)",Indore,320,4480,2728643
6409,2024-01-07,"Vanilla Coffee Syrup (250ml)",Pune,320,3200,2728643
6436,2024-01-08,"Vanilla Coffee Syrup (250ml)",Delhi,320,6080,2868163
6432,2024-01-08,"Vanilla Coffee Syrup (250ml)",Mumbai,320,5760,2868163
6415,2024-01-08,"Vanilla Coffee Syrup (250ml)",Surat,320,2560,2868163
6433,2024-01-08,"Vanilla Coffee Syrup (250ml)",Delhi,320,4160,2868163
6440,2024-01-08,"Vanilla Coffee Syrup (250ml)",Pune,320,2560,2868163
6418,2024-01-08,"Vanilla Coffee Syrup (250ml)",Indore,320,4480,2868163
6429,2024-01-08,"Vanilla Coffee Syrup (250ml)",Delhi,320,5120,2868163
6423,2024-01-08,"Vanilla Coffee Syrup (250ml)",Kolkata,320,3520,2868163
6411,2024-01-08,"Vanilla Coffee Syrup (250ml)",Mumbai,320,5440,2868163
6419,2024-01-08,"Vanilla Coffee Syrup (250ml)",Kanpur,320,2560,2868163
6412,2024-01-08,"Vanilla Coffee Syrup (250ml)",Delhi,320,5120,2868163
6420,2024-01-08,"Vanilla Coffee Syrup (250ml)",Indore,320,2560,2868163
6435,2024-01-08,"Vanilla Coffee Syrup (250ml)",Delhi,320,6400,2868163
6445,2024-01-08,"Vanilla Coffee Syrup (250ml)",Surat,320,3200,2868163
6439,2024-01-08,"Vanilla Coffee Syrup (250ml)",Nagpur,320,2880,2868163
6441,2024-01-08,"Vanilla Coffee Syrup (250ml)",Pune,320,1600,2868163
6416,2024-01-08,"Vanilla Coffee Syrup (250ml)",Jaipur,320,2880,2868163
6417,2024-01-08,"Vanilla Coffee Syrup (250ml)",Delhi,320,4160,2868163
6427,2024-01-08,"Vanilla Coffee Syrup (250ml)",Ahmedabad,320,5120,2868163
6422,2024-01-08,"Vanilla Coffee Syrup (250ml)",Chennai,320,4160,2868163
6442,2024-01-08,"Vanilla Coffee Syrup (250ml)",Chennai,320,3840,2868163
6438,2024-01-08,"Vanilla Coffee Syrup (250ml)",Chennai,320,2560,2868163
6434,2024-01-08,"Vanilla Coffee Syrup (250ml)",Chennai,320,3840,2868163
6425,2024-01-08,"Vanilla Coffee Syrup (250ml)",Chennai,320,6400,2868163
6430,2024-01-08,"Vanilla Coffee Syrup (250ml)",Pune,320,4160,2868163
6437,2024-01-08,"Vanilla Coffee Syrup (250ml)",Delhi,320,2880,2868163
6426,2024-01-08,"Vanilla Coffee Syrup (250ml)",Jaipur,320,3840,2868163
6424,2024-01-08,"Vanilla Coffee Syrup (250ml)",Pune,320,4800,2868163
6443,2024-01-08,"Vanilla Coffee Syrup (250ml)",Jaipur,320,2560,2868163
6431,2024-01-08,"Vanilla Coffee Syrup (250ml)",Delhi,320,6080,2868163
6428,2024-01-08,"Vanilla Coffee Syrup (250ml)",Bangalore,320,2560,2868163
6421,2024-01-08,"Vanilla Coffee Syrup (250ml)",Bangalore,320,3840,2868163
6413,2024-01-08,"Vanilla Coffee Syrup (250ml)",Bangalore,320,3840,2868163
6444,2024-01-08,"Vanilla Coffee Syrup (250ml)",Bangalore,320,2560,2868163
6414,2024-01-08,"Vanilla Coffee Syrup (250ml)",Bangalore,320,5440,2868163
6449,2024-01-09,"Vanilla Coffee Syrup (250ml)",Bangalore,320,4480,2957123
6468,2024-01-09,"Vanilla Coffee Syrup (250ml)",Bangalore,320,2560,2957123
6457,2024-01-09,"Vanilla Coffee Syrup (250ml)",Bangalore,320,3840,2957123
6458,2024-01-09,"Vanilla Coffee Syrup (250ml)",Pune,320,4480,2957123
6447,2024-01-09,"Vanilla Coffee Syrup (250ml)",Delhi,320,1920,2957123
6452,2024-01-09,"Vanilla Coffee Syrup (250ml)",Ahmedabad,320,4480,2957123
6465,2024-01-09,"Vanilla Coffee Syrup (250ml)",Jaipur,320,1920,2957123
6448,2024-01-09,"Vanilla Coffee Syrup (250ml)",Lucknow,320,6400,2957123
6450,2024-01-09,"Vanilla Coffee Syrup (250ml)",Pune,320,5440,2957123
6464,2024-01-09,"Vanilla Coffee Syrup (250ml)",Pune,320,2560,2957123
6462,2024-01-09,"Vanilla Coffee Syrup (250ml)",Pune,320,3200,2957123
6455,2024-01-09,"Vanilla Coffee Syrup (250ml)",Pune,320,2560,2957123
6446,2024-01-09,"Vanilla Coffee Syrup (250ml)",Pune,320,5120,2957123
6456,2024-01-09,"Vanilla Coffee Syrup (250ml)",Pune,320,2880,2957123
6459,2024-01-09,"Vanilla Coffee Syrup (250ml)",Nagpur,320,2560,2957123
6461,2024-01-09,"Vanilla Coffee Syrup (250ml)",Kolkata,320,4480,2957123
6453,2024-01-09,"Vanilla Coffee Syrup (250ml)",Kanpur,320,6400,2957123
6460,2024-01-09,"Vanilla Coffee Syrup (250ml)",Jaipur,320,4160,2957123
6463,2024-01-09,"Vanilla Coffee Syrup (250ml)",Mumbai,320,5760,2957123
6466,2024-01-09,"Vanilla Coffee Syrup (250ml)",Delhi,320,3200,2957123
6451,2024-01-09,"Vanilla Coffee Syrup (250ml)",Surat,320,3840,2957123
6467,2024-01-09,"Vanilla Coffee Syrup (250ml)",Chennai,320,4160,2957123
6454,2024-01-09,"Vanilla Coffee Syrup (250ml)",Chennai,320,2560,2957123
6484,2024-01-10,"Vanilla Coffee Syrup (250ml)",Chennai,320,1920,3067523
6490,2024-01-10,"Vanilla Coffee Syrup (250ml)",Chennai,320,1920,3067523
6471,2024-01-10,"Vanilla Coffee Syrup (250ml)",Jaipur,320,3840,3067523
6489,2024-01-10,"Vanilla Coffee Syrup (250ml)",Jaipur,320,5760,3067523
6486,2024-01-10,"Vanilla Coffee Syrup (250ml)",Delhi,320,2560,3067523
6495,2024-01-10,"Vanilla Coffee Syrup (250ml)",Jaipur,320,3200,3067523
6491,2024-01-10,"Vanilla Coffee Syrup (250ml)",Kanpur,320,6400,3067523
6469,2024-01-10,"Vanilla Coffee Syrup (250ml)",Jaipur,320,4160,3067523
6472,2024-01-10,"Vanilla Coffee Syrup (250ml)",Jaipur,320,3200,3067523
6479,2024-01-10,"Vanilla Coffee Syrup (250ml)",Jaipur,320,5440,3067523
6475,2024-01-10,"Vanilla Coffee Syrup (250ml)",Jaipur,320,1600,3067523
6496,2024-01-10,"Vanilla Coffee Syrup (250ml)",Pune,320,3840,3067523
6470,2024-01-10,"Vanilla Coffee Syrup (250ml)",Kolkata,320,4160,3067523
6492,2024-01-10,"Vanilla Coffee Syrup (250ml)",Pune,320,4800,3067523
6477,2024-01-10,"Vanilla Coffee Syrup (250ml)",Bangalore,320,6080,3067523
6481,2024-01-10,"Vanilla Coffee Syrup (250ml)",Bangalore,320,6400,3067523
6494,2024-01-10,"Vanilla Coffee Syrup (250ml)",Bangalore,320,5120,3067523
6480,2024-01-10,"Vanilla Coffee Syrup (250ml)",Delhi,320,5440,3067523
6483,2024-01-10,"Vanilla Coffee Syrup (250ml)",Hyderabad,320,6080,3067523
6485,2024-01-10,"Vanilla Coffee Syrup (250ml)",Delhi,320,3520,3067523
6493,2024-01-10,"Vanilla Coffee Syrup (250ml)",Delhi,320,2560,3067523
6482,2024-01-10,"Vanilla Coffee Syrup (250ml)",Hyderabad,320,1920,3067523
6487,2024-01-10,"Vanilla Coffee Syrup (250ml)",Pune,320,1600,3067523
6473,2024-01-10,"Vanilla Coffee Syrup (250ml)",Pune,320,4160,3067523
6474,2024-01-10,"Vanilla Coffee Syrup (250ml)",Delhi,320,2880,3067523
6478,2024-01-10,"Vanilla Coffee Syrup (250ml)",Pune,320,1600,3067523
6488,2024-01-10,"Vanilla Coffee Syrup (250ml)",Ahmedabad,320,4480,3067523
6476,2024-01-10,"Vanilla Coffee Syrup (250ml)",Jaipur,320,5760,3067523
6516,2024-01-11,"Vanilla Coffee Syrup (250ml)",Surat,320,1920,3079683
6518,2024-01-11,"Vanilla Coffee Syrup (250ml)",Pune,320,6080,3079683
6517,2024-01-11,"Vanilla Coffee Syrup (250ml)",Bangalore,320,4160,3079683
